Drug,KW_stat,p_value,p_fdr,significant_fdr
DECITABINE (BRD:BRD-K79254416-001-21-8),15.453808260704818,0.00044080668688672796,0.3115966667629955,False
VER-49009 (BRD:BRD-K38548312-001-01-0),13.878129117259547,0.0009691757803746729,0.3115966667629955,False
LY2603618 (BRD:BRD-K14109347-001-03-4),13.632643348986083,0.0010957440217931214,0.3115966667629955,False
BAY-11-7085 (BRD:BRD-K48684885-001-04-2),12.86034255599472,0.0016121746807871127,0.3115966667629955,False
IDAZOXAN (BRD:BRD-A18696154-003-22-6),12.729044834307993,0.001721563452270926,0.3115966667629955,False
SCH-900776 (BRD:BRD-K75009076-001-02-1),12.120159151193633,0.002334215133576139,0.3115966667629955,False
LEVOBUNOLOL (BRD:BRD-K31812033-003-11-0),12.112358276643988,0.0023433373720851223,0.3115966667629955,False
BNC105 (BRD:BRD-K20468903-001-01-6),11.953886693017125,0.002536567863567627,0.3115966667629955,False
CARVEDILOL (BRD:BRD-A10977446-001-12-1),11.951814058956913,0.0025391979145906133,0.3115966667629955,False
BNTX (BRD:BRD-A55484088-050-02-5),11.547258297258296,0.0031084559703544214,0.3115966667629955,False
VE 821 (BRD:BRD-K26756394-001-02-2),11.525170068027204,0.0031429763872109066,0.3115966667629955,False
PP-2 (BRD:BRD-K95785537-001-23-1),11.30263157894737,0.0035128915069729356,0.3115966667629955,False
PU-H71 (BRD:BRD-K36529613-001-02-6),11.259379509379514,0.003589688838719618,0.3115966667629955,False
ADAVOSERTIB (BRD:BRD-K54256913-001-08-7),11.20310723758999,0.0036921231064262045,0.3115966667629955,False
LY2606368 (BRD:BRD-K20463415-300-01-4),11.183621933621936,0.0037282699741917084,0.3115966667629955,False
BERZOSERTIB (BRD:BRD-K04701033-001-03-9),11.171277997364953,0.003751351894814092,0.3115966667629955,False
ANISOMYCIN (BRD:BRD-K91370081-001-25-1),10.92687747035572,0.004238954013177227,0.3313864637360315,False
CGS-15943 (BRD:BRD-K49049886-001-08-7),10.44202898550725,0.005401846211884512,0.34719612876208783,False
CHROMOCARB (BRD:BRD-K94720315-001-10-4),10.3769632257217,0.005580473704788665,0.34719612876208783,False
TENIPOSIDE (BRD:BRD-K10362825-001-04-2),10.375975748389521,0.005583229680741775,0.34719612876208783,False
LASALOCID (BRD:BRD-A72711497-236-03-8),10.226643990929702,0.006016064352712585,0.34719612876208783,False
VELBAN (BRD:BRD-K06519765-065-01-6),10.225955204216064,0.0060181366021238416,0.34719612876208783,False
NAVITOCLAX (BRD:BRD-K82746043-001-19-3),10.20488821523304,0.006081863655923997,0.34719612876208783,False
CYCLOCYTIDINE (BRD:BRD-K67536197-003-11-4),10.069985569985576,0.006506245059209021,0.34719612876208783,False
CRENOLANIB (BRD:BRD-K22127577-001-03-7),10.025691699604735,0.006651945905152088,0.34719612876208783,False
POZIOTINIB (BRD:BRD-K50010139-001-01-5),9.917620310723763,0.007021277093341085,0.34719612876208783,False
DASATINIB (BRD:BRD-K49328571-001-15-0),9.891225336393685,0.007114554467267298,0.34719612876208783,False
AZD7762 (BRD:BRD-K86525559-001-07-8),9.80483405483406,0.007428606209513939,0.34719612876208783,False
SEPANTRONIUM BROMIDE (BRD:BRD-K76703230-004-04-1),9.685111989459813,0.007886869469939653,0.34719612876208783,False
CHIR-124 (BRD:BRD-K02241333-001-02-7),9.66929824561403,0.007949477125891162,0.34719612876208783,False
CLOFARABINE (BRD:BRD-K34022604-001-06-6),9.593544137022391,0.008256355029930596,0.34719612876208783,False
RAF265 (BRD:BRD-K93123848-001-04-1),9.5686232041008,0.008359876689531084,0.34719612876208783,False
DOVITINIB (BRD:BRD-K85402309-043-01-9),9.408222811671095,0.00905795949282841,0.3647887323020896,False
BIS(MALTOLATO)OXOVANADIUM(IV) (BRD:BRD-K16180792-001-01-7),9.31973827699018,0.009467701278285246,0.3663918144892745,False
ENOCITABINE (BRD:BRD-K32007074-001-02-9),9.281771968046488,0.009649144851109561,0.3663918144892745,False
TPCA-1 (BRD:BRD-K51575138-001-13-2),8.996753246753258,0.011127045269512087,0.389035777969062,False
LAPATINIB (BRD:BRD-K19687926-001-04-1),8.927699886320582,0.011517934425187639,0.389035777969062,False
PALIPERIDONE (BRD:BRD-A99888680-001-03-8),8.892621870882735,0.0117217295236737,0.389035777969062,False
NVP-TAE226 (BRD:BRD-K21025364-001-05-6),8.892496392496398,0.011722464958596619,0.389035777969062,False
DAUNORUBICIN (BRD:BRD-K43389675-001-02-1),8.734331186055314,0.012687150199694183,0.389035777969062,False
STA-5326 (BRD:BRD-K41783120-001-02-8),8.718554411467784,0.012787627133579752,0.389035777969062,False
CYCLOHEXIMIDE (BRD:BRD-K36055864-001-19-2),8.672799422799429,0.01308354805905137,0.389035777969062,False
VERUBULIN (BRD:BRD-K42673188-001-01-1),8.66073781291172,0.013162690792691407,0.389035777969062,False
BENZOYLSTAUROSPORINE (BRD:BRD-K13646352-001-03-8),8.653318903318905,0.01321160787093946,0.389035777969062,False
MELPHALAN (BRD:BRD-K87827419-001-16-8),8.599472990777343,0.013572134861175388,0.389035777969062,False
KI-16425 (BRD:BRD-A25569250-001-03-3),8.544011544011553,0.01395376699050875,0.389035777969062,False
GEFITINIB (BRD:BRD-K64052750-001-22-5),8.53521967769296,0.014015241838183982,0.389035777969062,False
GEMCITABINE (BRD:BRD-K15108141-001-06-6),8.496392496392502,0.014289986265088926,0.389035777969062,False
AUY (BRD:BRD-K41859756-001-06-8),8.385107995452813,0.015107650652773696,0.389035777969062,False
DICHLORVOS (BRD:BRD-K23779958-001-05-8),8.373376623376629,0.015196527796158122,0.389035777969062,False
LACITOL (BRD:BRD-K40787673-001-02-1),8.36222250094067,0.015281516535390838,0.389035777969062,False
XILOBAM (BRD:BRD-K79633074-001-01-8),8.326822916666677,0.0155544041040184,0.389035777969062,False
BRIGATINIB (BRD:BRD-K56981171-001-02-8),8.318845100105364,0.01561657310614037,0.389035777969062,False
AV-412 (BRD:BRD-K23190681-001-01-1),8.263708513708522,0.01605308466584177,0.389035777969062,False
TREQUINSIN (BRD:BRD-K84663978-003-02-9),8.241275231088473,0.01623415998846416,0.389035777969062,False
GSK461364 (BRD:BRD-K92428232-001-10-6),8.191054613935956,0.016646965907016958,0.389035777969062,False
LDN-212854 (BRD:BRD-K59831625-001-01-6),8.186429512516455,0.016685507407250968,0.389035777969062,False
KPT-185 (BRD:BRD-K71467466-001-02-3),8.12779973649539,0.017181881212972806,0.39370207124208373,False
FR-139317 (BRD:BRD-K19318328-001-01-3),8.03289473684211,0.018016858637866683,0.3942367624841866,False
RGFP966 (BRD:BRD-K61688984-001-02-9),7.980223783502471,0.01849764427021073,0.3942367624841866,False
PRALATREXATE (BRD:BRD-A74914197-001-02-9),7.956763925729433,0.018715897869190007,0.3942367624841866,False
CCG-50014 (BRD:BRD-K08893438-001-04-9),7.933621933621936,0.018933717212682066,0.3942367624841866,False
WZ8040 (BRD:BRD-K81728688-001-04-4),7.888167388167389,0.0193689561300073,0.3942367624841866,False
TALAZOPARIB (BRD:BRD-K95142244-001-01-5),7.7985221674876755,0.02025687405060265,0.3942367624841866,False
LY2874455 (BRD:BRD-K17203476-001-01-9),7.769480519480524,0.020553166552999724,0.3942367624841866,False
PIROXICAM (BRD:BRD-A57382968-001-29-0),7.76274509803921,0.020622500354908736,0.3942367624841866,False
TAURINE (BRD:BRD-K51474575-001-10-4),7.73591549295775,0.02090101103128256,0.3942367624841866,False
MRS-1220 (BRD:BRD-K37618799-001-03-0),7.703631365740743,0.021241134240719512,0.3942367624841866,False
TIDEGLUSIB (BRD:BRD-K81330143-001-04-8),7.697363465160073,0.021307807320028457,0.3942367624841866,False
BIIB-057 (BRD:BRD-K53734668-003-02-0),7.680500658761531,0.021488221538564698,0.3942367624841866,False
DICLAZURIL (BRD:BRD-A06426627-001-03-5),7.582653061224477,0.022565647965330074,0.3942367624841866,False
VINDESINE (BRD:BRD-K59753975-001-02-6),7.564558629776016,0.02277073056482046,0.3942367624841866,False
GILTERITINIB (BRD:BRD-K72280606-001-01-2),7.563360881542698,0.02278437145015205,0.3942367624841866,False
EMETINE (BRD:BRD-A25687296-300-04-3),7.50918367346938,0.023410003763032042,0.3942367624841866,False
DACLATASVIR (BRD:BRD-K82861010-001-02-5),7.503759398496243,0.02347358108805045,0.3942367624841866,False
DIHYDROARTEMISININ (BRD:BRD-K62213621-001-01-6),7.478532396565185,0.023771540329918937,0.3942367624841866,False
LITRONESIB (BRD:BRD-K83029223-001-01-3),7.449298976885174,0.024121553828622494,0.3942367624841866,False
CR8-(R) (BRD:BRD-K40331046-305-01-5),7.42160737812911,0.024457858856967836,0.3942367624841866,False
NAN-190 (BRD:BRD-K69195780-004-08-4),7.403163841807907,0.02468444672567868,0.3942367624841866,False
PIK-75 (BRD:BRD-K49371609-003-03-8),7.366271409749672,0.025144006904845948,0.3942367624841866,False
SPIRONOLACTONE (BRD:BRD-K90027355-001-13-3),7.350453514739215,0.02534365800987757,0.3942367624841866,False
DEFACTINIB (BRD:BRD-K43578482-001-01-4),7.337755102040816,0.025505082039179266,0.3942367624841866,False
XANOMELINE (BRD:BRD-K72815923-034-01-2),7.316864295125157,0.025772889153027445,0.3942367624841866,False
NMS-E973 (BRD:BRD-K58770988-001-01-8),7.31673881673882,0.025774506174023305,0.3942367624841866,False
DROSPIRENONE (BRD:BRD-K04394237-001-03-7),7.289004404014165,0.026134416276332593,0.3942367624841866,False
GOLGICIDE-A (BRD:BRD-A57886255-001-01-1),7.27997364953886,0.026252689848651253,0.3942367624841866,False
NIRAPARIB (BRD:BRD-K54955827-001-02-2),7.215729958516703,0.027109664819812217,0.3942367624841866,False
IBRUTINIB (BRD:BRD-K70301465-001-05-9),7.179765062523671,0.027601572554720368,0.3942367624841866,False
AB1010 (BRD:BRD-K71035033-001-07-1),7.1721074380165195,0.02770745636920606,0.3942367624841866,False
VINFLUNINE (BRD:BRD-K64120610-001-01-4),7.15876152832675,0.027892965232191314,0.3942367624841866,False
BREQUINAR (BRD:BRD-K96123349-236-02-8),7.154641909814316,0.02795047863314285,0.3942367624841866,False
METHYLPHENIDATE (BRD:BRD-A19585813-003-03-3),7.112815596037066,0.02854116642266668,0.3942367624841866,False
AZD8330 (BRD:BRD-K37687095-001-06-9),7.105401844532281,0.02864716131399783,0.3942367624841866,False
FLUROXENE (BRD:BRD-K56908511-001-01-2),7.056738849385905,0.02935273871801276,0.3942367624841866,False
CABAZITAXEL (BRD:BRD-K06858286-001-01-3),7.042819499341249,0.029557736772968572,0.3942367624841866,False
FILANESIB (BRD:BRD-K37379014-001-02-0),7.0345964380447015,0.029679514488457907,0.3942367624841866,False
PHENELZINE (BRD:BRD-K87024524-065-17-7),7.017979591836724,0.029927131682141363,0.3942367624841866,False
DOCETAXEL (BRD:BRD-K30577245-001-05-0),7.017885562713133,0.029928538726198706,0.3942367624841866,False
INIPARIB (BRD:BRD-K11153516-001-05-5),6.97558895550113,0.03056821676111513,0.3942367624841866,False
BI-2536 (BRD:BRD-K64890080-001-13-8),6.963768115942031,0.03074942272824544,0.3942367624841866,False
ZARDAVERINE (BRD:BRD-K37561857-001-15-5),6.946608946608947,0.031014374968836918,0.3942367624841866,False
IDRONOXIL (BRD:BRD-K74671368-001-01-8),6.941197691197701,0.03109840194261995,0.3942367624841866,False
SB-218078 (BRD:BRD-A06352508-001-03-7),6.922965850841111,0.031383188566321496,0.3942367624841866,False
SELINEXOR (BRD:BRD-K21361524-001-01-1),6.915223665223678,0.031504911249792676,0.3942367624841866,False
GSK-J4 (BRD:BRD-K98203492-003-04-1),6.902503293807641,0.03170592690688799,0.3942367624841866,False
AMG-337 (BRD:BRD-K27061362-001-01-6),6.895994469306764,0.031809279148006415,0.3942367624841866,False
PRAZOSIN (BRD:BRD-K49111258-003-29-7),6.888435374149658,0.03192973131594757,0.3942367624841866,False
AZ20 (BRD:BRD-K42436189-001-01-2),6.878427128427134,0.03208991206218644,0.3942367624841866,False
OLVEREMBATINIB (BRD:BRD-K35329391-334-01-7),6.8632756132756185,0.03233394064016278,0.3942367624841866,False
CGP-52411 (BRD:BRD-K13087974-001-02-5),6.788961038961048,0.0335579823630644,0.40264355302071675,False
FLUDARABINE-PHOSPHATE (BRD:BRD-K71106091-001-06-1),6.784710899285081,0.03362937124552262,0.40264355302071675,False
CEPHALOMANNINE (BRD:BRD-K68904758-001-03-5),6.757575757575751,0.03408874939871518,0.4044995352758257,False
IXAZOMIB (BRD:BRD-K78659596-001-03-9),6.736495388669297,0.03444995132865482,0.4051680116440907,False
GAMBOGIC-ACID (BRD:BRD-K08542803-001-02-3),6.712656309208015,0.03486303589040612,0.4059726595122695,False
YM-976 (BRD:BRD-K12932420-001-02-3),6.692857142857136,0.035209879384359044,0.4059726595122695,False
GENZ-644282 (BRD:BRD-K99475619-001-01-2),6.653318903318905,0.03591287360030123,0.4059726595122695,False
OLAPARIB (BRD:BRD-K02113016-001-19-6),6.647176960970057,0.036023330518115126,0.4059726595122695,False
NSC-632839 (BRD:BRD-K81197548-003-01-4),6.644548872180451,0.0360706978882624,0.4059726595122695,False
KPT-276 (BRD:BRD-K75352575-001-01-3),6.628458498023704,0.03636206387620714,0.4059726595122695,False
BIIB021 (BRD:BRD-K51967704-001-03-6),6.581811292156118,0.03722012586671364,0.4059726595122695,False
SODIUM-STIBOGLUCONATE (BRD:BRD-A60786380-412-01-5),6.542929292929301,0.037950801841719325,0.4059726595122695,False
ISPINESIB (BRD:BRD-K64881305-001-03-7),6.541341417203498,0.03798094438429853,0.4059726595122695,False
CINROMIDE (BRD:BRD-K66241279-001-01-8),6.539130434782611,0.038022955201495796,0.4059726595122695,False
VENETOCLAX (BRD:BRD-K62391742-001-09-7),6.533758338258878,0.03812522398217822,0.4059726595122695,False
VU0364770 (BRD:BRD-K66527818-001-02-6),6.53003766478342,0.038196215750809705,0.4059726595122695,False
METHSCOPOLAMINE (BRD:BRD-A03932035-004-04-3),6.51473922902494,0.038489507222382216,0.4059726595122695,False
PEPSTATIN (BRD:BRD-K13571841-001-14-4),6.490350877192981,0.03896172836671301,0.4077176141682015,False
DESOXYCORTONE (BRD:BRD-K98521173-001-19-4),6.452795933188098,0.03970024315113385,0.41220018084263194,False
PPT (BRD:BRD-K00312224-001-09-5),6.369769119769131,0.04138302278616466,0.42074341307929725,False
UK-383367 (BRD:BRD-K06294530-001-01-5),6.3692977474919505,0.0413927773404698,0.42074341307929725,False
ATORVASTATIN (BRD:BRD-K69726342-238-02-4),6.36543367346939,0.04147282702286527,0.42074341307929725,False
TEMOCAPRIL (BRD:BRD-K10784860-003-02-3),6.337216431637035,0.04206209854726496,0.42142551323784344,False
PHENYLMERCURIC-ACETATE (BRD:BRD-K74193284-001-04-8),6.331890331890335,0.0421742612946826,0.42142551323784344,False
BIBU-1361 (BRD:BRD-K49294207-300-03-8),6.312409812409825,0.042587056657495216,0.4223746141627697,False
TACALCITOL (BRD:BRD-K73237276-001-01-0),6.24489795918368,0.044049160723702574,0.43363951556889424,False
HYODEOXYCHOLIC-ACID (BRD:BRD-K44009692-001-02-3),6.222581510081507,0.04454342357004544,0.4352809553278705,False
AMMONIUM-LACTATE (BRD:BRD-M29182745-001-01-4),6.20067567567567,0.04503398563896747,0.4353721651912848,False
CHLORQUINALDOL (BRD:BRD-K90374350-001-09-2),6.192411050198855,0.04522046518201977,0.4353721651912848,False
WP1130 (BRD:BRD-K43644456-001-04-0),6.178524374176547,0.04553553872203806,0.4353721651912848,False
COPANLISIB (BRD:BRD-K24666289-001-04-9),6.137893141341408,0.04647008202959236,0.43808894844740276,False
KW-2449 (BRD:BRD-K21718444-001-06-8),6.1237455779366226,0.046799966635834425,0.43808894844740276,False
HEXAMINOLEVULINATE (BRD:BRD-K73753850-003-01-6),6.123376623376629,0.046808600962777426,0.43808894844740276,False
SNX 2112 (BRD:BRD-K71281111-001-04-3),6.064935064935071,0.0481965646895044,0.44560426337707054,False
CP-724714 (BRD:BRD-K76908866-001-07-6),6.031800298466962,0.04900170677998825,0.44560426337707054,False
CLENBUTEROL (BRD:BRD-A75726477-003-21-3),6.020318575191265,0.049283827832762,0.44560426337707054,False
PUROMYCIN (BRD:BRD-A28970875-300-04-9),6.01262626262627,0.049473746130412936,0.44560426337707054,False
PTC-209 (BRD:BRD-K83834509-001-01-1),6.01262626262627,0.049473746130412936,0.44560426337707054,False
DOLASTATIN-10 (BRD:BRD-K78567475-001-01-4),6.006587615283266,0.04962334911949318,0.44560426337707054,False
NERATINIB (BRD:BRD-K85606544-001-09-1),5.981129215611958,0.05025905205813096,0.4482837596325909,False
TOFOGLIFLOZIN (BRD:BRD-K96344439-002-02-7),5.955233768692024,0.05091402340938729,0.4494419719749212,False
BARASERTIB (BRD:BRD-K31928526-001-02-1),5.948730579765069,0.05107984461156963,0.4494419719749212,False
TOPOTECAN (BRD:BRD-K55696337-003-24-4),5.936100131752298,0.05140344600465615,0.4494419719749212,False
RUBITECAN (BRD:BRD-K79821389-001-03-5),5.9097496706192345,0.05208517939334661,0.45242616610299113,False
NMS-1286937 (BRD:BRD-K83699324-001-01-1),5.868367346938783,0.0531741090298406,0.45805978214965754,False
CYT-997 (BRD:BRD-K23363278-001-02-1),5.859025032938078,0.05342307466756728,0.45805978214965754,False
BARICITINIB (BRD:BRD-K53581288-001-02-9),5.827404479578391,0.05427442053217988,0.4599468822388273,False
GANETESPIB (BRD:BRD-K38852836-001-02-1),5.825161045850706,0.054335335223096984,0.4599468822388273,False
CLONAZEPAM (BRD:BRD-K38183498-001-02-0),5.804875283446719,0.05488925650335265,0.46169507527187137,False
KW-2478 (BRD:BRD-K41213548-001-02-0),5.7621870882740325,0.05607341054518555,0.4636579055560188,False
KIFUNENSINE (BRD:BRD-K02898090-001-02-7),5.7601809954751175,0.056129682994959296,0.4636579055560188,False
HESPERADIN (BRD:BRD-K58122457-001-02-2),5.758771929824562,0.05616924213282094,0.4636579055560188,False
RO-9187 (BRD:BRD-K57284066-001-01-6),5.714756258234516,0.057419108571293676,0.46697906762924307,False
NICORANDIL (BRD:BRD-K97752965-001-16-4),5.7043795620437985,0.05771779306342207,0.46697906762924307,False
TG-100713 (BRD:BRD-K46392623-001-02-5),5.700922266139642,0.057817653094751946,0.46697906762924307,False
MIBEFRADIL (BRD:BRD-K09549677-300-03-4),5.683192080250894,0.05833249063282867,0.46697906762924307,False
PACLITAXEL (BRD:BRD-K62008436-001-23-9),5.628609321712773,0.05994638732115817,0.46697906762924307,False
AZD8931 (BRD:BRD-K98572433-001-02-9),5.626862026862028,0.059998782212099894,0.46697906762924307,False
GOLVATINIB (BRD:BRD-K69001009-001-02-8),5.626449412656314,0.06001116166397356,0.46697906762924307,False
CYPROHEPTADINE (BRD:BRD-K28143534-001-02-2),5.6176870748299175,0.06027465748828226,0.46697906762924307,False
FORODESINE (BRD:BRD-K16505263-003-02-9),5.6084656084656,0.06055320952268599,0.46697906762924307,False
TRIPTOLIDE (BRD:BRD-K39484304-001-16-5),5.604617604617616,0.060669826163658215,0.46697906762924307,False
XL888 (BRD:BRD-A03506276-001-01-5),5.601315789473688,0.0607700691622566,0.46697906762924307,False
RO-4987655 (BRD:BRD-K64538373-001-01-4),5.587662337662337,0.06118634906539806,0.46697906762924307,False
OXALIPLATIN (BRD:BRD-K78960041-001-05-7),5.581890331890335,0.061363188101627913,0.46697906762924307,False
PRT062070 (BRD:BRD-K25835157-001-01-4),5.577733860342548,0.06149084788195451,0.46697906762924307,False
TREMORINE (BRD:BRD-K08619838-300-05-7),5.532467532467535,0.06289844947385125,0.46767553400576445,False
AZOMYCIN-(2-NITROIMIDAZOLE) (BRD:BRD-K26824830-001-02-0),5.5314295977011465,0.06293110018917702,0.46767553400576445,False
DIGOXIGENIN (BRD:BRD-K18619710-001-14-4),5.519762845849797,0.06329927375738603,0.46767553400576445,False
AVL-292 (BRD:BRD-K87782578-001-01-4),5.506744979158768,0.0637126283003219,0.46767553400576445,False
EPOTHILONE-B (BRD:BRD-K68164687-001-01-6),5.461791831357047,0.06516088485077408,0.46767553400576445,False
PRANIDIPINE (BRD:BRD-A68083442-001-01-6),5.456369487033883,0.06533778692543644,0.46767553400576445,False
HOMOHARRINGTONINE (BRD:BRD-K76674262-001-03-3),5.435809018567639,0.06601293909451374,0.46767553400576445,False
TUCATINIB (BRD:BRD-K26026438-001-01-0),5.43364910951118,0.06608426857637643,0.46767553400576445,False
ERLOTINIB (BRD:BRD-K70401845-001-15-7),5.432180083808885,0.06613282615180292,0.46767553400576445,False
BORTEZOMIB (BRD:BRD-K88510285-001-17-8),5.4167108753315745,0.06664632066775755,0.46767553400576445,False
OUABAIN (BRD:BRD-K33277808-331-01-3),5.416666666666671,0.06664779385646813,0.46767553400576445,False
IKK-16 (BRD:BRD-K14618467-001-04-6),5.4057971014492665,0.06701099619631999,0.46767553400576445,False
MEXILETINE (BRD:BRD-A64092382-003-18-3),5.3632756132756185,0.06845095287237785,0.46767553400576445,False
BEXAROTENE (BRD:BRD-K92441787-001-04-1),5.362650290885591,0.06847235817523221,0.46767553400576445,False
BKM120 (BRD:BRD-K42191735-001-05-3),5.354617604617616,0.06874791966518265,0.46767553400576445,False
BF2.649 (BRD:BRD-K21673112-003-01-3),5.3482109227871835,0.06896849579072784,0.46767553400576445,False
CHIDAMIDE (BRD:BRD-K28537285-001-01-8),5.310935441370219,0.0702659661324266,0.46767553400576445,False
ISOFLOXYTHEPIN (BRD:BRD-A07704283-001-01-3),5.308959156785249,0.07033543322131613,0.46767553400576445,False
FLUVASTATIN (BRD:BRD-K66296774-236-11-3),5.303689064558625,0.07052101473179145,0.46767553400576445,False
TILUDRONATE (BRD:BRD-K10845183-304-01-6),5.289338429098573,0.07102884516267309,0.46767553400576445,False
AMSACRINE (BRD:BRD-K68346641-001-01-4),5.286215538847117,0.0711398394399237,0.46767553400576445,False
BX-912 (BRD:BRD-K49669041-001-08-4),5.27994227994229,0.07136332907440332,0.46767553400576445,False
PREDNISOLONE (BRD:BRD-A27887842-001-04-0),5.267256637168151,0.07181741248693321,0.46767553400576445,False
PF-04136309 (BRD:BRD-K94420399-001-01-9),5.265170670037923,0.07189235594344912,0.46767553400576445,False
BMS-754807 (BRD:BRD-K13049116-001-04-0),5.261197423266395,0.0720353209408079,0.46767553400576445,False
TANESPIMYCIN (BRD:BRD-K81473043-001-19-5),5.254035619552852,0.07229373475644052,0.46767553400576445,False
CP-673451 (BRD:BRD-K43621685-001-02-5),5.252184139784941,0.07236069093728646,0.46767553400576445,False
CARIPORIDE (BRD:BRD-K21670884-001-01-9),5.251803751803749,0.07237445481472002,0.46767553400576445,False
AZD3463 (BRD:BRD-K24593301-001-02-3),5.244227994227998,0.07264912034836209,0.46767553400576445,False
VELIPARIB (BRD:BRD-K12737986-001-01-4),5.232366701791362,0.07308125673662737,0.46767553400576445,False
DIHYDROMYRICETIN (BRD:BRD-K01614093-001-02-6),5.232203389830504,0.0730872245019457,0.46767553400576445,False
VATALANIB (BRD:BRD-K70163715-300-05-7),5.2292490118577035,0.07319526792565764,0.46767553400576445,False
HMN-214 (BRD:BRD-K70511574-001-06-9),5.2292490118577035,0.07319526792565764,0.46767553400576445,False
OXIRACETAM (BRD:BRD-K50677762-001-01-5),5.202546296296304,0.07417907711548796,0.46812672178128456,False
TRAMETINIB (BRD:BRD-K12343256-001-14-7),5.194242360379334,0.07448770653322058,0.46812672178128456,False
SAR131675 (BRD:BRD-K38904395-001-02-3),5.185087719298238,0.07482944216244464,0.46812672178128456,False
BINIMETINIB (BRD:BRD-K82244583-001-01-3),5.179365079365084,0.07504385975176756,0.46812672178128456,False
RIGOSERTIB (BRD:BRD-K55187425-236-05-2),5.169344448654783,0.07542079665243383,0.46812672178128456,False
SAVOLITINIB (BRD:BRD-K98028353-001-02-8),5.160411884857534,0.07575840054718361,0.46812672178128456,False
MONENSIN (BRD:BRD-A06627858-236-03-0),5.153418525738227,0.07602376707833043,0.46812672178128456,False
FULVESTRANT (BRD:BRD-A85667082-001-12-7),5.134181415929199,0.07675853388863971,0.46812672178128456,False
AT13387 (BRD:BRD-K58435339-001-03-0),5.133876468359233,0.07677023844512779,0.46812672178128456,False
2-METHOXYESTRADIOL (BRD:BRD-K44408410-001-17-6),5.126190476190473,0.07706583379295698,0.46812672178128456,False
ESTRONE (BRD:BRD-K81839095-001-30-1),5.1155172413793215,0.07747820401533098,0.46812672178128456,False
AR-12 (BRD:BRD-K90497590-001-04-2),5.100649350649348,0.07805631892590073,0.46812672178128456,False
SEVOFLURANE (BRD:BRD-K05638300-001-01-2),5.100288600288607,0.0780703996183716,0.46812672178128456,False
GASTRODIN (BRD:BRD-K81613478-001-01-8),5.097041847041851,0.07819724020725748,0.46812672178128456,False
PIRETANIDE (BRD:BRD-K87990216-001-10-2),5.065789473684205,0.07942876181469812,0.46847737713031273,False
NVP-TAE 684 (BRD:BRD-K50140147-001-10-1),5.058771929824559,0.0797079487397634,0.46847737713031273,False
COSTUNOLIDE (BRD:BRD-K26833429-001-02-8),5.046943024796524,0.0801807744919882,0.46847737713031273,False
ARCYRIAFLAVIN-A (BRD:BRD-K72726508-001-02-1),5.044897959183672,0.08026280389608198,0.46847737713031273,False
PIPERACETAZINE (BRD:BRD-K16277217-001-10-9),5.04419545596015,0.08029100128721459,0.46847737713031273,False
TOSEDOSTAT (BRD:BRD-K92241597-001-06-0),5.04220779220779,0.08037083670858639,0.46847737713031273,False
COBIMETINIB (BRD:BRD-K03390685-001-01-7),5.023039029935575,0.08114484470862121,0.47092357475003316,False
ESTRADIOL-CYPIONATE (BRD:BRD-A91452556-001-04-0),4.999999999999961,0.08208499862390042,0.47257210493278357,False
SULFAMETHAZINE (BRD:BRD-K11640013-236-10-1),4.984177215189882,0.08273698090176747,0.47257210493278357,False
EXATECAN-MESYLATE (BRD:BRD-K92150287-066-01-2),4.9769119769119925,0.08303807939906577,0.47257210493278357,False
BMS-599626 (BRD:BRD-K07106112-003-03-8),4.974681712962964,0.08313072946543065,0.47257210493278357,False
THIOTEPA (BRD:BRD-K09631521-001-12-3),4.9693781717871515,0.08335146563026374,0.47257210493278357,False
TORCETRAPIB (BRD:BRD-K55675242-001-03-0),4.9622665320545085,0.08364837599468414,0.47257210493278357,False
MAPROTILINE (BRD:BRD-K25433859-003-25-4),4.955830388692575,0.08391799606029866,0.47257210493278357,False
RHEOCHRYSIDIN (BRD:BRD-K67772619-001-05-1),4.9104084321475625,0.08584566258681778,0.48050834179196733,False
PD 0325901 (BRD:BRD-K49865102-001-08-4),4.896103896103895,0.08646185473307176,0.48050834179196733,False
PROTIRELIN (BRD:BRD-A16997652-001-02-3),4.895738735592019,0.08647764240185224,0.48050834179196733,False
ETOPOSIDE (BRD:BRD-K37798499-001-27-2),4.882081686429515,0.08707017787782295,0.48050834179196733,False
JK-184 (BRD:BRD-K38860038-001-01-2),4.880591630591638,0.087135071762125,0.48050834179196733,False
PF-03814735 (BRD:BRD-K68747584-001-02-0),4.867259837962974,0.08771784531194188,0.48172320834533366,False
KETOPROFEN (BRD:BRD-A97739905-001-26-5),4.849337728570233,0.08850742215867433,0.4829415266215611,False
FENDILINE (BRD:BRD-A71033472-003-23-9),4.8457470579472615,0.08866646538424447,0.4829415266215611,False
CLOMIFENE (BRD:BRD-K29950728-048-17-4),4.829831932773103,0.08937484909771626,0.4831834524092658,False
SELAMECTIN (BRD:BRD-A58564983-001-04-6),4.827571489543312,0.08947591958926263,0.4831834524092658,False
"L-798,106 (BRD:BRD-K43905307-001-01-2)",4.818181818181827,0.08989698196504742,0.4831834524092658,False
BMS-690514 (BRD:BRD-K76239644-001-02-6),4.797044334975368,0.09085211834255523,0.4831834524092658,False
SUNITINIB (BRD:BRD-K42828737-001-03-3),4.788291019325513,0.09125061839027655,0.4831834524092658,False
EXELBINE (BRD:BRD-K69280563-001-01-8),4.787220026350454,0.09129949586159852,0.4831834524092658,False
CHLORAMBUCIL (BRD:BRD-K29458283-001-29-9),4.7727495312145445,0.09196246580066836,0.4831834524092658,False
A-61603 (BRD:BRD-A83650191-004-02-8),4.7692982456140385,0.09212129717136183,0.4831834524092658,False
BARDOXOLONE-METHYL (BRD:BRD-K69694239-001-02-2),4.747934823796896,0.09311058447036687,0.4831834524092658,False
AZD2858 (BRD:BRD-K85849709-001-01-5),4.744400527009219,0.09327527015933153,0.4831834524092658,False
OTS167 (BRD:BRD-K53417444-003-03-1),4.744400527009219,0.09327527015933153,0.4831834524092658,False
MOLIBRESIB (BRD:BRD-K08109215-001-06-4),4.744384212176858,0.093276031047633,0.4831834524092658,False
CHLORPROPAMIDE (BRD:BRD-K97746869-001-27-0),4.740929705215422,0.0934372816171417,0.4831834524092658,False
PODOPHYLLOTOXIN (BRD:BRD-K47869605-001-32-0),4.710144927536234,0.09488663044270652,0.48507185556835336,False
PHENIRAMINE (BRD:BRD-A23072235-050-18-5),4.707936507936509,0.09499146305786613,0.48507185556835336,False
LY2183240 (BRD:BRD-K37865504-001-04-1),4.702239789196312,0.0952624185879159,0.48507185556835336,False
THIOMERSAL (BRD:BRD-K61443650-236-13-1),4.702239789196312,0.0952624185879159,0.48507185556835336,False
IXABEPILONE (BRD:BRD-K03601870-001-01-2),4.680375180375179,0.0963095698055499,0.48853213080754126,False
IDARUBICIN (BRD:BRD-K69650333-003-14-0),4.661654135338338,0.09721531019073175,0.4912515104314924,False
XL-647 (BRD:BRD-K03765900-001-01-9),4.648237968927617,0.09786963074507495,0.49268461840986594,False
IPATASERTIB (BRD:BRD-K71480163-001-01-4),4.6330508474576195,0.09861563857342752,0.4933943354850738,False
ICI-162846 (BRD:BRD-K11071038-001-01-7),4.62638804764789,0.09894471453986432,0.4933943354850738,False
PARBENDAZOLE (BRD:BRD-K02407574-001-09-7),4.618686868686865,0.09932644448782454,0.4933943354850738,False
EPOTHILONE-A (BRD:BRD-K71823332-001-03-7),4.615283267457187,0.09949562220466499,0.4933943354850738,False
TECASTEMIZOLE (BRD:BRD-K48195801-001-01-6),4.604282022886683,0.10004441801695135,0.4942714927305887,False
PF-477736 (BRD:BRD-K03063480-001-06-6),4.560245310245307,0.10227166180298188,0.5010954831090421,False
DOFETILIDE (BRD:BRD-K86887724-001-10-6),4.556028771531328,0.10248750546198711,0.5010954831090421,False
TASELISIB (BRD:BRD-K44844162-001-01-6),4.55467720685111,0.10255678811562034,0.5010954831090421,False
PERUVOSIDE (BRD:BRD-A72716251-001-01-5),4.539682539682545,0.1033285801434009,0.5012352444969549,False
PARICALCITOL (BRD:BRD-K60585088-001-01-5),4.537082988695891,0.10346297141995525,0.5012352444969549,False
TAMIBAROTENE (BRD:BRD-K36627727-001-05-4),4.5281310129559005,0.10392710838584479,0.5012352444969549,False
SCH-58261 (BRD:BRD-K81225797-001-02-3),4.511443661971838,0.10479787007789637,0.5012352444969549,False
NSC-3852 (BRD:BRD-K13169950-001-14-4),4.51140350877192,0.10479997408393103,0.5012352444969549,False
DALCETRAPIB (BRD:BRD-K18849474-001-04-4),4.510481366459628,0.10484830547039388,0.5012352444969549,False
BEKANAMYCIN (BRD:BRD-K73425385-065-04-8),4.502018978396922,0.10529287886958791,0.5015564014970693,False
XYLAZINE (BRD:BRD-K21565985-001-22-5),4.488896788223487,0.10598598674674382,0.5023554042138093,False
BETA-LAPACHONE (BRD:BRD-K28061410-001-06-6),4.470355731225297,0.10697310132470028,0.5023554042138093,False
FINAFLOXACIN (BRD:BRD-K98384930-003-01-5),4.465643274853806,0.107225451541755,0.5023554042138093,False
DIENOGEST (BRD:BRD-K50853363-001-02-3),4.462493682766587,0.1073944427870649,0.5023554042138093,False
ISTRADEFYLLINE (BRD:BRD-K87774949-001-03-9),4.455882352941174,0.10775004024761642,0.5023554042138093,False
AVN-944 (BRD:BRD-K62196610-001-01-6),4.452709359605905,0.10792112100104558,0.5023554042138093,False
HYOSCYAMINE (BRD:BRD-K40530731-001-11-6),4.4492753623188435,0.10810658059078214,0.5023554042138093,False
TAK-901 (BRD:BRD-K01683783-001-02-6),4.428853754940704,0.10921609051689188,0.5023813946885681,False
AEE788 (BRD:BRD-K40718343-001-02-6),4.425559947299078,0.10939610710797608,0.5023813946885681,False
BIBX-1382 (BRD:BRD-K70914287-300-02-8),4.420443823378357,0.10967630736018869,0.5023813946885681,False
VU0238429 (BRD:BRD-K24187789-001-01-7),4.418313570487484,0.1097931887312654,0.5023813946885681,False
TEPOXALIN (BRD:BRD-K89714990-001-01-5),4.40828625235404,0.11034503657992462,0.5023813946885681,False
BIX-01294 (BRD:BRD-K26818574-305-04-3),4.407647907647913,0.11038026128597585,0.5023813946885681,False
CLOFAZIMINE (BRD:BRD-K56614220-001-19-0),4.389505374799498,0.11138610528614028,0.5052291260248479,False
KIN001-201 (BRD:BRD-K52751261-001-06-1),4.380612244897959,0.11188249363153785,0.5057545375384823,False
CPI-1189 (BRD:BRD-K11073688-001-01-6),4.333333333333329,0.11455884399268802,0.5099710303721339,False
METHOTREXATE (BRD:BRD-K59456551-001-22-6),4.328116710875335,0.11485803913925936,0.5099710303721339,False
MEVASTATIN (BRD:BRD-K94441233-001-13-0),4.323232323232332,0.11513888753631614,0.5099710303721339,False
GS-39783 (BRD:BRD-K75478907-001-02-3),4.318181818181818,0.11543000972664089,0.5099710303721339,False
A-674563 (BRD:BRD-K78177893-001-02-4),4.315789473684205,0.1155681665141398,0.5099710303721339,False
NSC-697923 (BRD:BRD-K20605374-001-05-4),4.309617918313563,0.11592533497131625,0.5099710303721339,False
AS-703026 (BRD:BRD-K89014967-001-04-3),4.299128457749148,0.11653492926759623,0.5099710303721339,False
PONATINIB (BRD:BRD-K44227013-001-06-4),4.298673740053047,0.11656142752706498,0.5099710303721339,False
ICG-001 (BRD:BRD-K94455792-001-01-8),4.29220779220779,0.11693887739667452,0.5099710303721339,False
FLUDARA (BRD:BRD-K66788707-001-14-3),4.275000000000006,0.11794934810730216,0.5099710303721339,False
SALINOMYCIN (BRD:BRD-A28301258-001-03-0),4.262018140589575,0.11871743915034992,0.5099710303721339,False
VOLASERTIB (BRD:BRD-K69776681-001-03-8),4.261727927245147,0.11873466709279325,0.5099710303721339,False
LB42708 (BRD:BRD-K18834913-001-01-1),4.2602108036890485,0.1188247688425305,0.5099710303721339,False
WHI-P154 (BRD:BRD-K07487750-001-03-3),4.251317594397524,0.11935431207387022,0.5099710303721339,False
METARAMINOL (BRD:BRD-K96253961-046-03-1),4.248196248196251,0.11954073056949639,0.5099710303721339,False
MYCOPHENOLATE-MOFETIL (BRD:BRD-K92428153-001-04-4),4.245614035087719,0.11969517006770698,0.5099710303721339,False
CIMETIDINE (BRD:BRD-K34157611-001-16-0),4.244000897062115,0.11979175142739563,0.5099710303721339,False
PP-1 (BRD:BRD-K47598052-001-15-8),4.2258681683633,0.12088276538356751,0.5099710303721339,False
AG-14361 (BRD:BRD-K00615600-001-12-9),4.225729927007297,0.12089112117104504,0.5099710303721339,False
"HYDROXYTACRINE-MALEATE-(R,S) (BRD:BRD-A98299281-050-09-6)",4.219092331768391,0.12129300084598227,0.5099710303721339,False
ALVESPIMYCIN (BRD:BRD-K83988098-001-02-0),4.2040924592648565,0.12220611047198104,0.5099710303721339,False
NIMORAZOLE (BRD:BRD-K79145628-001-05-5),4.201923076923068,0.12233873827814092,0.5099710303721339,False
AJMALINE (BRD:BRD-A48300215-001-04-8),4.200501253132842,0.1224257412644806,0.5099710303721339,False
CCT137690 (BRD:BRD-K03289018-001-02-7),4.196969696969688,0.12264210892744559,0.5099710303721339,False
MARIMASTAT (BRD:BRD-K21396683-001-04-8),4.196969696969688,0.12264210892744559,0.5099710303721339,False
DABRAFENIB (BRD:BRD-K09951645-001-11-8),4.181437264369343,0.12359828219118822,0.5099710303721339,False
K-858 (BRD:BRD-A67748489-001-10-0),4.179824561403507,0.12369798604209097,0.5099710303721339,False
THONZONIUM (BRD:BRD-K13387373-004-14-5),4.172222222222217,0.12416907784775183,0.5099710303721339,False
LY2090314 (BRD:BRD-K78055238-001-01-8),4.170619235836625,0.12426863841162991,0.5099710303721339,False
SUXIBUZONE (BRD:BRD-K78815826-001-14-6),4.165223665223678,0.12460434114173363,0.5099710303721339,False
MK-2461 (BRD:BRD-K56405753-001-02-4),4.153860640301322,0.12531429716087605,0.5099710303721339,False
BUSULFAN (BRD:BRD-K23204545-001-16-4),4.153759398496234,0.12532064084426017,0.5099710303721339,False
METHIAZOLE (BRD:BRD-K02764365-001-13-6),4.149538866930172,0.12558537994122507,0.5099710303721339,False
ALPELISIB (BRD:BRD-K54997624-001-06-0),4.139560439560427,0.12621351789169685,0.5099710303721339,False
GTP-14564 (BRD:BRD-K16664969-001-03-3),4.139051332033792,0.12624565010717234,0.5099710303721339,False
SARAFLOXACIN (BRD:BRD-K08525451-003-05-2),4.131161971830994,0.12674463232661995,0.5104352010972057,False
COLFORSIN-DAPROATE (BRD:BRD-K19388745-003-01-7),4.1167372881355915,0.12766206237499256,0.5123433516129201,False
HA14-1 (BRD:BRD-K18163608-001-05-6),4.111403508771943,0.12800297740122624,0.5123433516129201,False
CURCUMIN (BRD:BRD-K07572174-001-39-4),4.101449275362313,0.12864165121695592,0.5123433516129201,False
RIBAVIRIN (BRD:BRD-K60369935-001-18-3),4.09810827573986,0.12885672666276024,0.5123433516129201,False
FLUBENDAZOLE (BRD:BRD-K86003836-001-10-5),4.088274044795767,0.1294918903740171,0.5123433516129201,False
ALEXIDINE (BRD:BRD-A27883417-300-01-6),4.087662337662337,0.1295315019879166,0.5123433516129201,False
TEROXIRONE (BRD:BRD-A39935389-001-05-9),4.070238095238096,0.13066492622971396,0.51247180165565,False
NOCODAZOLE (BRD:BRD-K12539581-001-23-7),4.06982872200264,0.13069167432891518,0.51247180165565,False
CID-5458317 (BRD:BRD-A08840375-001-01-3),4.067821067821072,0.1308229320411482,0.51247180165565,False
ATIPAMEZOLE (BRD:BRD-K39252998-003-01-5),4.0634920634920775,0.1311064052392182,0.51247180165565,False
ETHACRIDINE-LACTATE-MONOHYDRATE (BRD:BRD-K24715592-406-02-1),4.040412244603285,0.13262812464816712,0.5162093082174276,False
GALETERONE (BRD:BRD-A07986123-001-02-8),4.02994227994229,0.1333242510521594,0.5162093082174276,False
ALVOCIDIB (BRD:BRD-K87909389-003-03-4),4.029935581659714,0.13332469757466098,0.5162093082174276,False
CEBRANOPADOL (BRD:BRD-K48141473-001-01-7),4.010511363636366,0.134625869907477,0.5162093082174276,False
JNJ-7706621 (BRD:BRD-K11636097-001-03-1),4.008771929824562,0.13474300723327992,0.5162093082174276,False
DVD-111 (BRD:BRD-K22520627-001-01-7),4.00426136363636,0.1350472337890965,0.5162093082174276,False
ENTOSPLETINIB (BRD:BRD-K76719364-001-02-5),4.003129890453844,0.13512365656634162,0.5162093082174276,False
NEMORUBICIN (BRD:BRD-K51911221-001-01-2),3.99670619235836,0.13555835106687902,0.5162093082174276,False
KF-38789 (BRD:BRD-A54927599-001-16-9),3.99670619235836,0.13555835106687902,0.5162093082174276,False
HEXAMETHYLENEBISACETAMIDE (BRD:BRD-K04710043-001-17-8),3.964741095480402,0.13774232522583654,0.5230272863575336,False
CD-437 (BRD:BRD-K28907958-001-04-3),3.9545454545454533,0.13844630372403996,0.524202671365382,False
BMS-986020 (BRD:BRD-K23952234-236-01-8),3.941489361702118,0.1393530440229519,0.5261369190525655,False
DU-728 (BRD:BRD-K08859203-001-01-9),3.9279461279461287,0.14029989167450402,0.5267545467290771,False
(+)-CAMPTOTHECIN (BRD:BRD-K37890730-001-15-1),3.9176548089591563,0.14102368775106644,0.5267545467290771,False
GDC-0152 (BRD:BRD-K68938568-001-01-7),3.916305916305916,0.14111883274072431,0.5267545467290771,False
CICLOPIROX (BRD:BRD-K13044802-213-20-7),3.909322033898299,0.14161247278680728,0.5267545467290771,False
NORGESTREL (BRD:BRD-A14886633-001-01-6),3.902813852813845,0.14207404318379446,0.5267545467290771,False
U-0126 (BRD:BRD-K18787491-001-08-6),3.890645586297751,0.14294107549052787,0.5267545467290771,False
ML133 (BRD:BRD-K33743361-003-02-6),3.890645586297751,0.14294107549052787,0.5267545467290771,False
MK-8745 (BRD:BRD-K25279140-001-01-5),3.888167388167389,0.14311830342235063,0.5267545467290771,False
NOREPINEPHRINE (BRD:BRD-K87349682-347-03-8),3.888010540184439,0.14312952777108148,0.5267545467290771,False
AFURESERTIB (BRD:BRD-K25412176-001-01-9),3.883116883116884,0.14348016998941002,0.5267545467290771,False
PF-3845 (BRD:BRD-K68997413-001-05-1),3.8627819548872253,0.14494644096616024,0.5274855417957941,False
LAPPACONITE (BRD:BRD-A05906449-004-01-1),3.856389986824766,0.1454104285303518,0.5274855417957941,False
DEOXYCORTICOSTERONE-ACETATE (BRD:BRD-K24556098-001-16-7),3.854413702239782,0.14555418573914367,0.5274855417957941,False
DIAZOOXONORLEUCINE (BRD:BRD-K38458514-001-01-8),3.8513513513513513,0.1457772254470357,0.5274855417957941,False
VANOXERINE (BRD:BRD-K32501161-300-06-2),3.849143610013172,0.14593823350011215,0.5274855417957941,False
GGTI-298 (BRD:BRD-K19669037-001-01-1),3.8474658869395744,0.14606070683284592,0.5274855417957941,False
BMS-626529 (BRD:BRD-K97883416-001-01-4),3.8329725829725874,0.14712300233786588,0.529439896653996,False
SELUMETINIB (BRD:BRD-K57080016-001-15-9),3.8292293661650736,0.14739861682616898,0.529439896653996,False
SPARFLOXACIN (BRD:BRD-K07612980-001-05-3),3.8162698412698433,0.14835682597943653,0.531437068324997,False
RITODRINE (BRD:BRD-K14003026-003-09-0),3.8109173931091593,0.1487543938426628,0.531437068324997,False
PINDOLOL (BRD:BRD-A97701745-001-16-0),3.79815772462831,0.14970645598799423,0.5334045040430143,False
OMEPRAZOLE (BRD:BRD-A55962179-001-22-1),3.7894736842105274,0.1503578977083765,0.533739484644807,False
NORETHINDRONE (BRD:BRD-K92073408-001-15-7),3.7862068965517226,0.15060369205553248,0.533739484644807,False
POLYDATIN (BRD:BRD-K43236057-001-07-1),3.7633477633477668,0.15233490162558833,0.5375576669791934,False
PINOMETOSTAT (BRD:BRD-K26531771-001-02-2),3.76131221719457,0.15249002291283364,0.5375576669791934,False
MEXENEONE (BRD:BRD-K18613660-001-05-5),3.734848484848496,0.1545211587127101,0.5395356846939471,False
PF-4981517 (BRD:BRD-K78318619-001-02-7),3.728118712273646,0.15504198060258187,0.5395356846939471,False
SATRAPLATIN (BRD:BRD-K42497885-001-01-1),3.723196881091618,0.15542399569055784,0.5395356846939471,False
TYRPHOSTIN-A9 (BRD:BRD-K40255344-001-17-6),3.7226613965744377,0.15546561483355623,0.5395356846939471,False
MOZAVAPTAN (BRD:BRD-A31095847-001-02-3),3.721500721500732,0.15555586355036008,0.5395356846939471,False
TEZACAFTOR (BRD:BRD-K97101532-001-02-8),3.720550847457626,0.15562976033565032,0.5395356846939471,False
BENDAMUSTINE (BRD:BRD-K17068645-003-04-2),3.7171717171717233,0.1558929292117951,0.5395356846939471,False
EVACETRAPIB (BRD:BRD-K16551357-001-03-2),3.7024943310657648,0.15704118777355575,0.5400788154085131,False
ISOPROPYL-MYRISTATE (BRD:BRD-K13409143-001-01-9),3.7004548408057247,0.1572014114397676,0.5400788154085131,False
URIDINE (BRD:BRD-K13050303-001-17-3),3.6957172806229535,0.15757422839989363,0.5400788154085131,False
DOXORUBICIN (BRD:BRD-K92093830-003-30-8),3.691558441558442,0.15790223223881286,0.5400788154085131,False
PD-318088 (BRD:BRD-A57798112-001-03-7),3.681818181818187,0.15867311223579436,0.5400788154085131,False
FOSBRETABULIN (BRD:BRD-K06814349-304-02-7),3.6669571807502734,0.15985652410735243,0.5400788154085131,False
WP1066 (BRD:BRD-K05445342-001-05-3),3.6666666666666714,0.15987974607969352,0.5400788154085131,False
LEVOCETIRIZINE (BRD:BRD-K27184429-300-01-3),3.6646903820816874,0.16003780809952978,0.5400788154085131,False
TRIAPINE (BRD:BRD-K01669786-001-02-2),3.6646903820816874,0.16003780809952978,0.5400788154085131,False
FENOPROFEN (BRD:BRD-A81129465-001-03-8),3.66374269005847,0.1601136593460904,0.5400788154085131,False
FRUQUINTINIB (BRD:BRD-K70504253-001-01-3),3.6551345206517567,0.1608042872925054,0.5410351843335182,False
OSI-420 (BRD:BRD-K73309154-003-02-8),3.648880105401844,0.16130794279305793,0.5413592322524595,False
212631-79-3 (BRD:BRD-K05104363-001-10-0),3.625,0.16324551245395838,0.5444146053013121,False
TERIFLUNOMIDE (BRD:BRD-A42699921-001-03-6),3.6225296442687664,0.16344727427782055,0.5444146053013121,False
MAYTANSINOL-ISOBUTYRATE (BRD:BRD-K15898725-001-01-7),3.6225296442687664,0.16344727427782055,0.5444146053013121,False
PALOMID-529 (BRD:BRD-A50998626-001-02-1),3.61086858347132,0.16440304218839816,0.5462291076709529,False
PRIMAQUINE (BRD:BRD-A55913614-316-09-6),3.6020864919500393,0.1651265307430293,0.5471252374109703,False
LURASIDONE (BRD:BRD-K51143828-003-03-1),3.5976150392816884,0.1654961214741987,0.5471252374109703,False
K-RAS(G12C)-INHIBITOR-6 (BRD:BRD-K26305185-001-02-1),3.5923032407407454,0.16593624670791857,0.5472190369102328,False
PJ-34 (BRD:BRD-K11853856-001-01-7),3.5840643274853834,0.16662122377718883,0.5481178376234752,False
MOMELOTINIB (BRD:BRD-K87737963-001-06-0),3.571392322432555,0.16768028784529906,0.5502397593738332,False
ALBENDAZOLE (BRD:BRD-K79131256-001-17-9),3.5599773242630306,0.16864005927656975,0.5518886883898241,False
NALTREXONE (BRD:BRD-K88172511-003-20-3),3.5555555555555856,0.1690133154060635,0.5518886883898241,False
SID-7969543 (BRD:BRD-A43885598-001-08-1),3.5456140350877234,0.16985553156643354,0.5532794153230152,False
PREDNISOLONE-ACETATE (BRD:BRD-A01643550-001-04-9),3.5386597938144417,0.17044716773957283,0.5538491098432575,False
OXYPHENCYCLIMINE (BRD:BRD-A58193911-003-18-7),3.5324675324675354,0.17097571224301927,0.554157250809767,False
GSK-1070916 (BRD:BRD-K36740062-001-06-6),3.5223665223665392,0.17184141020702906,0.554157250809767,False
TANAPROGET (BRD:BRD-K99604664-001-01-1),3.5162337662337677,0.17236914964899605,0.554157250809767,False
MK 0457 (BRD:BRD-K59369769-001-22-9),3.4983705949223207,0.17391557520940126,0.554157250809767,False
FLUFENAMIC-ACID (BRD:BRD-K44067360-001-30-3),3.498347107438014,0.1739176176410659,0.554157250809767,False
AZACITIDINE (BRD:BRD-K03406345-001-21-1),3.497006441834017,0.17403423940834717,0.554157250809767,False
CHLOROPYRAMINE (BRD:BRD-K83257731-003-23-5),3.488721804511279,0.17475663985943996,0.554157250809767,False
ESTRAMUSTINE (BRD:BRD-A70858459-001-01-7),3.4850701023114823,0.17507601093583264,0.554157250809767,False
BERBERINE (BRD:BRD-K14796088-003-26-8),3.483405483405491,0.17522178901254742,0.554157250809767,False
RIBITOL (BRD:BRD-K49313711-001-05-4),3.480038265306122,0.1755170424781919,0.554157250809767,False
PCI-24781 (BRD:BRD-K12867552-001-04-7),3.4795783926218604,0.17555740486513297,0.554157250809767,False
SU3327 (BRD:BRD-K32730239-001-01-0),3.4749670619235786,0.1759626484888801,0.554157250809767,False
3-DEAZANEPLANOCIN-A (BRD:BRD-K77791657-003-01-7),3.4749670619235786,0.1759626484888801,0.554157250809767,False
ABT-751 (BRD:BRD-K91623615-001-05-0),3.4647392290249286,0.176864811598714,0.5556816421151086,False
BIRINAPANT (BRD:BRD-K71221037-001-01-6),3.455838041431245,0.1776537192837103,0.5568438512454033,False
DIGITOXIGENIN (BRD:BRD-K18518344-001-15-9),3.4433465085638915,0.17876677524589427,0.557943663801227,False
TETRAMETHYLTHIURAM-MONOSULFIDE (BRD:BRD-K36889451-001-01-1),3.4421052631578988,0.17887775640030304,0.557943663801227,False
CAPIVASERTIB (BRD:BRD-K99023089-001-03-7),3.43174603174603,0.17980667808868894,0.557943663801227,False
LOMITAPIDE (BRD:BRD-K92213669-001-01-3),3.431023641851106,0.17987163508269738,0.557943663801227,False
CETRIMONIUM (BRD:BRD-K47079459-004-04-6),3.424242424242408,0.18048254452446463,0.557943663801227,False
TORASEMIDE (BRD:BRD-K30480208-001-18-5),3.4237882653061233,0.1805235330583353,0.557943663801227,False
R406 (BRD:BRD-K20285085-074-04-5),3.4058441558441643,0.18215048772649153,0.5616658890684623,False
GW-843682X (BRD:BRD-K90382497-001-10-7),3.390645586297751,0.1835399740185189,0.5618457793708479,False
OSIMERTINIB (BRD:BRD-K42805893-001-04-9),3.386851079954525,0.18388852635780573,0.5618457793708479,False
JTC-801 (BRD:BRD-K17705806-003-04-4),3.385375494071141,0.18402424807571688,0.5618457793708479,False
GLASDEGIB (BRD:BRD-K34341643-001-01-4),3.379717573913622,0.18454558239635002,0.5618457793708479,False
CYCLOVALONE (BRD:BRD-K59866480-001-07-3),3.3748353096179216,0.18499663286319007,0.5618457793708479,False
PARDOPRUNOX (BRD:BRD-K11851476-003-01-7),3.3741765480895936,0.18505757723189067,0.5618457793708479,False
IXAZOMIB-CITRATE (BRD:BRD-A66419424-001-02-4),3.368686868686865,0.18556622838049422,0.5618457793708479,False
KP-1212 (BRD:BRD-K46690591-001-01-2),3.368421052631575,0.18559089326094977,0.5618457793708479,False
ALMOREXANT (BRD:BRD-K84810405-003-01-1),3.351599469998101,0.18715844245816685,0.565303568242963,False
CILOSTAMIDE (BRD:BRD-K28578425-001-07-0),3.3459595959595987,0.18768696232465404,0.5656144510872227,False
EXEL-2880 (BRD:BRD-K03449891-001-08-6),3.3231906025009437,0.1898358929707199,0.5678162589634244,False
LATREPIRDINE (BRD:BRD-K55703048-001-07-7),3.3173988621997443,0.19038642982356935,0.5678162589634244,False
ZALEPLON (BRD:BRD-K92657060-001-05-7),3.3142857142857167,0.19068301114750127,0.5678162589634244,False
PHA-848125 (BRD:BRD-K60997853-001-02-3),3.3128457749147344,0.1908203465678029,0.5678162589634244,False
RESIQUIMOD (BRD:BRD-K76210423-001-01-6),3.3098005430242226,0.19111111397753824,0.5678162589634244,False
MECHLORETHAMINE (BRD:BRD-K12829205-003-02-8),3.308823529411761,0.19120449586444924,0.5678162589634244,False
PACRITINIB (BRD:BRD-K19034817-001-01-4),3.3048340548340605,0.19158627925433563,0.5678162589634244,False
BI-D1870 (BRD:BRD-A81370665-001-03-6),3.2926136363636322,0.1927604952065098,0.5678162589634244,False
VORELOXIN (BRD:BRD-K23677682-003-01-2),3.284600389863551,0.19353436315170083,0.5678162589634244,False
FOSCARNET (BRD:BRD-K85146014-314-05-4),3.27994227994229,0.19398564064129364,0.5678162589634244,False
OXIPEROMIDE (BRD:BRD-K78096648-001-05-7),3.279314888010532,0.19404650269979323,0.5678162589634244,False
OLEOYLETHANOLAMIDE (BRD:BRD-K66956375-001-11-3),3.274319066147859,0.19453181946675652,0.5678162589634244,False
ZOLMITRIPTAN (BRD:BRD-K54314721-001-10-2),3.2720561092654274,0.19475205259763742,0.5678162589634244,False
GAMMA-AMINOBUTYRIC-ACID (BRD:BRD-K77245796-003-01-6),3.2679802955665007,0.19514934382333032,0.5678162589634244,False
NVP-BVU972 (BRD:BRD-K77943374-001-02-8),3.267857142857139,0.19516136077851762,0.5678162589634244,False
IDOXURIDINE (BRD:BRD-K76634210-001-14-7),3.2669121363078433,0.19525359694980055,0.5678162589634244,False
AFOBAZOLE (BRD:BRD-K37793595-003-01-7),3.2600753295668494,0.19592219462090787,0.5685165865746432,False
TELATINIB (BRD:BRD-K84564571-001-02-4),3.246336004620609,0.1972727475791342,0.5711884129252055,False
NOBILETIN (BRD:BRD-K06753942-001-14-5),3.2329012743798256,0.1986023614040155,0.5722257954045018,False
Y-39983 (BRD:BRD-K56751279-300-01-4),3.2270992366412234,0.19917934712050678,0.5722257954045018,False
D-7193 (BRD:BRD-K32372024-001-01-0),3.2240259740259773,0.19948564761631915,0.5722257954045018,False
MK-5108 (BRD:BRD-K53665955-001-03-0),3.2167325428194857,0.20021444308735392,0.5722257954045018,False
10-DEACETYLBACCATIN (BRD:BRD-K96631475-001-02-4),3.2167325428194857,0.20021444308735392,0.5722257954045018,False
AZD 2171 (BRD:BRD-K86930074-001-05-0),3.2167325428194857,0.20021444308735392,0.5722257954045018,False
RI-1 (BRD:BRD-K79555887-001-01-0),3.2001755926251083,0.20187879300296377,0.5757444547230447,False
VALNEMULIN (BRD:BRD-K33813875-003-01-8),3.1919191919191974,0.20271391169011235,0.5768881983643669,False
THIOCOLCHICOSIDE (BRD:BRD-K26619122-001-02-1),3.1751788798420857,0.20441777963475938,0.5781751298565253,False
KENPAULLONE (BRD:BRD-K37312348-001-15-0),3.171277997364953,0.20481687358017966,0.5781751298565253,False
CEP-33779 (BRD:BRD-K37237504-001-02-7),3.166574381690673,0.20529913037401742,0.5781751298565253,False
ADAROTENE (BRD:BRD-K00152668-001-01-5),3.166353383458649,0.20532181699984484,0.5781751298565253,False
INDISULAM (BRD:BRD-K17610631-001-03-3),3.164039408866998,0.20555950921058858,0.5781751298565253,False
AZ 960 (BRD:BRD-K64888243-001-03-7),3.160807291666672,0.20589197399222176,0.5781751298565253,False
VX-745 (BRD:BRD-K91900765-001-07-6),3.1576733611216383,0.2062148524689719,0.5781751298565253,False
LICOCHALCONE-A (BRD:BRD-K26011976-001-01-0),3.1534914361001256,0.20664649110748648,0.5781751298565253,False
P276-00 (BRD:BRD-K51791723-003-01-7),3.147328533535415,0.2072842443005609,0.5785792044954968,False
GX15-070 (BRD:BRD-K15600710-066-05-8),3.143690791966648,0.20766161064285327,0.5785792044954968,False
SN38 (BRD:BRD-K89561498-001-01-7),3.1317523056653442,0.20890490034738768,0.5808255492922139,False
BROMOSPORINE (BRD:BRD-K44665581-001-01-8),3.127496556473826,0.2093498970584583,0.5808476267029041,False
ENTINOSTAT (BRD:BRD-K77908580-001-09-6),3.1212121212121247,0.21000875459078522,0.5814617392732365,False
LOMEFLOXACIN (BRD:BRD-A75850590-213-01-0),3.101020408163265,0.21213971166442547,0.5861407002121028,False
CIPROFIBRATE (BRD:BRD-A49358627-001-14-6),3.0817042606516267,0.214198498600923,0.5906012544411342,False
STATTIC (BRD:BRD-K17061841-001-03-5),3.064935064935071,0.2160020171967934,0.5943409541501832,False
CMPD-1 (BRD:BRD-K54095730-001-03-1),3.0474308300395165,0.21790078923780157,0.597880292887842,False
GDC-0349 (BRD:BRD-K43187018-001-03-3),3.0447957839262045,0.21818806775816657,0.597880292887842,False
HALOFANTRINE (BRD:BRD-A51964809-003-12-6),3.034255599472985,0.21934097429148883,0.5998027877230219,False
SONIDEGIB (BRD:BRD-K19796430-001-05-6),3.0269124931205167,0.22014777654468679,0.6007728850675333,False
KX2-391 (BRD:BRD-K29968218-001-03-2),3.0162337662337677,0.22132636920216386,0.6017335582668896,False
CHIR-98014 (BRD:BRD-K42973005-001-04-0),3.0129796839729126,0.22168676942158805,0.6017335582668896,False
VLX-600 (BRD:BRD-K89053832-001-01-0),2.998700454840817,0.2232751911216462,0.6017335582668896,False
ATENOLOL-(+/-) (BRD:BRD-A20239487-001-24-9),2.9966882432635815,0.2234999426268249,0.6017335582668896,False
ACETYLSALICYLSALICYLIC-ACID (BRD:BRD-K46585355-001-14-3),2.9914669571532353,0.22408418349022918,0.6017335582668896,False
DARIFENACIN (BRD:BRD-K95773607-004-03-8),2.989898989899004,0.22425993070364839,0.6017335582668896,False
NONOXYNOL-9 (BRD:BRD-K88625236-001-04-2),2.9848484848484844,0.22482695930385094,0.6017335582668896,False
BISINDOLYLMALEIMIDE-IX (BRD:BRD-K06543683-066-02-1),2.9795783926218604,0.22542016993457084,0.6017335582668896,False
ATENOLOL-(-) (BRD:BRD-K44993696-001-12-3),2.976884422110548,0.2257240121693652,0.6017335582668896,False
SMI-4A (BRD:BRD-K70159787-001-01-1),2.9750830564784083,0.22592740949278736,0.6017335582668896,False
AFATINIB (BRD:BRD-K66175015-001-12-4),2.9730579765062544,0.22615628588254344,0.6017335582668896,False
CCMI (BRD:BRD-K16338837-001-02-6),2.9700292397660966,0.2264990292629442,0.6017335582668896,False
NEXTURASTAT-A (BRD:BRD-K70402238-001-02-8),2.9698618307426585,0.22651798904709217,0.6017335582668896,False
ISOXSUPRINE (BRD:BRD-A16700644-003-04-4),2.9670329670329676,0.22683861000128794,0.6017335582668896,False
D-64131 (BRD:BRD-K26997899-001-02-2),2.9487734487734514,0.2289190744907893,0.6032722923028856,False
RIBOCICLIB (BRD:BRD-K36788280-001-01-2),2.945109211775872,0.22933886579817497,0.6032722923028856,False
EXISULIND (BRD:BRD-K37708699-001-01-4),2.944270613107829,0.2294350475949418,0.6032722923028856,False
DOMIPHEN (BRD:BRD-K30431096-004-01-3),2.9421052631578917,0.2296835856980683,0.6032722923028856,False
JIB04 (BRD:BRD-K76180386-001-01-6),2.9393939393939377,0.2299951701339666,0.6032722923028856,False
ADAPALENE (BRD:BRD-K33127281-001-05-6),2.936026936026927,0.2303826934966762,0.6032722923028856,False
AK-55409 (BRD:BRD-K58772419-001-07-0),2.9321475625823297,0.2308299974227981,0.6032722923028856,False
JOSAMYCIN (BRD:BRD-K25837718-001-03-8),2.930241327300143,0.23105011044557472,0.6032722923028856,False
EPINEPHRINE (BRD:BRD-K63126190-003-01-6),2.914285714285711,0.23290075574984503,0.6037028478203013,False
MK-8245 (BRD:BRD-K29656036-001-02-5),2.9123750235804478,0.23312336272081188,0.6037028478203013,False
COMBRETASTATIN-A-4 (BRD:BRD-K61195623-001-01-4),2.9110671936758905,0.23327585542661675,0.6037028478203013,False
VINCRISTINE (BRD:BRD-K12251893-065-04-7),2.9110671936758905,0.23327585542661675,0.6037028478203013,False
CGS-20625 (BRD:BRD-K68103045-001-02-9),2.904410372894189,0.23405358679434013,0.6037028478203013,False
BRUCEANTIN (BRD:BRD-A36057565-001-01-0),2.8998682476943287,0.23458574119093656,0.6037028478203013,False
DMH1 (BRD:BRD-K39381259-001-01-0),2.8994889000376274,0.2346302401865587,0.6037028478203013,False
RITA (BRD:BRD-K00317371-001-06-1),2.897624720236814,0.23484903861782974,0.6037028478203013,False
ILOMASTAT (BRD:BRD-K51662849-001-08-8),2.8926577957190065,0.23543300216735788,0.604035636834785,False
4-HYDROXY-PHENAZONE (BRD:BRD-K49759007-001-11-9),2.8698979591836706,0.23812751306767158,0.6097716086068121,False
ACIPIMOX (BRD:BRD-K63736853-001-04-8),2.8556998556998536,0.23982400722924768,0.6121302425459478,False
CYTOCHALASIN-B (BRD:BRD-K47000838-001-01-6),2.85309617918314,0.24013642261015575,0.6121302425459478,False
MK-2206 (BRD:BRD-K68065987-300-09-1),2.8506493506493484,0.24043038872007882,0.6121302425459478,False
MESORIDAZINE (BRD:BRD-A14395271-074-17-8),2.845637583892617,0.24103363475125664,0.6124927353430595,False
BENDROFLUMETHIAZIDE (BRD:BRD-A80017228-001-25-7),2.838235294117632,0.24192738809127803,0.6135906465139475,False
SB-590885 (BRD:BRD-K78809024-001-05-7),2.8275094696969614,0.24322830867837675,0.6157150899686908,False
OSELTAMIVIR-PHOSPHATE (BRD:BRD-K76011241-001-01-8),2.8192161820480273,0.2442389838492877,0.6169666717920415,False
P 22077 (BRD:BRD-K97714174-001-01-3),2.808551729117035,0.2455447997820312,0.6169666717920415,False
SCLAREOL (BRD:BRD-A23127772-001-02-3),2.808414670215892,0.2455616274088384,0.6169666717920415,False
CINNARAZINE (BRD:BRD-K07220430-001-18-4),2.8056469899787895,0.2459016806758329,0.6169666717920415,False
CNX-774 (BRD:BRD-K48443249-001-01-0),2.804490650494553,0.24604389469509552,0.6169666717920415,False
PIDNARULEX (BRD:BRD-K12787259-001-04-3),2.7864357864357885,0.24827509508309178,0.6212654644179407,False
EPTIFIBATIDE (BRD:BRD-A90547603-001-02-5),2.7820805457168922,0.2488163330764449,0.6212654644179407,False
P5091 (BRD:BRD-K13606314-001-01-3),2.779314888010532,0.24916064148590097,0.6212654644179407,False
PKI-179 (BRD:BRD-A28467416-002-01-0),2.7745310245310293,0.24975733006725812,0.6215870630325581,False
ACALABRUTINIB (BRD:BRD-K64034691-001-01-9),2.768508823777751,0.2505105078357519,0.6218133151773745,False
DIGOXIN (BRD:BRD-A94756469-001-04-7),2.7663265306122327,0.2507840007035912,0.6218133151773745,False
SB-205384 (BRD:BRD-A22707317-001-10-8),2.7573210922787053,0.2519157567078569,0.6223304824635234,False
DANUSERTIB (BRD:BRD-K07881437-001-04-6),2.7572150072150095,0.251929119311795,0.6223304824635234,False
SGI-1027 (BRD:BRD-K61228301-001-01-2),2.747694334650859,0.25313124563163963,0.6235704776118722,False
ROCILETINIB (BRD:BRD-K33610132-001-02-9),2.7458128078817765,0.2533694942892483,0.6235704776118722,False
PD-407824 (BRD:BRD-K82823804-001-04-1),2.7249999999999943,0.25601992640813076,0.627821462914835,False
NARASIN (BRD:BRD-A25608658-001-01-1),2.721500721500732,0.2564682610176054,0.627821462914835,False
GSK-2141795 (BRD:BRD-K38332599-001-01-3),2.7211443728685083,0.25651396114579034,0.627821462914835,False
ZK-93426 (BRD:BRD-K68392338-003-02-0),2.711588541666665,0.2577424957828771,0.6279063281979328,False
DIANHYDROGALACTITOL (BRD:BRD-K68502831-001-01-2),2.710678210678225,0.2578598379763844,0.6279063281979328,False
NILUTAMIDE (BRD:BRD-K23566484-001-15-1),2.709854731056132,0.2579660309977963,0.6279063281979328,False
OXAZEPAM (BRD:BRD-A50049929-001-01-9),2.702003878474465,0.2589806477367785,0.6280326727924382,False
RIMEXOLONE (BRD:BRD-K31627533-001-09-5),2.699468345896922,0.25930918288031046,0.6280326727924382,False
NVP-AEW541 (BRD:BRD-K24696047-001-02-3),2.6984934086628916,0.25943561878333227,0.6280326727924382,False
NAPABUCASIN (BRD:BRD-K22064724-001-01-8),2.686585827965132,0.26098485139329947,0.6306343045485363,False
DICHLOROACETATE (BRD:BRD-M97302542-001-04-4),2.679173867228667,0.26195385056588155,0.631826982580865,False
BAM7 (BRD:BRD-K07442505-001-03-6),2.670388525780694,0.2631070585534655,0.63193121808893,False
ABIRATERONE (BRD:BRD-K50071428-001-03-3),2.6700310559006244,0.2631540891806818,0.63193121808893,False
1-AZAKENPAULLONE (BRD:BRD-K03273112-001-01-8),2.667984189723313,0.2634235476457993,0.63193121808893,False
ESTRAMUSTINE-PHOSPHATE (BRD:BRD-K00077635-304-01-2),2.658227848101279,0.2647117120954806,0.6338772349097185,False
HYDROXYUREA (BRD:BRD-K51747290-001-13-1),2.6511004514672734,0.2656567476890852,0.6349960749618602,False
PD-168393 (BRD:BRD-K17702546-001-03-2),2.637022397891954,0.26753330948847726,0.6383335158172105,False
ER-27319 (BRD:BRD-K11927976-050-02-9),2.6212121212121247,0.2696565786215067,0.6422465824157391,False
CHLOROXINE (BRD:BRD-K17075857-001-18-4),2.6159420289855007,0.270368073139678,0.6427892114537246,False
S-111 (BRD:BRD-K60005752-001-01-9),2.6055643879173327,0.27177461052860563,0.644979388200923,False
FERB-033 (BRD:BRD-K61642990-001-01-0),2.589887374597764,0.2739132886943062,0.6488961865859767,False
ABIRATERONE-ACETATE (BRD:BRD-K24048528-001-02-5),2.585643212508878,0.27449517207554935,0.6489239111033804,False
KYNURENIC-ACID (BRD:BRD-K85872723-001-15-9),2.577678571428568,0.2755904793222241,0.6489239111033804,False
VALRUBICIN (BRD:BRD-K72951360-001-01-4),2.5753968253968367,0.2759050724848148,0.6489239111033804,False
PD-98059 (BRD:BRD-K62810658-001-12-2),2.5724482512491074,0.2763121357571231,0.6489239111033804,False
YM 201636 (BRD:BRD-K48488978-001-05-3),2.57128060263654,0.2764735005978741,0.6489239111033804,False
CIBENZOLINE (BRD:BRD-K34251960-036-01-6),2.5666666666666575,0.27711205238850345,0.6489239111033804,False
INH1 (BRD:BRD-K70177501-003-01-4),2.5597403755509727,0.2780733954363981,0.6489239111033804,False
BOSUTINIB (BRD:BRD-K99964838-001-11-9),2.5594161958568704,0.27811847196365835,0.6489239111033804,False
TEDIZOLID-PHOSPHATE (BRD:BRD-K89121095-001-01-7),2.5579710144927503,0.27831951040551306,0.6489239111033804,False
2'-MECCPA (BRD:BRD-K63932022-001-01-5),2.547527589781104,0.27977661581370217,0.6511788483649916,False
GIVINOSTAT (BRD:BRD-K13810148-311-03-2),2.5375180375180406,0.2811803448875452,0.6532935255208588,False
BHG712 (BRD:BRD-K79259477-001-04-9),2.5340501792114667,0.2816683146150881,0.6532935255208588,False
ZM 447439 (BRD:BRD-K72703948-001-10-1),2.528326745718047,0.2824755239994648,0.6540243404099106,False
M-344 (BRD:BRD-K45528773-001-07-2),2.5210803689064534,0.2835008423821243,0.654122984653272,False
FK-866 (BRD:BRD-K58550667-001-08-7),2.5210685865858267,0.2835025125359554,0.654122984653272,False
GSK923295 (BRD:BRD-K89015388-001-01-7),2.513708513708522,0.2845477341597776,0.6550140650129631,False
SKI-II (BRD:BRD-K20755323-001-05-9),2.5114135206321344,0.28487443911022775,0.6550140650129631,False
SB-216641 (BRD:BRD-K30867024-003-03-3),2.50527009222661,0.2857508373041371,0.6558944089416203,False
ERDAFITINIB (BRD:BRD-K84868168-001-01-0),2.4939179375454015,0.2873773930178237,0.6584906126218754,False
RS-17053 (BRD:BRD-K76840893-003-02-5),2.489459815546766,0.28801868923534446,0.6588241617792991,False
HARRINGTONINE (BRD:BRD-K96358241-001-01-9),2.48344671201815,0.2888859353905691,0.6596725225671244,False
PP-121 (BRD:BRD-K81801188-001-02-8),2.4756258234519066,0.29001781938738663,0.6611212383633565,False
CAL-101 (BRD:BRD-K60866521-001-07-1),2.4681726294510273,0.291100615241969,0.6613450739604168,False
DIRITHROMYCIN (BRD:BRD-K52756523-001-24-7),2.4648692810457553,0.2915818159025001,0.6613450739604168,False
AT-7519 (BRD:BRD-K13390322-001-06-3),2.4646835922698074,0.2916088888945103,0.6613450739604168,False
TEMOPORFIN (BRD:BRD-K63712959-001-01-8),2.438898450946653,0.29539281696710007,0.6682369209878618,False
NAFCILLIN (BRD:BRD-K18574842-236-17-7),2.437135214007774,0.295653355561221,0.6682369209878618,False
ZD-4054 (BRD:BRD-K31553034-001-03-0),2.42423748939779,0.29756614436800494,0.6714183461206766,False
PEXIDARTINIB (BRD:BRD-K54519451-001-02-9),2.4153846153846104,0.29888622162536205,0.6732538788815359,False
FUDOSTEINE (BRD:BRD-K54838207-001-03-8),2.4095238095238187,0.29976336324656966,0.6740871569453318,False
OXPRENOLOL (BRD:BRD-A43671941-003-11-9),2.39807256235828,0.30148461835555723,0.6750509315582031,False
MEPIVACAINE (BRD:BRD-A03216249-003-24-3),2.390763546798028,0.3025884119215439,0.6750509315582031,False
RIBOFLAVIN (BRD:BRD-K70246307-001-04-1),2.388672719412006,0.3029049073962401,0.6750509315582031,False
EKB 569 (BRD:BRD-K08799216-001-05-3),2.388291019325507,0.30296272232773275,0.6750509315582031,False
TANSHINONE-I (BRD:BRD-K34073885-001-09-3),2.3846653671215083,0.303512439178683,0.6750509315582031,False
INDOPROFEN (BRD:BRD-A44090213-001-25-6),2.383116883116884,0.3037475222511704,0.6750509315582031,False
TAS-103 (BRD:BRD-K09426783-300-01-0),2.383116883116884,0.3037475222511704,0.6750509315582031,False
AC-264613 (BRD:BRD-K81548480-001-01-2),2.3697691197691313,0.3057814769102961,0.6779134016453723,False
GW-788388 (BRD:BRD-K78086729-001-02-7),2.3671487603305743,0.3061823681623225,0.6779134016453723,False
DACOMITINIB (BRD:BRD-K57169635-001-04-5),2.3646456991284595,0.3065658046567861,0.6779134016453723,False
IOWH032 (BRD:BRD-K84892605-001-01-1),2.3544614223731344,0.3081308615171999,0.6798018999612512,False
PIRENPERONE (BRD:BRD-K25224017-001-25-0),2.352437417654798,0.3084428485151501,0.6798018999612512,False
SPERMIDINE (BRD:BRD-K40438880-305-06-6),2.339048032407412,0.3105147060644679,0.6831549546647177,False
GW-405833 (BRD:BRD-K10705233-001-02-2),2.335974344463299,0.3109922856073395,0.6831549546647177,False
CPP (BRD:BRD-K66094457-001-01-5),2.3243145743145845,0.3128106301110952,0.6832083869459193,False
AST-1306 (BRD:BRD-K26838195-075-04-9),2.3192982456140356,0.3135961953334442,0.6832083869459193,False
ZM-306416 (BRD:BRD-K41337261-001-03-0),2.3157015065913353,0.3141606645800182,0.6832083869459193,False
10-HYDROXYCAMPTOTHECIN (BRD:BRD-K63784565-001-06-2),2.314935064935071,0.3142810805615475,0.6832083869459193,False
NEMONAPRIDE (BRD:BRD-M80207679-001-01-5),2.310120790629568,0.3150385094788864,0.6832083869459193,False
NITARSONE (BRD:BRD-K56707426-001-02-0),2.308985132514538,0.3152174482973271,0.6832083869459193,False
ATRASENTAN (BRD:BRD-K16295392-003-01-3),2.308723162235179,0.3152587398030495,0.6832083869459193,False
LADUVIGLUSIB (BRD:BRD-K16189898-003-03-3),2.3071428571428423,0.3155079407394184,0.6832083869459193,False
ENMD-2076 (BRD:BRD-K68488863-001-04-9),2.3040935672514635,0.3159893452187911,0.6832083869459193,False
TIRAPAZAMINE (BRD:BRD-K92968657-001-01-6),2.3030303030302948,0.31615737996368726,0.6832083869459193,False
EPROBEMIDE (BRD:BRD-K17979676-001-01-2),2.289795918367332,0.31825639127554967,0.686513492765437,False
WAY-170523 (BRD:BRD-K36198571-001-02-0),2.283926218708828,0.31919179795880054,0.686513492765437,False
IRINOTECAN (BRD:BRD-K08547377-001-04-4),2.2818870784387997,0.31951740234338794,0.686513492765437,False
LAROTRECTINIB (BRD:BRD-K36574127-001-01-3),2.2804123711340214,0.31975308654763396,0.686513492765437,False
9-AMINOACRIDINE (BRD:BRD-K00535541-001-06-3),2.2662337662337677,0.32202796701776676,0.6897370164916674,False
DARAPLADIB (BRD:BRD-K19085898-001-01-8),2.259740259740269,0.3230752115175132,0.6897370164916674,False
DIPHENYLENEIODONIUM (BRD:BRD-K65814004-003-02-9),2.2587719298245617,0.32323167108674516,0.6897370164916674,False
RIFAMPIN (BRD:BRD-K01507359-001-22-9),2.2575757575757507,0.32342504928683535,0.6897370164916674,False
RS-16566 (BRD:BRD-K80725821-300-02-9),2.2370129870129887,0.3267674596898335,0.6897370164916674,False
TORIN-2 (BRD:BRD-K68174511-001-06-6),2.2370129870129887,0.3267674596898335,0.6897370164916674,False
PR-619 (BRD:BRD-K54395039-001-01-7),2.2370129870129887,0.3267674596898335,0.6897370164916674,False
UNC2250 (BRD:BRD-K01773560-001-02-4),2.2337737347484,0.32729712962457896,0.6897370164916674,False
TACROLIMUS (BRD:BRD-K69608737-001-10-2),2.2303869308917608,0.3278518447603002,0.6897370164916674,False
WZ-3146 (BRD:BRD-K73293050-001-03-1),2.229824561403511,0.32794404465937493,0.6897370164916674,False
MATRINE (BRD:BRD-K25312248-001-01-5),2.2290263319044623,0.3280749580876195,0.6897370164916674,False
ADL5859 (BRD:BRD-K39624409-003-02-6),2.2288842544317014,0.3280982649459152,0.6897370164916674,False
CEFPIRAMIDE (BRD:BRD-K92872987-001-02-9),2.227560050568893,0.32831557137239,0.6897370164916674,False
TETRAHYDROURIDINE (BRD:BRD-A86248581-001-01-4),2.2206085753803513,0.32945869559569685,0.6897370164916674,False
COLCHICINE (BRD:BRD-K00259736-001-16-4),2.2195488721804537,0.3296333060674083,0.6897370164916674,False
RS-504393 (BRD:BRD-K87510569-001-02-8),2.214756258234516,0.3304241558382301,0.6897370164916674,False
OXIBENDAZOLE (BRD:BRD-K52075715-001-06-7),2.214756258234516,0.3304241558382301,0.6897370164916674,False
LOVASTATIN (BRD:BRD-K09416995-001-39-9),2.209183673469395,0.3313460979503451,0.6897370164916674,False
CNX-2006 (BRD:BRD-K24869513-001-02-1),2.2071428571428555,0.3316843787764677,0.6897370164916674,False
BICALUTAMIDE (BRD:BRD-A29485665-001-12-8),2.2063375862790218,0.3318179535487401,0.6897370164916674,False
ANGUIDINE (BRD:BRD-K45724504-001-01-6),2.2040816326530575,0.3321924476771143,0.6897370164916674,False
IPRONIAZID (BRD:BRD-K88568253-011-19-9),2.2000000000000117,0.33287108369807766,0.6897370164916674,False
PF-573228 (BRD:BRD-K79239947-001-06-8),2.198077289168083,0.3331912449869454,0.6897370164916674,False
FLUMETHASONE-PIVALATE (BRD:BRD-A50064262-001-04-7),2.1809734513274304,0.33605288832937963,0.6943501863339617,False
DIFLUPREDNATE (BRD:BRD-K33720171-001-01-0),2.178524374176547,0.3364646501121681,0.6943501863339617,False
FENRETINIDE (BRD:BRD-K89085489-001-23-2),2.1729420450350765,0.33740509017380743,0.6952114183581242,False
GSK 1904529A (BRD:BRD-K04833372-001-06-2),2.1684210526315866,0.33816865579204275,0.6957061045628867,False
THIRAM (BRD:BRD-K29254801-001-14-7),2.155388471177943,0.3403794563545639,0.6986750145876699,False
ASP-7487 (BRD:BRD-K86118762-001-01-8),2.1488702290076227,0.34149060391640984,0.6986750145876699,False
MORIN (BRD:BRD-K11590034-002-03-4),2.1478260869565404,0.3416689328123335,0.6986750145876699,False
ESTRADIOL-BENZOATE (BRD:BRD-A74765037-001-01-1),2.1435557107928584,0.3423992396393688,0.6986750145876699,False
SCRIPTAID (BRD:BRD-K22503835-001-11-0),2.14163372859025,0.3427284404159292,0.6986750145876699,False
SU014813 (BRD:BRD-K75911534-001-01-6),2.1414141414141454,0.3427660718669381,0.6986750145876699,False
ANANDAMIDE (BRD:BRD-K42352790-001-05-3),2.1313893653516445,0.34448846145945916,0.7011105134450555,False
PD 173074 (BRD:BRD-K97764662-001-17-3),2.126760563380272,0.34528666922434054,0.7016605250751508,False
RG2833 (BRD:BRD-K02389548-001-02-5),2.1217244294167403,0.3461572197776717,0.702355641350421,False
PETCM (BRD:BRD-A93477898-001-04-2),2.1152832674571727,0.34727384426033897,0.7024763151019643,False
ELACRIDAR (BRD:BRD-K88807631-001-01-3),2.1152832674571727,0.34727384426033897,0.7024763151019643,False
LENALIDOMIDE (BRD:BRD-A17883755-001-06-1),2.110013175230563,0.3481901335559977,0.703175056352322,False
BIBR-1532 (BRD:BRD-K04623885-001-07-5),2.099472990777329,0.3500299714717015,0.703175056352322,False
AMISULPRIDE (BRD:BRD-A60197193-001-14-6),2.09933035714286,0.3500549353853665,0.703175056352322,False
GSK256066 (BRD:BRD-K37590257-001-02-8),2.097511312217196,0.35037346304439715,0.703175056352322,False
TRIAMCINOLONE (BRD:BRD-K77554836-001-11-6),2.090471797575119,0.35160886548902665,0.703175056352322,False
NIACIN (BRD:BRD-K60237333-001-27-1),2.0849557522123856,0.3525799492349524,0.703175056352322,False
BAFETINIB (BRD:BRD-A75975749-001-01-4),2.084839924670436,0.3526003690606718,0.703175056352322,False
VINCAMINE (BRD:BRD-K89704198-001-12-3),2.0836627140974997,0.3528079725941862,0.703175056352322,False
FEDRATINIB (BRD:BRD-K12502280-001-08-0),2.0836627140974997,0.3528079725941862,0.703175056352322,False
CARBOXYPYRIDINE-DISULFIDE (BRD:BRD-K26530649-001-01-6),2.082437275985669,0.3530242110020049,0.703175056352322,False
NIZOFENONE (BRD:BRD-K84011460-051-01-7),2.080086580086587,0.3534393812214831,0.703175056352322,False
FLOXURIDINE (BRD:BRD-A03757454-001-03-4),2.0705570291777207,0.3551274589717589,0.7041742737549734,False
SAXAGLIPTIN (BRD:BRD-A81513827-001-03-6),2.065601503759396,0.35600847156594073,0.7041742737549734,False
PIPERAZINE (BRD:BRD-K13249881-001-02-3),2.0628986797211133,0.35648991093153215,0.7041742737549734,False
ALISERTIB (BRD:BRD-K75295174-001-05-0),2.062582345191032,0.35654630042512714,0.7041742737549734,False
BENZYDAMINE (BRD:BRD-K28542495-003-13-5),2.0580847723704907,0.35734899911083023,0.7041742737549734,False
SB-228357 (BRD:BRD-K15424032-001-03-6),2.0559160305343425,0.35773670814527864,0.7041742737549734,False
GW-583340 (BRD:BRD-K79930101-300-03-7),2.055194805194816,0.3578657357977802,0.7041742737549734,False
CYROMAZINE (BRD:BRD-K36711084-001-02-0),2.0534150612959827,0.3581843322117059,0.7041742737549734,False
CINACALCET (BRD:BRD-K73838513-003-05-5),2.0463433118605536,0.359453068861321,0.7041742737549734,False
MK-0812 (BRD:BRD-K14175878-001-01-6),2.0456621004566142,0.3595755214790116,0.7041742737549734,False
CLOPAMIDE (BRD:BRD-A85651701-001-19-7),2.040522322548283,0.36050077903521033,0.7041742737549734,False
SPERMINE (BRD:BRD-K18375018-376-02-3),2.032106782106794,0.36202087935138877,0.7041742737549734,False
BMS-345541 (BRD:BRD-K13566078-001-02-3),2.02994227994229,0.36241288892799667,0.7041742737549734,False
MPI-0479605 (BRD:BRD-K45551181-001-02-1),2.0271929824561425,0.36291142192560955,0.7041742737549734,False
TIPIFARNIB (BRD:BRD-K62965247-001-04-9),2.021284271284273,0.36398517665782376,0.7041742737549734,False
LCL-161 (BRD:BRD-K08248804-001-01-8),2.021284271284273,0.36398517665782376,0.7041742737549734,False
MITOXANTRONE (BRD:BRD-K21680192-300-14-4),2.0210526315789465,0.3640273358087419,0.7041742737549734,False
NOMEGESTROL-ACETATE (BRD:BRD-K27351809-001-09-5),2.020026702269686,0.36421411686727595,0.7041742737549734,False
BAY-K-8644-(S)-(-) (BRD:BRD-K14329163-001-03-9),2.0168970814132017,0.36478448906125555,0.7041742737549734,False
KY02111 (BRD:BRD-K13302470-001-02-7),2.01527777777777,0.365079957082868,0.7041742737549734,False
DEXRAZOXANE (BRD:BRD-K07265709-003-05-6),2.0114661654135304,0.3657763921463761,0.7041742737549734,False
TETRAHYDROPAPAVERINE (BRD:BRD-A91831168-003-02-5),2.0113570601852007,0.36579634674905065,0.7041742737549734,False
IBUTILIDE (BRD:BRD-A74391928-051-01-3),2.008956916099777,0.3662355922285043,0.7041742737549734,False
DIPHEMANIL (BRD:BRD-K93441486-067-12-8),2.006651017214405,0.3666580868611299,0.7041742737549734,False
TOCERANIB (BRD:BRD-K62040061-011-02-7),1.99876581302066,0.36810652723903353,0.7059358942289691,False
OXYQUINOLINE (BRD:BRD-K66808046-065-03-7),1.9907773386034222,0.3695797723133432,0.7059945877667806,False
PQ-401 (BRD:BRD-K67537649-001-04-5),1.9811320754716955,0.3713664241082838,0.7059945877667806,False
DIAVERIDINE (BRD:BRD-K97464279-001-03-5),1.980525751072954,0.37147902543755984,0.7059945877667806,False
D-SERINE (BRD:BRD-K71822263-001-03-2),1.9803773584905588,0.3715065888260428,0.7059945877667806,False
AZD2461 (BRD:BRD-K85014146-001-02-5),1.978195488721802,0.37191209947620885,0.7059945877667806,False
CALCITRIOL (BRD:BRD-K27316855-001-13-3),1.9755102040816297,0.3724117797712092,0.7059945877667806,False
COLFOSCERIL-PALMITATE (BRD:BRD-A95886749-001-03-5),1.975284762518802,0.3724537606840487,0.7059945877667806,False
TIVANTINIB (BRD:BRD-K33379087-001-07-5),1.9744979158772225,0.3726003215077503,0.7059945877667806,False
CRIZOTINIB (BRD:BRD-K78431006-001-15-1),1.9727927245168644,0.37291813439599697,0.7059945877667806,False
TAK-733 (BRD:BRD-K26667523-001-02-5),1.9677206851119848,0.37386506233867633,0.7067804663557622,False
NAFTIFINE (BRD:BRD-K74141488-003-11-2),1.961791831357047,0.3749750023331659,0.7078718438931498,False
SOBETIROME (BRD:BRD-K85406984-001-01-0),1.9563269054178087,0.37600100876548836,0.7083934377044258,False
METOPROLOL (BRD:BRD-A03623303-045-09-5),1.9523809523809421,0.37674358222580956,0.7083934377044258,False
CEP-37440 (BRD:BRD-K72827473-001-01-0),1.9518140589569128,0.3768503840910677,0.7083934377044258,False
TALMAPIMOD (BRD:BRD-K17555800-003-02-3),1.948444181025367,0.3774858892308248,0.7085858005476924,False
ALFACALCIDOL (BRD:BRD-K49522529-001-02-9),1.9451659451659538,0.37810514049435306,0.7087471533384982,False
ERYTHRITOL (BRD:BRD-K79315489-001-07-8),1.9392461781760715,0.3792259455669999,0.7093751866464686,False
GDC-0879 (BRD:BRD-K67578145-001-09-7),1.9377606882168885,0.3795077183639121,0.7093751866464686,False
OLTIPRAZ (BRD:BRD-K86972824-001-01-4),1.9308803867119044,0.3808155303722608,0.7103666033192514,False
LUCITANIB (BRD:BRD-K31309378-001-01-5),1.9285714285714306,0.38125542780902993,0.7103666033192514,False
HOMOSALATE (BRD:BRD-A34751532-001-06-9),1.9265463917525798,0.38164165144465423,0.7103666033192514,False
REPSOX (BRD:BRD-K80480517-001-02-4),1.919631093544126,0.38296351831786574,0.7110989643440326,False
GSK1292263 (BRD:BRD-K60341624-001-02-2),1.916099773242621,0.38364029904790925,0.7110989643440326,False
GOSSYPOL (BRD:BRD-K19295594-015-14-3),1.916099773242621,0.38364029904790925,0.7110989643440326,False
SB-242235 (BRD:BRD-K19412355-001-01-0),1.9108597285067925,0.384646763116093,0.7112773976150418,False
TEMAZEPAM (BRD:BRD-A93093700-001-02-9),1.9095754806777079,0.38489383331769433,0.7112773976150418,False
NMS-873 (BRD:BRD-K26253904-001-01-5),1.9058441558441643,0.3856125855429894,0.7112773976150418,False
IVOSIDENIB (BRD:BRD-K93073858-001-01-1),1.9044713906782818,0.3858773541613583,0.7112773976150418,False
PF-03758309 (BRD:BRD-K37764012-001-04-1),1.8988095238095326,0.38697129497104155,0.7123058878345072,False
GW-842166 (BRD:BRD-K26823213-001-02-9),1.8947893972403835,0.38774991403788844,0.7127519166754547,False
SIMVASTATIN (BRD:BRD-K22134346-001-24-9),1.888669301712767,0.38893826457265657,0.7131989492856463,False
NICLOSAMIDE (BRD:BRD-K35960502-001-20-0),1.8880105401844531,0.38906639445605234,0.7131989492856463,False
DINACICLIB (BRD:BRD-K13662825-001-07-5),1.8813944676013676,0.3903555713550838,0.7141376959571994,False
BGT226 (BRD:BRD-K29415052-050-04-8),1.8798701298701275,0.3906532016259473,0.7141376959571994,False
AZILSARTAN (BRD:BRD-K81074237-001-02-3),1.8585858585858688,0.3948327863941823,0.7207867762608081,False
INDIPLON (BRD:BRD-K90948141-001-01-4),1.8485889570552123,0.39681127921769044,0.7215638993855357,False
USNIACIN-(+) (BRD:BRD-A12417644-001-07-6),1.8468069398302014,0.3971649990453177,0.7215638993855357,False
CHLORINDANOL (BRD:BRD-K01653460-001-01-1),1.8463197891769443,0.3972617504223314,0.7215638993855357,False
VORINOSTAT (BRD:BRD-K81418486-001-44-2),1.8454717696096878,0.39743022900693165,0.7215638993855357,False
AMG900 (BRD:BRD-K21728777-001-02-3),1.8405483405483523,0.3984097939865934,0.722355547350863,False
AMOXICILLIN (BRD:BRD-K55044200-001-15-3),1.8364512471655279,0.3992267915950508,0.7228506894139272,False
EPINASTINE (BRD:BRD-A98990573-003-01-3),1.8333333333333433,0.3998496543448454,0.7229856453601867,False
FEXINIDAZOLE (BRD:BRD-K37069697-001-01-3),1.8306357025568818,0.4003893415990199,0.7229856453601867,False
ZK-811752 (BRD:BRD-K91825936-001-01-2),1.820158102766797,0.4024924051945529,0.7257970237497434,False
NITROCARAMIPHEN (BRD:BRD-K28453807-003-11-2),1.8156645569620253,0.40339773087372277,0.7264438812075578,False
DCEBIO (BRD:BRD-K89299012-001-06-0),1.8102453102453069,0.40449226901137914,0.7274292632153219,False
TMS (BRD:BRD-K96233303-001-01-9),1.8070987654320987,0.4051291463963418,0.7275900480550516,False
ICOTINIB (BRD:BRD-K31698212-001-02-9),1.791605541972285,0.4082797119425151,0.7322587546175473,False
METRONIDAZOLE (BRD:BRD-K52020312-001-26-8),1.7814625850340229,0.4103555530535654,0.7342042565594377,False
IODODEXETIMIDE (BRD:BRD-A46813902-001-01-6),1.7787653522947635,0.41090933860797985,0.7342042565594377,False
INOSINE (BRD:BRD-K79612754-001-19-1),1.7777777777777857,0.411112290507186,0.7342042565594377,False
CLOBETASOL-PROPIONATE (BRD:BRD-K10799896-001-26-2),1.775531701444618,0.41157424464769077,0.7342042565594377,False
NSC-663284 (BRD:BRD-K03109492-001-02-2),1.7727272727272663,0.4121517647720754,0.7342489214237107,False
LY2157299 (BRD:BRD-K78118466-001-03-3),1.7642857142857098,0.41389504278440026,0.7361085261267251,False
CHLOROGENIC-ACID (BRD:BRD-K47114202-001-14-6),1.7585687382297484,0.4150798493800244,0.7361085261267251,False
AZ-628 (BRD:BRD-K05804044-001-18-5),1.7547619047619065,0.41587067170470915,0.7361085261267251,False
BRILLIANT-GREEN (BRD:BRD-K60348325-065-09-9),1.7540816326530546,0.41601214837342826,0.7361085261267251,False
TERBUTALINE (BRD:BRD-A50157456-065-20-6),1.7535153019024032,0.41612996528961066,0.7361085261267251,False
RN-1734 (BRD:BRD-K95581532-001-01-5),1.751646903820813,0.4165188951446932,0.7361085261267251,False
SECURININE (BRD:BRD-K49071277-001-04-7),1.748114630467576,0.4172551744354568,0.7364304473103879,False
ELAFIBRANOR (BRD:BRD-K03165895-001-01-9),1.7418181052454111,0.41857087329646026,0.7367093261466493,False
"MNS-(3,4-METHYLENEDIOXY-NITROSTYRENE) (BRD:BRD-K42205652-001-02-7)",1.7403508771929808,0.41887805542285683,0.7367093261466493,False
AMBAZONE (BRD:BRD-K11244467-001-08-5),1.7394050971049075,0.41907618552811654,0.7367093261466493,False
ONCRASIN-1 (BRD:BRD-K43449605-001-01-0),1.7366522366522474,0.4196534118217391,0.7367495169235023,False
METHACYCLINE (BRD:BRD-A49035384-003-28-9),1.7299077733860315,0.4210709691545004,0.737290274053137,False
AMINOPURVALANOL-A (BRD:BRD-K07762753-001-04-4),1.7299077733860315,0.4210709691545004,0.737290274053137,False
SC-144 (BRD:BRD-K55305701-001-01-2),1.7249999999999943,0.42210549839216693,0.7373748489644326,False
PHLORIZIN (BRD:BRD-K24601397-001-01-1),1.7244152046783685,0.4222289390985201,0.7373748489644326,False
TIVOZANIB (BRD:BRD-K53414658-001-08-2),1.7213338385752195,0.422879961449647,0.7375426099298962,False
SB-2343 (BRD:BRD-K98795921-001-01-7),1.714756258234516,0.42427301438387877,0.7390024064432174,False
CAPTAMINE (BRD:BRD-K81645907-001-01-1),1.7041950113378732,0.4265193662613682,0.7417790353987065,False
E7449 (BRD:BRD-K05444225-001-01-7),1.7020202020202078,0.426983417667427,0.7417790353987065,False
O6-BENZYLGUANINE (BRD:BRD-K92041145-001-09-5),1.6993672177995531,0.4275501836243828,0.7417939869932177,False
NILOTINIB (BRD:BRD-K81528515-001-13-8),1.695951035781532,0.42828110230904026,0.7420933311195756,False
ADEFOVIR-DIPIVOXIL (BRD:BRD-K96159438-001-06-3),1.6842105263157876,0.4308026151974357,0.7440962607263644,False
FK-3311 (BRD:BRD-K38350380-001-01-8),1.6836219336219358,0.4309294174911452,0.7440962607263644,False
LY2784544 (BRD:BRD-K25630527-001-03-8),1.677865612648219,0.43217148809503736,0.7440962607263644,False
CANERTINIB (BRD:BRD-K50168500-001-07-9),1.677680939749905,0.43221139511808315,0.7440962607263644,False
AZD-8055 (BRD:BRD-K69932463-001-10-6),1.6753246753246742,0.43272089735689867,0.7440962607263644,False
BMS-387032 (BRD:BRD-K43389698-001-09-9),1.6724489795918345,0.4333435316953761,0.7440962607263644,False
IOBENGUANE (BRD:BRD-K43860855-065-11-9),1.6723901098901133,0.4333562872853318,0.7440962607263644,False
CAPECITABINE (BRD:BRD-K61192372-001-08-9),1.6621984398580232,0.4355702355952684,0.7462544562410475,False
BUMETANIDE (BRD:BRD-K38197229-001-29-9),1.6592592592592532,0.4362108159682625,0.7462544562410475,False
PF-04217903 (BRD:BRD-K73319509-001-08-0),1.6571365248226906,0.43667404161136203,0.7462544562410475,False
BVT-948 (BRD:BRD-K68567222-001-01-2),1.6562883546314342,0.4368592678371218,0.7462544562410475,False
AZD5438 (BRD:BRD-K72414522-001-06-7),1.6461038961038952,0.43908952906633014,0.7487358698845029,False
SE-METHYLSELENOCYSTEINE (BRD:BRD-K74227499-001-01-1),1.6432125088841483,0.43972477706901236,0.7487358698845029,False
THIOGUANINE (BRD:BRD-K49350383-001-14-5),1.6419518204215648,0.44000204242272145,0.7487358698845029,False
ORNITHINE (BRD:BRD-A13561534-003-02-0),1.6358901515151558,0.4413376387356427,0.7500482376977866,False
FORMESTANE (BRD:BRD-A26503646-001-16-6),1.6269841269841312,0.4433073028686796,0.7524334680874524,False
ANLOTINIB (BRD:BRD-K36949735-001-01-1),1.6170898067449713,0.4455058488737038,0.753621993532271,False
DRONEDARONE (BRD:BRD-K05524748-003-04-4),1.6163265306122412,0.4456759033119816,0.753621993532271,False
BVD-523 (BRD:BRD-K28965160-001-01-1),1.6139657444005309,0.44620228668423023,0.753621993532271,False
FLI-06 (BRD:BRD-A44500574-001-01-8),1.613636363636374,0.44627577796079554,0.753621993532271,False
CICLOSPORIN (BRD:BRD-A69815203-001-07-6),1.591645408163269,0.45120986998010515,0.7576857277119183,False
CISPLATIN (BRD:BRD-K69172251-001-08-9),1.5905483405483523,0.4514574417425815,0.7576857277119183,False
CYTARABINE (BRD:BRD-K71847383-001-12-5),1.590284435922014,0.4515170165267456,0.7576857277119183,False
AC 220 (BRD:BRD-K93918653-001-08-9),1.5886037109234115,0.4518966139726204,0.7576857277119183,False
PARTHENOLIDE-(-) (BRD:BRD-K34851558-001-02-3),1.5882740447957815,0.4519711076153682,0.7576857277119183,False
TAK-285 (BRD:BRD-K80343549-001-02-6),1.587662337662337,0.4521093657329792,0.7576857277119183,False
FLUOROMETHOLONE (BRD:BRD-A13133631-001-04-0),1.5826530612244767,0.45324315540329196,0.7576857277119183,False
CHLORPYRIFOS (BRD:BRD-K08303368-001-10-0),1.5826530612244767,0.45324315540329196,0.7576857277119183,False
MTPG (BRD:BRD-A28329383-001-02-1),1.5756892620232041,0.45482405323165653,0.7579178489633353,False
ORIDONIN (BRD:BRD-K23925186-001-02-8),1.57180500658761,0.4557082379540687,0.7579178489633353,False
SB-218795 (BRD:BRD-K61097567-001-08-5),1.5692982456140356,0.4562797718670938,0.7579178489633353,False
POSACONAZOLE (BRD:BRD-K06222852-001-03-2),1.5678210678210718,0.4566168995243307,0.7579178489633353,False
DIHYDROERGOCRISTINE (BRD:BRD-K97440753-066-18-1),1.559548898589987,0.45850941676540136,0.7579178489633353,False
LINALOOL (BRD:BRD-A43082461-001-06-3),1.556283905967448,0.45925854300349256,0.7579178489633353,False
RO-90-7501 (BRD:BRD-K58299615-001-03-5),1.5519083969465612,0.4602643878219903,0.7579178489633353,False
AMYGDALIN (BRD:BRD-K03504028-001-07-6),1.5513220821731442,0.4603993375069011,0.7579178489633353,False
PLINABULIN (BRD:BRD-K99498722-001-02-6),1.5507246376811565,0.4605368895749635,0.7579178489633353,False
TIOTIDINE (BRD:BRD-K15071410-001-01-1),1.5480895915678445,0.4611440574364175,0.7579178489633353,False
A-803467 (BRD:BRD-K28570407-001-02-0),1.547058823529413,0.46138178496939997,0.7579178489633353,False
PALMITOYLETHANOLAMIDE (BRD:BRD-K68095457-001-10-1),1.5433320142461422,0.46224232744950045,0.7579178489633353,False
BAN-ORL-24 (BRD:BRD-K47049295-300-01-5),1.5417102966841028,0.46261729270106067,0.7579178489633353,False
TALTIRELIN (BRD:BRD-K93869735-001-01-1),1.5409297052154187,0.46279788549704104,0.7579178489633353,False
BRIVARACETAM (BRD:BRD-K00634421-001-01-0),1.5408432147562507,0.4628178997306075,0.7579178489633353,False
ALOGLIPTIN (BRD:BRD-K83003151-057-02-4),1.5386645962732939,0.4633223262342524,0.7579178489633353,False
AURORA-A-INHIBITOR-I (BRD:BRD-K53561341-001-07-5),1.5303030303030312,0.46526343117428537,0.7579178489633353,False
BALAPIRAVIR (BRD:BRD-K47976015-001-01-2),1.5303030303030312,0.46526343117428537,0.7579178489633353,False
FLUTICASONE-PROPIONATE (BRD:BRD-K62310379-001-10-5),1.5302144249512608,0.4652840440458771,0.7579178489633353,False
MOTESANIB (BRD:BRD-K99616396-001-05-1),1.5295439000124416,0.46544006247556124,0.7579178489633353,False
RO-10-5824 (BRD:BRD-K79684402-300-02-8),1.5291233709600902,0.46553793829930734,0.7579178489633353,False
HEXACHLOROPHENE (BRD:BRD-K99792991-001-34-9),1.5256235827664284,0.4663532935740189,0.7579178489633353,False
NSC-23766 (BRD:BRD-A80213327-305-08-3),1.5249999999999915,0.4664987211828504,0.7579178489633353,False
MEK1-2-INHIBITOR (BRD:BRD-K12244279-001-05-8),1.521284271284273,0.46736621812622325,0.7584001268495124,False
APATINIB (BRD:BRD-K25244359-066-03-4),1.5137085137085222,0.4691399018387512,0.7587651268469962,False
DACARBAZINE (BRD:BRD-K35520305-001-16-9),1.513080684596584,0.46928719480021686,0.7587651268469962,False
BUPHENINE (BRD:BRD-A36267905-003-18-4),1.5109985600079334,0.46977600640144823,0.7587651268469962,False
ACIVICIN (BRD:BRD-K13050541-001-01-9),1.5087719298245617,0.4702993063639084,0.7587651268469962,False
RUCAPARIB (BRD:BRD-K88560311-011-06-3),1.5081490581490593,0.47044579723244906,0.7587651268469962,False
REPAGLINIDE (BRD:BRD-K82846253-001-15-4),1.5000000000000067,0.47236655274101325,0.7609395740518868,False
TC1 (BRD:BRD-A13964793-001-02-6),1.4944649446494516,0.47367565089573127,0.7611061928644162,False
LEUCOVORIN (BRD:BRD-K01825581-399-02-9),1.4890052356020889,0.4749704830617072,0.7611061928644162,False
MEGLITINIDE (BRD:BRD-K51324732-001-01-0),1.4870129870129887,0.4754438484253066,0.7611061928644162,False
RILUZOLE (BRD:BRD-K21283037-001-21-5),1.4855557347092287,0.4757903954833128,0.7611061928644162,False
CYPROTERONE-ACETATE (BRD:BRD-K41141507-001-16-2),1.4834307992202653,0.47629617607184993,0.7611061928644162,False
SB-939 (BRD:BRD-K86797399-001-05-1),1.4828722002635004,0.4764292239246156,0.7611061928644162,False
MEPHENYTOIN (BRD:BRD-A83937277-001-10-5),1.4826640098099297,0.4764788205140664,0.7611061928644162,False
SC-12267 (BRD:BRD-K40797222-001-01-8),1.4768171232457004,0.47787381742461077,0.7624181312812818,False
VX 702 (BRD:BRD-K07736136-001-04-6),1.4683673469387628,0.4798970518146979,0.7637413687183923,False
JZL-184 (BRD:BRD-K45446451-001-05-0),1.4671052631579016,0.48019998252841967,0.7637413687183923,False
MIDODRINE (BRD:BRD-A79981887-003-16-4),1.4647392290249286,0.48076840346261696,0.7637413687183923,False
RALTITREXED (BRD:BRD-K89839824-001-05-3),1.4637681159420168,0.48100190038923574,0.7637413687183923,False
TIOGUANINE (BRD:BRD-K75649340-001-13-1),1.4494331065759525,0.48446186861963514,0.7661053582551958,False
ACDPP (BRD:BRD-K68633617-003-02-9),1.4488304093567166,0.48460788252959597,0.7661053582551958,False
CAPMATINIB (BRD:BRD-K81016934-001-02-0),1.4482697576396084,0.48474374969297807,0.7661053582551958,False
MEFEXAMIDE (BRD:BRD-K20655524-003-12-0),1.4480519480519547,0.4847965434857936,0.7661053582551958,False
BW-180C (BRD:BRD-K57927309-001-01-7),1.4335946754323527,0.4883136580388606,0.7699137156201536,False
PEMETREXED (BRD:BRD-K32842773-380-01-3),1.4333838575217754,0.4883651333843413,0.7699137156201536,False
HYPERICIN (BRD:BRD-K29673530-001-05-4),1.4294871794871806,0.4893175617537916,0.7705012317189444,False
NOVOBIOCIN (BRD:BRD-K85307935-236-09-5),1.4238816738816809,0.49069092161650696,0.7712543895586114,False
PF-00562271 (BRD:BRD-K99545815-001-06-3),1.4227994227994287,0.4909565188612379,0.7712543895586114,False
GW-501516 (BRD:BRD-K14880289-001-02-2),1.4192307692307702,0.49183332775194366,0.771719589825659,False
GSK429286A (BRD:BRD-A10523515-001-07-9),1.4102020202020207,0.49405866681976607,0.7742971323154116,False
LOMEGUATRIB (BRD:BRD-K27955832-001-02-9),1.4072093483858308,0.4947984979235157,0.7745432317318638,False
AZ-10353926 (BRD:BRD-K19540840-001-09-4),1.4020225736486345,0.4960833674601126,0.7746259957984356,False
BIX-02188 (BRD:BRD-K20290250-001-02-1),1.4011544011544004,0.49629875717282423,0.7746259957984356,False
D-4476 (BRD:BRD-K09132007-001-07-5),1.3999409681227741,0.4965999611890648,0.7746259957984356,False
RIOCIGUAT (BRD:BRD-K84783599-001-01-0),1.3889317889317865,0.49934107760757607,0.7774356488025493,False
CHOLECALCIFEROL (BRD:BRD-K62779383-001-05-5),1.3880105401844531,0.4995711392606299,0.7774356488025493,False
CAFFEIC-ACID-PHENETHYL-ESTER (BRD:BRD-K96188950-001-16-9),1.3706777316735816,0.5039194395564481,0.7828306543736502,False
HALOFUGINONE (BRD:BRD-K54247840-004-01-3),1.369501133786855,0.5042159820495444,0.7828306543736502,False
PI 103 (BRD:BRD-K67868012-001-07-6),1.3669301712779856,0.5048645590201117,0.7829229859250041,False
TACEDINALINE (BRD:BRD-K52313696-001-12-3),1.3611974232663755,0.5063137656604255,0.7832013276774515,False
METHOXYFLURANE (BRD:BRD-K06152156-001-01-8),1.3603896103896176,0.5065183103558945,0.7832013276774515,False
VS-4718 (BRD:BRD-K09877029-001-01-2),1.359230324074072,0.5068119953368009,0.7832013276774515,False
TRIAMTERENE (BRD:BRD-K92049597-001-20-8),1.35294117647059,0.5084082114541096,0.7847555319657511,False
TAMOXIFEN (BRD:BRD-K93754473-048-20-2),1.3490948813982488,0.5093868962293051,0.7847653617802867,False
BI-78D3 (BRD:BRD-K73982490-001-02-9),1.3459595959595987,0.5101860591257845,0.7847653617802867,False
TMC-353121 (BRD:BRD-K66097663-001-01-8),1.3459595959595987,0.5101860591257845,0.7847653617802867,False
DEFLAZACORT (BRD:BRD-K96006502-001-02-6),1.3415276558384617,0.5113178697241781,0.7853205315001235,False
SULCONAZOLE (BRD:BRD-A70649075-008-30-8),1.3399209486165944,0.5117288038217509,0.7853205315001235,False
FLUMETHASONE (BRD:BRD-K61496577-001-20-2),1.332829301075266,0.5135465247329871,0.7871315186033486,False
AMG-208 (BRD:BRD-K32285926-001-02-1),1.3307005494505502,0.5140934222330373,0.7871315186033486,False
TAZEMETOSTAT (BRD:BRD-K11215326-001-03-7),1.323444050306342,0.5159620693814484,0.7882559216942786,False
DICYCLOVERINE (BRD:BRD-K68507560-003-24-6),1.3232426303854794,0.5160140345176993,0.7882559216942786,False
ARTESUNATE (BRD:BRD-K54634444-001-05-9),1.3185798591281128,0.5172184656731733,0.7883391057604535,False
PHA 665752 (BRD:BRD-K95435023-001-08-5),1.3114035087719316,0.5190776697134755,0.7883391057604535,False
TYRPHOSTIN-AG-99 (BRD:BRD-K60184833-001-05-6),1.3102453102453069,0.5193783542643061,0.7883391057604535,False
ARCTIGENIN (BRD:BRD-K53523901-001-04-4),1.3089591567852352,0.5197124618148992,0.7883391057604535,False
BUTYLSCOPOLAMINE-BROMIDE (BRD:BRD-A53951045-004-01-6),1.3079365079365033,0.5199782714419585,0.7883391057604535,False
TROVAFLOXACIN (BRD:BRD-K00494077-066-01-9),1.3079365079365033,0.5199782714419585,0.7883391057604535,False
RYUVIDINE (BRD:BRD-K06426971-001-02-7),1.3036890645586254,0.5210837340067218,0.7883391057604535,False
TIPIRACIL (BRD:BRD-K11973162-003-01-8),1.3036890645586254,0.5210837340067218,0.7883391057604535,False
MGCD-265 (BRD:BRD-K56277358-001-07-5),1.302448210922779,0.5214071286406612,0.7883391057604535,False
GSK2830371 (BRD:BRD-K17472821-001-01-2),1.2953310453310403,0.5232659044204895,0.7894343767749841,False
3'-FLUOROBENZYLSPIPERONE (BRD:BRD-K45662124-050-01-5),1.2943722943722915,0.5235168053973445,0.7894343767749841,False
MERIMEPODIB (BRD:BRD-K09372874-001-01-0),1.2928571428571445,0.5239135593043912,0.7894343767749841,False
ACETOPHENAZINE (BRD:BRD-K42938903-332-01-1),1.2897959183673322,0.5247160818322615,0.7897482137656574,False
PLERIXAFOR (BRD:BRD-K33240821-400-02-5),1.2866680716543748,0.5255373395928657,0.790089507148098,False
CGM097 (BRD:BRD-K79584249-001-01-3),1.2842679127725762,0.5261684047379516,0.7901444179624154,False
ESTRADIOL (BRD:BRD-K18910433-001-36-6),1.2753147235905853,0.5285291274293842,0.7922584901962159,False
ENOXIMONE (BRD:BRD-K21152241-001-07-3),1.2744092806204625,0.528768458091831,0.7922584901962159,False
CHROMIUM-PICOLINATE (BRD:BRD-K01029106-001-01-4),1.270215633423184,0.529878355495854,0.7930274036644032,False
LE-135 (BRD:BRD-K06593056-001-04-8),1.2661396574440005,0.5309593423652804,0.7930461967689428,False
LORAZEPAM (BRD:BRD-A11990600-001-03-4),1.258399224117496,0.5330182517022638,0.7930461967689428,False
SKEPINONE-L (BRD:BRD-K83607951-001-02-2),1.2571952595936737,0.5333392158327273,0.7930461967689428,False
12-O-TETRADECANOYLPHORBOL-13-ACETATE (BRD:BRD-K68552125-001-05-3),1.255870104554323,0.5336927115037093,0.7930461967689428,False
EPIANDROSTERONE (BRD:BRD-K42756753-001-01-9),1.2557048040455112,0.5337368231649848,0.7930461967689428,False
SB-366791 (BRD:BRD-K61536336-001-01-7),1.2538200339558523,0.5342400458425309,0.7930461967689428,False
GW-441756 (BRD:BRD-K41312087-001-02-7),1.2535211267605726,0.5343198959061761,0.7930461967689428,False
TILMICOSIN (BRD:BRD-K26634012-001-04-9),1.2499999999999902,0.5352614285189929,0.7930461967689428,False
NIRIDAZOLE (BRD:BRD-K53123955-001-10-5),1.2499999999999902,0.5352614285189929,0.7930461967689428,False
LONAFARNIB (BRD:BRD-K41599323-001-02-3),1.245718050065875,0.5364086374728974,0.7935688519216726,False
PHA-680632 (BRD:BRD-K09443272-001-03-3),1.2442279942279981,0.5368084257920118,0.7935688519216726,False
AMINOGLUTETHIMIDE (BRD:BRD-A25234499-001-19-1),1.2336232555063142,0.5396623419137611,0.7963294118171754,False
4-CHLOROPHENYLGUANIDINE (BRD:BRD-K39160765-003-02-9),1.232432432432428,0.5399837587763487,0.7963294118171754,False
SDZ-WAG-994 (BRD:BRD-K39558284-001-01-2),1.2299077733860315,0.5406658266237183,0.7963294118171754,False
GENIPIN (BRD:BRD-K28824103-001-02-8),1.2246376811594075,0.5420923847064913,0.7963294118171754,False
PICTILISIB (BRD:BRD-K52911425-001-09-8),1.2240259740259773,0.5422582109538248,0.7963294118171754,False
ETP-46464 (BRD:BRD-K24556407-001-02-3),1.2239789196310937,0.5422709689198975,0.7963294118171754,False
LY364947 (BRD:BRD-K06234293-001-04-2),1.2141660684374265,0.5449381188179655,0.7985089205501377,False
GEDATOLISIB (BRD:BRD-K07955840-001-02-3),1.214097496706188,0.5449568028133746,0.7985089205501377,False
IMIQUIMOD (BRD:BRD-K26657438-001-15-2),1.2102396514161253,0.5460089968050489,0.7991695558963765,False
NEFIRACETAM (BRD:BRD-K65678996-001-05-5),1.207272727272732,0.5468195815298098,0.7994754937878077,False
ELTROMBOPAG (BRD:BRD-K40496271-396-01-1),1.2002635046113284,0.5487393336587065,0.8014006312444186,False
ONC201 (BRD:BRD-K58529924-001-01-5),1.1956801818870701,0.549998300399273,0.8023106244501269,False
IVERMECTIN (BRD:BRD-K85554912-001-06-3),1.1930171277997346,0.5507311257903666,0.8023106244501269,False
LERISETRON (BRD:BRD-K62398570-300-01-2),1.1879569504569438,0.5521262885712432,0.8023106244501269,False
NITHIAMIDE (BRD:BRD-K39467894-001-06-7),1.1870915032679716,0.5523652583436447,0.8023106244501269,False
URIC-ACID (BRD:BRD-K01295354-001-02-8),1.1867647058823556,0.552455521479049,0.8023106244501269,False
BAICALIN (BRD:BRD-K49962337-001-02-9),1.1804794152423883,0.5541944241841998,0.8023106244501269,False
DORZOLAMIDE (BRD:BRD-K71075609-003-01-0),1.1794719960523028,0.5544736475510212,0.8023106244501269,False
THIAMINE (BRD:BRD-K95785345-300-14-8),1.178763272301645,0.5546701666899767,0.8023106244501269,False
FELBAMATE (BRD:BRD-K99107520-001-24-1),1.1783107403545356,0.5547956838748432,0.8023106244501269,False
HALCINONIDE (BRD:BRD-A88138582-001-04-8),1.170981144135512,0.5568326282634389,0.8031092103461843,False
ERCALCITRIOL (BRD:BRD-K84163249-001-01-9),1.166305916305916,0.5581358105385609,0.8031092103461843,False
GINKGOLIDE-A (BRD:BRD-A95121829-001-08-9),1.166305916305916,0.5581358105385609,0.8031092103461843,False
FTORAFUR (BRD:BRD-K99383816-001-03-5),1.1661626344085867,0.5581757973498411,0.8031092103461843,False
SRT1720 (BRD:BRD-K95926480-003-03-6),1.164854048964215,0.5585411272150504,0.8031092103461843,False
CANDESARTAN (BRD:BRD-K84091759-001-07-1),1.1633057851239614,0.5589736791348536,0.8031092103461843,False
AZITHROMYCIN (BRD:BRD-K74501079-001-18-1),1.1588345864661633,0.5602247182068067,0.8035231879143628,False
SALVIANOLIC-ACID-B (BRD:BRD-K18898553-001-01-1),1.1579554574638866,0.5604710272359776,0.8035231879143628,False
ENASIDENIB (BRD:BRD-K70601687-001-01-3),1.1501863188714498,0.5626524499805898,0.8057813642502196,False
PD-198306 (BRD:BRD-K88677950-001-03-9),1.1461038961038952,0.5638021155226189,0.8065586776421534,False
OXYMETAZOLINE (BRD:BRD-K16195444-003-26-0),1.1401098901098947,0.565494366726867,0.807630270890558,False
CINALUKAST (BRD:BRD-K53720352-001-03-2),1.1391473843058295,0.565766578027923,0.807630270890558,False
BINDARIT (BRD:BRD-K36467523-001-02-8),1.1316526610644284,0.567890687405992,0.8093539376367391,False
XL388 (BRD:BRD-K03549949-001-01-0),1.1305916305916384,0.568192041997801,0.8093539376367391,False
GIDAZEPAM (BRD:BRD-K22588750-001-07-0),1.1250000000000002,0.569782824730923,0.8107509358323305,False
IODIPAMIDE (BRD:BRD-K67261995-001-11-7),1.1191609977324362,0.5714487369667836,0.8122517341485084,False
TIOXOLONE (BRD:BRD-K41876534-001-13-7),1.1164874551971222,0.5722131440241649,0.812469303854824,False
TRIFLURIDINE (BRD:BRD-K03243820-001-23-8),1.1139971139971294,0.5729260907860931,0.812613420122431,False
METYRAPONE (BRD:BRD-K46862739-001-14-3),1.1111111111111425,0.5737534207374237,0.8129192922814884,False
NORFLOXACIN (BRD:BRD-K11196887-001-22-0),1.0981554677206873,0.5774821570998253,0.8167377698195482,False
SGI-1776 (BRD:BRD-K80700417-001-04-2),1.097478772530907,0.5776775798573177,0.8167377698195482,False
REBEMADLIN (BRD:BRD-A12230535-001-06-7),1.0895959595959765,0.5799589349271468,0.8180050794310763,False
XBD173 (BRD:BRD-K45875383-001-01-2),1.0884652509652473,0.5802869099160441,0.8180050794310763,False
BENTAZEPAM (BRD:BRD-K89490285-001-08-1),1.0849340866289918,0.5813123591276266,0.8180050794310763,False
COBICISTAT (BRD:BRD-K51040301-001-02-1),1.0843214756258135,0.5814904455744059,0.8180050794310763,False
DPI-201106 (BRD:BRD-A64553394-001-04-4),1.0834467120181444,0.5817448345429013,0.8180050794310763,False
TANDUTINIB (BRD:BRD-K89162000-001-06-4),1.0812401883830371,0.5823870055826689,0.8180050794310763,False
SNS-314 (BRD:BRD-K71512533-066-02-8),1.0779220779220822,0.5833540197335796,0.8180050794310763,False
CAFFEIC-ACID (BRD:BRD-K09900591-001-26-7),1.0737463126843683,0.584573266831516,0.8180050794310763,False
BISACODYL (BRD:BRD-K39987650-001-24-1),1.0723482269757587,0.5849820514588522,0.8180050794310763,False
DOXIFLURIDINE (BRD:BRD-K58262659-001-09-7),1.07180500658761,0.5851409601270091,0.8180050794310763,False
CARFILZOMIB (BRD:BRD-K15179879-001-03-2),1.069609700644179,0.5857835944709913,0.8180050794310763,False
SECNIDAZOLE (BRD:BRD-A70083328-001-23-5),1.068785647245694,0.5860250026817904,0.8180050794310763,False
ITRACONAZOLE (BRD:BRD-A23067620-300-01-3),1.066907775768539,0.586575500901291,0.8180050794310763,False
4-(4-FLUOROBENZOYL)-1-(4-PHENYLBUTYL)-PIPERIDINE (BRD:BRD-K47337578-034-02-5),1.0566520467836342,0.5895911057831639,0.820632595950708,False
ONX-0914 (BRD:BRD-K60446698-001-01-2),1.0548340548340605,0.5901272853807198,0.820632595950708,False
AZTREONAM (BRD:BRD-K62607865-001-09-7),1.054207846660688,0.5903120855747757,0.820632595950708,False
4-IODO-6-PHENYLPYRIMIDINE (BRD:BRD-K25690923-001-02-4),1.0470479704797122,0.5924291535202688,0.8220336155484674,False
TIAGABINE (BRD:BRD-K60160658-003-11-2),1.0466165413533872,0.5925569629010021,0.8220336155484674,False
DOXERCALCIFEROL (BRD:BRD-K82928892-001-02-5),1.040413533834581,0.594397633496986,0.8221071193782158,False
BITOPERTIN (BRD:BRD-K13756951-001-01-4),1.040184453227937,0.5944657198814638,0.8221071193782158,False
PI3K-IN-2 (BRD:BRD-K62374002-001-01-5),1.040184453227937,0.5944657198814638,0.8221071193782158,False
EGF816 (BRD:BRD-K22514639-001-04-0),1.0341417203486145,0.5962645347280504,0.8237375952739906,False
CCT128930 (BRD:BRD-K76406695-001-02-9),1.026984126984118,0.5984022672400537,0.8258324124216319,False
MEPAZINE (BRD:BRD-K01825575-001-03-9),1.0235588972431042,0.5994279779344631,0.8258336987595709,False
MERICITABINE (BRD:BRD-K69726595-001-01-2),1.0228316326530613,0.5996459889412986,0.8258336987595709,False
PILARALISIB (BRD:BRD-K49456274-001-01-9),1.0085638998682498,0.6039390782649765,0.8306722129526342,False
RO-04-5595 (BRD:BRD-A63546914-003-02-0),1.0070071482317475,0.60440935284063,0.8306722129526342,False
LORLATINIB (BRD:BRD-K99879819-001-02-1),0.9961231804549779,0.607707504906367,0.8343422252278531,False
AZD9668 (BRD:BRD-K31476763-001-01-5),0.9909812409812417,0.6092719126711459,0.8356268028276087,False
ANAGRELIDE (BRD:BRD-K62200014-003-10-5),0.988783630162942,0.6099417518885141,0.83566558612755,False
BETA-NAPHTHOL (BRD:BRD-K21164796-001-02-8),0.9867647058823515,0.6105577758689624,0.83566558612755,False
ICARIIN (BRD:BRD-K65639003-001-09-0),0.9803945641590074,0.6125055458964054,0.8370931170941133,False
MELENGESTROL-ACETATE (BRD:BRD-A42746051-001-02-9),0.9792358803986758,0.6128604988205961,0.8370931170941133,False
LATANOPROST (BRD:BRD-K10961822-001-05-1),0.9737317477043501,0.614549454568049,0.837855977257857,False
ABT-737 (BRD:BRD-K56301217-001-07-4),0.9733072916666669,0.6146798930221298,0.837855977257857,False
CRIZOTINIB-(S) (BRD:BRD-K40308497-001-01-2),0.9695011337868493,0.6158507911837541,0.8385919072573865,False
NISOXETINE (BRD:BRD-A95696066-003-13-8),0.9581799933087985,0.6193467430497686,0.8424890701260414,False
ETOMOXIR (BRD:BRD-K32405725-001-02-8),0.9518272425249279,0.6213171485205146,0.8443052048913741,False
FG-4592 (BRD:BRD-K14385366-001-04-4),0.9443793911007038,0.6236352008738242,0.8465895627796857,False
WZ-4002 (BRD:BRD-K72420232-001-12-3),0.9400527009222515,0.6249857994017092,0.8473666043137923,False
AVANAFIL (BRD:BRD-K65781196-001-03-0),0.9364347889693473,0.6261173943929172,0.8473666043137923,False
PENFLURIDOL (BRD:BRD-K15409150-001-05-8),0.9350649350649434,0.6265463859687546,0.8473666043137923,False
VISMODEGIB (BRD:BRD-K44827188-001-06-0),0.9300529257975926,0.6281184831338567,0.8473666043137923,False
NINTEDANIB (BRD:BRD-K49075727-001-08-5),0.9263346538388962,0.6292873269883117,0.8473666043137923,False
ZIPRASIDONE (BRD:BRD-K29582115-066-01-2),0.9262876157407477,0.6293021274018822,0.8473666043137923,False
MENADIONE (BRD:BRD-K78126613-001-28-5),0.9256235827664412,0.6295111007729628,0.8473666043137923,False
CHLORHEXIDINE (BRD:BRD-K52256627-300-06-6),0.9256235827664412,0.6295111007729628,0.8473666043137923,False
TOREMIFENE (BRD:BRD-K51350053-048-16-5),0.9242424242424221,0.6299459782257538,0.8473666043137923,False
LDN-57444 (BRD:BRD-K94485812-001-02-9),0.915223665223678,0.6327930581694614,0.850335666640257,False
DEQUALINIUM (BRD:BRD-K77685957-300-09-1),0.9119769119769217,0.6338211538950307,0.8508568823499957,False
AEG3482 (BRD:BRD-K77634909-001-03-5),0.9068181818181804,0.6354581203053731,0.852193584143129,False
SEMAXANIB (BRD:BRD-K63504947-001-14-7),0.8986664408788771,0.6380534508151607,0.8525642892993256,False
PHA 793887 (BRD:BRD-K64800655-001-07-4),0.8978919631093589,0.6383005777673656,0.8525642892993256,False
CEFDITOREN-PIVOXIL (BRD:BRD-K72167406-001-02-1),0.8978919631093589,0.6383005777673656,0.8525642892993256,False
G-1 (BRD:BRD-K62696033-001-01-4),0.8978919631093589,0.6383005777673656,0.8525642892993256,False
UNBS-5162 (BRD:BRD-K30933884-001-01-0),0.888167388167389,0.6414117362132756,0.8543093337145956,False
SULMAZOLE (BRD:BRD-A22081593-001-11-1),0.8863636363636472,0.6419904709355656,0.8543093337145956,False
EBASTINE (BRD:BRD-K13314656-001-01-0),0.8820816864295011,0.643366428883109,0.8543093337145956,False
UNC0631 (BRD:BRD-K13060017-001-01-3),0.8820816864295011,0.643366428883109,0.8543093337145956,False
BMS-265246 (BRD:BRD-K62814476-001-03-3),0.8820816864295011,0.643366428883109,0.8543093337145956,False
ENDO-IWR-1 (BRD:BRD-K61314889-001-04-4),0.8805916305916384,0.6438459334346895,0.8543093337145956,False
ACETYLCYSTEINE (BRD:BRD-K59058747-001-18-3),0.8797814207650272,0.6441068114236455,0.8543093337145956,False
INDOXIMOD (BRD:BRD-K93255255-001-02-1),0.872270531400972,0.6465302666510484,0.8554532136701256,False
NU-6027 (BRD:BRD-K03294269-001-08-0),0.8702290076335847,0.647190557046201,0.8554532136701256,False
LENVATINIB (BRD:BRD-K39974922-001-04-3),0.869203394470297,0.6475225257340212,0.8554532136701256,False
JQ1-(+) (BRD:BRD-K54606188-001-13-1),0.8691371681415974,0.6475439676088385,0.8554532136701256,False
PHENAZONE (BRD:BRD-K46937689-001-15-0),0.8657257295441406,0.648649438394562,0.8560626649715719,False
OLIGOMYCIN-A (BRD:BRD-A81541225-001-06-8),0.8578643578643579,0.651204093040355,0.858157778757191,False
AZODICARBONAMIDE (BRD:BRD-K87036601-001-01-6),0.8568686868687018,0.6515283662648651,0.858157778757191,False
DOXYCYCLINE (BRD:BRD-A08545410-003-07-8),0.852437417654798,0.6529735154306335,0.8592097049577346,False
DELANZOMIB (BRD:BRD-K59325863-001-02-8),0.8445322793148904,0.6555595457816873,0.861122422839221,False
IDASANUTLIN (BRD:BRD-K62627508-001-01-5),0.8440336134453831,0.6557230187458929,0.861122422839221,False
TEMSIROLIMUS (BRD:BRD-K42898655-001-01-8),0.8323607427055606,0.6595612937919153,0.8653079560211802,False
CANRENONE (BRD:BRD-A20644369-001-08-6),0.8199914199914116,0.6636530972048493,0.8698175208927463,False
INDIBULIN (BRD:BRD-K74057757-001-01-9),0.8167800453514644,0.6647195725517279,0.8703569575578782,False
BROXALDINE (BRD:BRD-K36222532-001-01-8),0.8129117259552032,0.6660064905107479,0.8706022540857618,False
LY303511 (BRD:BRD-K22385716-001-02-5),0.8122794468288017,0.6662170747970051,0.8706022540857618,False
NSC-319726 (BRD:BRD-K99170882-001-04-3),0.8051948051948159,0.6685812142077106,0.8728334319077086,False
LY2801653 (BRD:BRD-K18961567-001-01-1),0.8014399393709795,0.6698376096135568,0.8736154888875534,False
KIN001-167 (BRD:BRD-K63068307-001-08-9),0.7891963109354379,0.6739508082890323,0.8781182590354156,False
PYROXAMIDE (BRD:BRD-K11663430-001-02-3),0.7826149736481242,0.6761722100252181,0.8801497229417383,False
FLORFENICOL (BRD:BRD-A30886737-001-02-9),0.7790249433106524,0.6773870393912713,0.880868273337573,False
MIFEPRISTONE (BRD:BRD-K37270826-001-27-6),0.7766798418972343,0.6781817758863891,0.8809670836268085,False
PALMATINE-CHLORIDE (BRD:BRD-K58466253-003-14-0),0.7748905387397629,0.6787887837726501,0.8809670836268085,False
SB-239063 (BRD:BRD-K82091397-001-03-0),0.7712842712842729,0.6800138348562326,0.8816959868526177,False
EVODIAMINE (BRD:BRD-A68631409-001-05-4),0.7661396574440005,0.6817652908248285,0.883105332852044,False
UH-232-(+) (BRD:BRD-K66715657-050-01-0),0.7641304347826092,0.6824505441098411,0.8831322036241273,False
BAY-11-7082 (BRD:BRD-K15025317-001-15-1),0.7572150072150095,0.6848143470849432,0.8853290537703205,False
NARLAPREVIR (BRD:BRD-K38287497-001-01-2),0.7430611289459629,0.6896779258646497,0.8886039588287344,False
TRICHOSTATIN-A (BRD:BRD-K68202742-001-16-5),0.7421052631578959,0.690007624412324,0.8886039588287344,False
TROLOX (BRD:BRD-A17846016-001-13-9),0.7420960187353675,0.6900108137807089,0.8886039588287344,False
TWS-119 (BRD:BRD-K94176593-001-09-4),0.7420634920634939,0.6900220357496267,0.8886039588287344,False
KD025 (BRD:BRD-K88506063-001-01-8),0.7364953886692973,0.6919457694137141,0.8902187101169662,False
EPLERENONE (BRD:BRD-K19761926-001-03-6),0.7272727272727337,0.6951439283988765,0.8912686127471152,False
SB-743921 (BRD:BRD-K68532323-003-02-8),0.7272727272727337,0.6951439283988765,0.8912686127471152,False
INGENOL-MEBUTATE (BRD:BRD-K93779381-001-01-9),0.7258503401360425,0.6956384861321222,0.8912686127471152,False
MELOXICAM (BRD:BRD-A84174393-236-07-1),0.7257230038480093,0.6956827775534022,0.8912686127471152,False
DESONIDE (BRD:BRD-K21528677-001-02-8),0.723958333333331,0.6962968738755391,0.8912686127471152,False
SIB-1757 (BRD:BRD-K98157055-001-10-9),0.7204332552693276,0.6975252064676855,0.8912686127471152,False
SKF-96365 (BRD:BRD-A72703248-003-04-9),0.7192982456140413,0.6979211677340967,0.8912686127471152,False
PHA-767491 (BRD:BRD-K50000283-001-04-4),0.7187088274044839,0.6981268817680564,0.8912686127471152,False
SALVINORIN-A (BRD:BRD-K19284129-001-02-6),0.7141181142155794,0.699731172415073,0.892459431995808,False
CARMOFUR (BRD:BRD-K11630072-001-13-2),0.7094732853353634,0.7013581266938758,0.8936768459982367,False
BAICALEIN (BRD:BRD-K72327355-001-14-7),0.7002665143727361,0.7045941912230741,0.8969403066431662,False
I-BET151 (BRD:BRD-K36363294-001-04-2),0.6946778711484678,0.7065658073813107,0.8983641766696878,False
EPRINOMECTIN (BRD:BRD-A91366704-001-01-9),0.6892605633802842,0.7084822439097538,0.8983641766696878,False
BROXYQUINOLINE (BRD:BRD-K23301018-001-11-7),0.6868421052631604,0.7093394794191519,0.8983641766696878,False
FR-122047 (BRD:BRD-K30990140-003-02-4),0.6850961538461434,0.7099589859214914,0.8983641766696878,False
ASPIRIN (BRD:BRD-K11433652-001-17-0),0.6841046277666059,0.7103110446080945,0.8983641766696878,False
DACINOSTAT (BRD:BRD-K56957086-001-06-3),0.6814574314574458,0.7112518334717695,0.8983641766696878,False
SPIRADOLINE (BRD:BRD-K28192623-066-08-1),0.6803751803751794,0.7116368141570857,0.8983641766696878,False
TW 37 (BRD:BRD-K28360340-001-08-3),0.6803751803751794,0.7116368141570857,0.8983641766696878,False
SALIDROSIDE (BRD:BRD-K66030860-001-03-6),0.676303854875282,0.7130869421962049,0.8983641766696878,False
LY2334737 (BRD:BRD-K04993719-001-01-7),0.6734693877550981,0.7140982694161118,0.8983641766696878,False
BAY-87-2243 (BRD:BRD-K70463136-001-01-5),0.6734693877550981,0.7140982694161118,0.8983641766696878,False
RACLOPRIDE (BRD:BRD-K04111260-001-10-0),0.672605527162588,0.714406776715204,0.8983641766696878,False
CEFDINIR (BRD:BRD-K15766189-001-09-8),0.67232323232324,0.7145076205050881,0.8983641766696878,False
GSK-3-INHIBITOR-IX (BRD:BRD-K04923131-001-15-4),0.6704523944728422,0.715176297153145,0.8983641766696878,False
SB-525334 (BRD:BRD-K37720887-001-07-8),0.6666666666666643,0.71653131057379,0.8992163472639915,False
PENICILLAMINE-(D) (BRD:BRD-K17518951-001-03-0),0.6600026236389793,0.7189227903343796,0.9013664041079155,False
ABT 869 (BRD:BRD-K99749624-001-07-0),0.6576163134340828,0.7197810886696283,0.9015919574382055,False
CLOFIBRATE (BRD:BRD-K45252063-001-13-6),0.6528060293120407,0.7215143479726083,0.9029120230278685,False
PLX 4720 (BRD:BRD-K16478699-001-09-2),0.6449275362318758,0.7243621763378605,0.9056230784129977,False
TYRPHOSTIN-AG-1296 (BRD:BRD-K76064317-001-07-3),0.64163372859025,0.7255561140541581,0.9061318841712195,False
AMONAFIDE (BRD:BRD-K56334280-001-05-1),0.6400447931697966,0.7261327739972526,0.9061318841712195,False
PFI-1 (BRD:BRD-K13094524-001-07-5),0.6343873517786562,0.7281897086780669,0.9078462690742504,False
TEMOZOLOMIDE (BRD:BRD-K32107296-001-16-9),0.6297588832487346,0.7298768617339997,0.908225320200391,False
QUINIDINE (BRD:BRD-K59632282-052-03-1),0.6290937094682174,0.7301196495815053,0.908225320200391,False
TRANS-4-HYDROXYCROTONIC-ACID (BRD:BRD-K91614056-001-02-2),0.6262254901960663,0.731167472373254,0.908225320200391,False
AL-39256 (BRD:BRD-K07691486-001-19-7),0.6260618248436502,0.7312273082125045,0.908225320200391,False
CARBOPLATIN (BRD:BRD-K90947825-001-02-7),0.6205561613958462,0.7332430271384982,0.9098786023035146,False
BIFEMELANE (BRD:BRD-K18779551-003-07-8),0.6169553284118866,0.7345643590941849,0.9104911828048899,False
VANDETANIB (BRD:BRD-K77625799-001-07-7),0.6150861577085617,0.735251193086549,0.9104911828048899,False
DEMECARIUM (BRD:BRD-K51471001-303-04-7),0.6098484848484939,0.7371792191868091,0.9104911828048899,False
AG-13736 (BRD:BRD-K29905972-001-06-3),0.6085504011455267,0.737657834656039,0.9104911828048899,False
ZK-93423 (BRD:BRD-K33882852-003-02-8),0.6080368906455789,0.7378472564942562,0.9104911828048899,False
CRYSTAL-VIOLET (BRD:BRD-K60025295-003-06-6),0.6080368906455789,0.7378472564942562,0.9104911828048899,False
THEOPHYLLINE (BRD:BRD-K97799481-001-16-0),0.6048752834467166,0.7390145704971542,0.9110856810674564,False
VU0361737 (BRD:BRD-K45462423-001-03-7),0.6001344086021481,0.7407684361838589,0.9124015307584323,False
SB-200646 (BRD:BRD-K77677632-003-02-6),0.5925612052730606,0.743578748586228,0.9124183138321798,False
IKK-2-INHIBITOR-V (BRD:BRD-K74305673-001-06-2),0.5922266139657353,0.7437031564851826,0.9124183138321798,False
FLUDROXYCORTIDE (BRD:BRD-A49765801-001-04-1),0.5892386805468477,0.7448150546052605,0.9124183138321798,False
CLOFOCTOL (BRD:BRD-K02900412-001-11-3),0.5886319845857404,0.745041027020366,0.9124183138321798,False
MECLIZINE (BRD:BRD-A50311610-300-10-4),0.5864661654135332,0.7458482761005625,0.9124183138321798,False
PFK-015 (BRD:BRD-K95573441-001-01-2),0.5847953216374151,0.7464716344229263,0.9124183138321798,False
PAZOPANIB (BRD:BRD-K74514084-003-09-2),0.5827207275483062,0.7472463489782512,0.9124183138321798,False
PROPOXYCAINE (BRD:BRD-K18250272-003-11-0),0.5813557259340331,0.7477565192905802,0.9124183138321798,False
TROPISETRON (BRD:BRD-K50866992-003-10-3),0.5806131103840919,0.7480342186527532,0.9124183138321798,False
RESATORVID (BRD:BRD-K61567297-001-01-9),0.5797342192691034,0.748363011204916,0.9124183138321798,False
PANOBINOSTAT (BRD:BRD-K02130563-001-11-4),0.5794240242516082,0.748479089445083,0.9124183138321798,False
ISOFLUPREDONE-ACETATE (BRD:BRD-K29173907-001-09-2),0.5751152073732743,0.7500933573837765,0.9124183138321798,False
SR-27897 (BRD:BRD-K35629949-001-02-0),0.5744949494949376,0.7503260191166825,0.9124183138321798,False
TRYPTANTHRIN (BRD:BRD-K76973696-001-12-6),0.5743145743145845,0.7503936922637866,0.9124183138321798,False
GDC-0980 (BRD:BRD-K23228615-001-02-8),0.5694202349374677,0.7522322817146128,0.9138178266898724,False
TAK-632 (BRD:BRD-K31866293-001-01-6),0.5649350649350708,0.7539211195203794,0.914198145841774,False
NAVARIXIN (BRD:BRD-K82850175-001-01-1),0.5649350649350708,0.7539211195203794,0.914198145841774,False
ABT-702 (BRD:BRD-K36021395-300-02-4),0.5573122529644223,0.7568001019880833,0.9168526303939496,False
PHENYLBUTAZONE (BRD:BRD-K10843433-001-22-7),0.5546218487394938,0.7578188361320297,0.9172506677772928,False
GENISTEIN (BRD:BRD-K43797669-001-28-8),0.5464620485897115,0.7609169770133962,0.9196281219711486,False
NORETYNODREL (BRD:BRD-A00758722-001-04-9),0.5413533834586488,0.7628630964874819,0.9196281219711486,False
PEVONEDISTAT (BRD:BRD-K67844266-003-01-9),0.5413414172034834,0.7628676608083707,0.9196281219711486,False
CL-218872 (BRD:BRD-K00662280-001-09-4),0.5406976744186073,0.7631132456058413,0.9196281219711486,False
SR-57227A (BRD:BRD-K09397065-003-06-1),0.5403578907291012,0.7632429033364763,0.9196281219711486,False
TAGATOSE (BRD:BRD-A73556557-001-06-4),0.5378099173553714,0.7642158842849595,0.919966404179992,False
CEP-32496 (BRD:BRD-K20722021-001-02-1),0.5338541666666696,0.7657289038290307,0.9205636990168515,False
AMFENAC (BRD:BRD-K82122102-323-01-1),0.5310245310245278,0.7668130374732338,0.9205636990168515,False
VX-765 (BRD:BRD-K26712974-001-01-5),0.5299903257013814,0.7672096610745623,0.9205636990168515,False
CYCLOVIROBUXIN-D (BRD:BRD-K27799744-001-02-8),0.5268550066250229,0.768413327840866,0.9205636990168515,False
U-18666A (BRD:BRD-K22025381-003-01-9),0.5253950338600437,0.7689744638922332,0.9205636990168515,False
TEPRENONE (BRD:BRD-K11510141-001-01-8),0.5248210395269166,0.7691951890567634,0.9205636990168515,False
OSI 930 OSI930 (BRD:BRD-K25340465-001-11-1),0.522366522366525,0.7701397699563277,0.9205636990168515,False
PENTOSTATIN (BRD:BRD-K91543828-001-02-0),0.518707482993196,0.7715500454970128,0.9205636990168515,False
WARFARIN (BRD:BRD-A24514565-001-09-7),0.517228370221324,0.7721208613094519,0.9205636990168515,False
METHYLPREDNISOLONE (BRD:BRD-K35240538-001-26-2),0.513207547169815,0.7736747033959698,0.9205636990168515,False
IEM1754 (BRD:BRD-K80060353-303-03-9),0.5061327561327715,0.7764163430976712,0.9205636990168515,False
LY3023414 (BRD:BRD-K82967180-001-01-6),0.5061327561327715,0.7764163430976712,0.9205636990168515,False
TG-100572 (BRD:BRD-K18424115-003-01-3),0.5046113306982818,0.7770071975905125,0.9205636990168515,False
ETOPOSIDE-PHOSPHATE (BRD:BRD-K72533376-001-01-2),0.49952678402422235,0.7789850753593075,0.9205636990168515,False
TAME (BRD:BRD-K72231366-001-02-3),0.49915966386554883,0.7791280790460252,0.9205636990168515,False
INDIRUBIN (BRD:BRD-K17894950-001-14-3),0.49880842049518315,0.7792649228482583,0.9205636990168515,False
ABEMACICLIB (BRD:BRD-K33622447-066-01-9),0.4975748389541508,0.7797457145191484,0.9205636990168515,False
4-METHYLGENISTEIN (BRD:BRD-K73303757-001-21-6),0.49736980191525426,0.779825656993069,0.9205636990168515,False
RUXOLITINIB (BRD:BRD-K53972329-001-07-0),0.49676804790093493,0.78006032390402,0.9205636990168515,False
METATINIB (BRD:BRD-K27182532-001-02-3),0.49670619235836,0.7800844498043865,0.9205636990168515,False
NH125 (BRD:BRD-K31086665-005-04-6),0.49670619235836,0.7800844498043865,0.9205636990168515,False
MLN0128 (BRD:BRD-K59317601-001-05-5),0.49541492989769154,0.7805882593075523,0.9205636990168515,False
CABOZANTINIB (BRD:BRD-K51544265-001-04-2),0.4945488721804523,0.7809263497467076,0.9205636990168515,False
PI-828 (BRD:BRD-K97365803-001-02-1),0.4928571428571402,0.7815871871994369,0.9205636990168515,False
NAPROXEN (BRD:BRD-K59197931-001-04-5),0.48947368421051596,0.7829105402246921,0.9205636990168515,False
TRICIRIBINE (BRD:BRD-K80431395-001-07-3),0.4868247694334684,0.7839481588634006,0.9205636990168515,False
WYE-354 (BRD:BRD-K77008974-001-03-2),0.4868247694334684,0.7839481588634006,0.9205636990168515,False
LOXISTATIN-ACID (BRD:BRD-K21937671-001-09-2),0.4845545977011497,0.7848385125566788,0.9205636990168515,False
EVP4593 (BRD:BRD-K68395654-001-03-1),0.4835309617918284,0.7852403098136685,0.9205636990168515,False
EPACADOSTAT (BRD:BRD-K79450420-001-01-8),0.4823412698412662,0.7857075458045368,0.9205636990168515,False
SERTINDOLE (BRD:BRD-K69116396-001-04-1),0.48061224489795507,0.7863870934733526,0.9205636990168515,False
PD-153035 (BRD:BRD-K26603252-003-04-9),0.4793650793650812,0.7868776238398371,0.9205636990168515,False
CETYLPYRIDINIUM (BRD:BRD-K87700323-003-05-1),0.47727272727273373,0.7877012671239836,0.9207167845275058,False
SULFANILAMIDE (BRD:BRD-K02594908-001-16-4),0.4734693877550953,0.7892006400068367,0.9216587439095658,False
AR 42 (BRD:BRD-K13167095-001-02-9),0.46508563899868705,0.7925158134898695,0.92258260590577,False
LY2608204 (BRD:BRD-K12068470-001-02-5),0.46508563899868705,0.7925158134898695,0.92258260590577,False
RG108 (BRD:BRD-K89391146-001-08-0),0.46428571428571264,0.7928328533799708,0.92258260590577,False
AT-9283 (BRD:BRD-K24576554-001-04-8),0.46140350877192304,0.7939762306549267,0.92258260590577,False
VIDARABINE (BRD:BRD-K72093121-001-16-3),0.4575963718820759,0.7954890581821725,0.92258260590577,False
BARASERTIB-HQPA (BRD:BRD-K63923597-001-10-0),0.4574868322046636,0.7955326281827317,0.92258260590577,False
RUCINOL (BRD:BRD-K61036791-001-01-6),0.45588499550762923,0.7961700400848579,0.92258260590577,False
AMG458 (BRD:BRD-K21782625-001-02-4),0.4534839924670395,0.7971264173797299,0.92258260590577,False
TERFENADINE (BRD:BRD-A06352418-001-25-9),0.4531328320802004,0.7972663892780603,0.92258260590577,False
CB-10-277 (BRD:BRD-K59929863-001-01-9),0.44984952262348604,0.7985763003324294,0.92258260590577,False
BLEBBISTATIN-(-) (BRD:BRD-K61295575-001-03-6),0.4468179213077121,0.7997877007026373,0.92258260590577,False
1-NAPHTHYL-PP1 (BRD:BRD-K29542628-001-03-9),0.445614035087722,0.8002692723233528,0.92258260590577,False
RAMIFENAZONE (BRD:BRD-K85333151-003-13-4),0.44295302013423066,0.8013347452262412,0.92258260590577,False
AZATHIOPRINE (BRD:BRD-K32821942-001-21-3),0.44261363636363166,0.8014707367679188,0.92258260590577,False
ADAPREV (BRD:BRD-A73427433-240-01-3),0.43939393939393767,0.8027620223273284,0.92258260590577,False
A-1065-5 (BRD:BRD-K87124298-001-03-4),0.43939393939393767,0.8027620223273284,0.92258260590577,False
TYRPHOSTIN-AG-494 (BRD:BRD-K34533029-001-08-5),0.4351648351648333,0.8044613004320083,0.92258260590577,False
FDCYD (BRD:BRD-K18157228-001-01-7),0.4350877192982523,0.8044923193951747,0.92258260590577,False
JNJ-26481585 (BRD:BRD-K83837640-001-04-8),0.4342105263157876,0.8048452442938384,0.92258260590577,False
PENTAGASTRIN (BRD:BRD-K78789465-001-01-6),0.4325849165227384,0.8054996923826203,0.92258260590577,False
NICOTINE (BRD:BRD-A93695607-322-02-5),0.43179487179486914,0.8058179456296904,0.92258260590577,False
ISOETHARINE (BRD:BRD-A24587114-066-22-5),0.43132075471698267,0.8060089942985003,0.92258260590577,False
FLUOROURACIL (BRD:BRD-K24844714-001-24-5),0.428806597265769,0.8070228481714362,0.92258260590577,False
7-NITROINDAZOLE (BRD:BRD-K04430056-236-02-1),0.4281767955801313,0.8072770203639179,0.92258260590577,False
MUBRITINIB (BRD:BRD-K19061412-001-02-4),0.42800453514740155,0.8073465543027919,0.92258260590577,False
RACECADOTRIL (BRD:BRD-A08187463-001-12-9),0.4227248394004248,0.8094806419814112,0.9237823233708662,False
LEVOCARNITINE (BRD:BRD-K59647213-001-10-5),0.4215686274509765,0.8099487428698876,0.9237823233708662,False
ECHINOMYCIN (BRD:BRD-A68969091-001-12-7),0.41883116883117566,0.8110581024870909,0.9237823233708662,False
FLUMATINIB (BRD:BRD-K68870568-066-01-5),0.4185384845762218,0.8111768031405575,0.9237823233708662,False
CYTOCHLOR (BRD:BRD-K48988407-001-01-2),0.4097496706192345,0.8147492878720243,0.9262633050315827,False
TRANILAST (BRD:BRD-K17849083-001-32-9),0.4097496706192345,0.8147492878720243,0.9262633050315827,False
GUANIDINE (BRD:BRD-K76037122-001-02-5),0.4055625790139114,0.8164567895667176,0.9274111737898869,False
CHLORMIDAZOLE (BRD:BRD-K60443845-001-08-6),0.3961038961038952,0.8203272376289898,0.9302174904513033,False
DAPIVIRINE (BRD:BRD-K12885236-001-02-7),0.3961038961038952,0.8203272376289898,0.9302174904513033,False
PIPERINE (BRD:BRD-K59522102-001-14-6),0.3916030534351149,0.8221753983358888,0.931518418063424,False
TG-101209 (BRD:BRD-K39841531-001-02-1),0.3857142857142861,0.8245997656917528,0.9329316459111647,False
TG100-115 (BRD:BRD-K64785675-001-04-0),0.3824303987960828,0.8259548240435719,0.9329316459111647,False
FORSKOLIN (BRD:BRD-K09602097-001-13-6),0.38191881918819376,0.8261661218888461,0.9329316459111647,False
CHLORIDINE (BRD:BRD-K88429204-001-35-1),0.38076416337285934,0.8266432283575695,0.9329316459111647,False
PYRITHIONE-ZINC (BRD:BRD-K16136380-001-01-7),0.3784271284271341,0.8276097399966222,0.9329316459111647,False
LETROZOLE (BRD:BRD-K88789588-001-14-9),0.3783670033670153,0.8276346204132906,0.9329316459111647,False
TETRANDRINE (BRD:BRD-K08078237-001-19-8),0.36940836940837585,0.8313501735788822,0.9358212444997094,False
KU-0063794 (BRD:BRD-K67566344-001-07-5),0.36758893280631355,0.8321068121581516,0.9358212444997094,False
ATIPRIMOD (BRD:BRD-K38527262-300-01-0),0.3638878363016431,0.8336480916313186,0.9358212444997094,False
RADEZOLID (BRD:BRD-K84683831-001-01-0),0.3614035087719287,0.8346842624971054,0.9358212444997094,False
PREDNISOLONE-HEMISUCCINATE (BRD:BRD-A78391468-001-02-8),0.3607109227871806,0.8349733578610132,0.9358212444997094,False
GTPL5238 (BRD:BRD-K92991072-001-04-9),0.36054613935968854,0.8350421555810419,0.9358212444997094,False
ARTEMISININ (BRD:BRD-K13112821-001-17-4),0.36034255599471976,0.8351271602533148,0.9358212444997094,False
MERCAPTOPURINE (BRD:BRD-K91601245-001-12-0),0.35257806826434973,0.8383756291420383,0.9386699335549864,False
LANATOSIDE-C (BRD:BRD-A64242993-001-05-6),0.35064935064934843,0.8391845140289401,0.9387846962495466,False
SODIUM-GLUCOHEPTONATE (BRD:BRD-K35952844-236-01-6),0.3489630845952725,0.8398923565692764,0.9387863262241954,False
VTP-27999 (BRD:BRD-K81694556-003-01-9),0.34547152194210895,0.8413599055988323,0.9390278450744682,False
PSB-1115 (BRD:BRD-K49027941-001-01-1),0.34143518518519694,0.8430596261394224,0.9390278450744682,False
"CP-945,598 (BRD:BRD-K09090949-001-01-9)",0.3386034255599384,0.8442541426912963,0.9390278450744682,False
EFONIDIPINE-MONOETHANOLATE (BRD:BRD-M92675308-003-07-1),0.3386034255599384,0.8442541426912963,0.9390278450744682,False
3-AMINO-BENZAMIDE (BRD:BRD-K08703257-001-13-9),0.33845730494052456,0.8443158264137212,0.9390278450744682,False
AZ3146 (BRD:BRD-K59146805-001-03-7),0.3376623376623371,0.8446514948478845,0.9390278450744682,False
"2,3-DCPE (BRD:BRD-K61734568-003-02-1)",0.3367085408995854,0.845054403844292,0.9390278450744682,False
CLINDAMYCIN-PHOSPHATE (BRD:BRD-K27771035-001-02-5),0.3287970430107518,0.8484038473213641,0.9397723513476564,False
ODANACATIB (BRD:BRD-K22822991-001-02-3),0.32831172541875114,0.8486097449579031,0.9397723513476564,False
ELESCLOMOL (BRD:BRD-K82135108-001-04-3),0.3280788177339815,0.8487085745778215,0.9397723513476564,False
SB-431542 (BRD:BRD-K67298865-001-09-0),0.3254281949934068,0.8498341233883405,0.9397723513476564,False
BREFELDIN-A (BRD:BRD-K77841042-001-14-1),0.3254281949934068,0.8498341233883405,0.9397723513476564,False
BENZYLDIMETHYLHEXADECYLAMMONIUM (BRD:BRD-K23403298-003-01-9),0.32363465160074395,0.8505965723970205,0.9397723513476564,False
TG-02 (BRD:BRD-K14560436-001-01-4),0.3234519104084228,0.8506742954636799,0.9397723513476564,False
VEMURAFENIB (BRD:BRD-K56343971-001-14-8),0.31863247863247146,0.8527266506322573,0.9408577487496693,False
PP242 (BRD:BRD-K87112191-001-04-5),0.3178210678210718,0.8530726766315662,0.9408577487496693,False
ITACITINIB (BRD:BRD-K67482377-001-01-8),0.309123533471348,0.8567905693510545,0.944174682145565,False
OROTIC-ACID (BRD:BRD-K32572029-001-04-4),0.3045112781954913,0.8587687178176904,0.9443369763208947,False
PENTAMIDINE (BRD:BRD-K13183738-317-10-2),0.3045112781954913,0.8587687178176904,0.9443369763208947,False
BETAMETHASONE-DIPROPIONATE (BRD:BRD-K58148589-001-03-6),0.3009541984732818,0.860297431249717,0.9443369763208947,False
ZALDARIDE (BRD:BRD-A26032986-050-02-1),0.3007003104469006,0.8604066477902238,0.9443369763208947,False
STF-118804 (BRD:BRD-K39171998-001-01-1),0.30050505050505194,0.860490653366895,0.9443369763208947,False
CCT129202 (BRD:BRD-K57136142-001-02-4),0.29380764163371964,0.8633770123189277,0.9467228130130817,False
ALECTINIB (BRD:BRD-K11267252-001-05-1),0.284162397866321,0.8675508094256518,0.949087552836234,False
IDRA-21 (BRD:BRD-A14344385-001-03-2),0.2840210711150049,0.867612115660428,0.949087552836234,False
EMD-53998 (BRD:BRD-A65248799-001-01-7),0.2798315763964646,0.8694314487048593,0.949087552836234,False
RESMINOSTAT (BRD:BRD-K28822270-001-03-7),0.2789693065554957,0.8698063717787707,0.949087552836234,False
DANAZOL (BRD:BRD-A92537424-001-04-7),0.27599807599807913,0.8710995297439795,0.949087552836234,False
MITOMYCIN-C (BRD:BRD-A48237631-001-04-8),0.2756235827664426,0.871262655454857,0.949087552836234,False
SB-505124 (BRD:BRD-K40109029-001-02-9),0.27536231884057827,0.8713764776400145,0.949087552836234,False
CARMUSTINE (BRD:BRD-K36234266-001-09-8),0.2730486685032081,0.8723850911630221,0.949087552836234,False
DIOSCIN (BRD:BRD-K37723606-001-01-5),0.27272727272726627,0.8725252928694266,0.949087552836234,False
IMILOXAN (BRD:BRD-A10903566-003-07-7),0.27219967532466927,0.872755494270616,0.949087552836234,False
YO-01027 (BRD:BRD-K04622161-001-02-3),0.2707482993197299,0.8733890723240889,0.949087552836234,False
CUDC-907 (BRD:BRD-K77638923-001-02-0),0.2654808959156725,0.8756923503526659,0.9494518430859216,False
DEFERASIROX (BRD:BRD-K97010173-001-04-1),0.26543209876544066,0.8757137162589022,0.9494518430859216,False
DEFOROLIMUS (BRD:BRD-K62304154-001-04-2),0.2621870882740467,0.8771357196492865,0.9494518430859216,False
BEZ235 (BRD:BRD-K12184916-001-19-6),0.2612353164077348,0.8775532355368256,0.9494518430859216,False
DOMPERIDONE (BRD:BRD-K38305202-001-17-4),0.2607973421926886,0.877745429424797,0.9494518430859216,False
IMATINIB (BRD:BRD-K92723993-001-17-4),0.2600532350532398,0.8780720585031133,0.9494518430859216,False
ACESULFAME-POTASSIUM (BRD:BRD-K50850824-237-04-8),0.25856615709014585,0.8787251820885504,0.9494518430859216,False
8-HYDROXY-PIPAT (BRD:BRD-A60594020-034-01-1),0.2516469038208129,0.8817705079408086,0.9518672105930359,False
FAMOTIDINE (BRD:BRD-K00673382-001-18-9),0.2502353064212485,0.8823930800982845,0.9518672105930359,False
FENACLON (BRD:BRD-K08791496-001-01-0),0.2485854154745963,0.8831213066076885,0.9518801431318882,False
BOSENTAN (BRD:BRD-K74763371-002-04-0),0.24508223153820755,0.8846695303275615,0.952690372149336,False
OBIDOXIME (BRD:BRD-K33588785-001-01-9),0.24234693877550703,0.8858802731547077,0.952690372149336,False
BELINOSTAT (BRD:BRD-K17743125-001-08-4),0.24202349374762377,0.8860235515248904,0.952690372149336,False
IMIDAPRIL (BRD:BRD-K34332569-001-01-3),0.239690721649483,0.887057599967144,0.9530311643947731,False
GW-3965 (BRD:BRD-K33818169-003-04-6),0.23235294117647243,0.8903180944757231,0.955761508528462,False
TRICLABENDAZOLE (BRD:BRD-K81916719-001-13-9),0.22859025032937552,0.891994666959739,0.9565408998743188,False
BUTAMBEN (BRD:BRD-K27217864-001-22-3),0.22673310485810486,0.892823333566876,0.9565408998743188,False
LAFUTIDINE (BRD:BRD-A67516570-001-02-8),0.224908661078864,0.8936381581492251,0.9565408998743188,False
TORIN-1 (BRD:BRD-K40175214-001-11-6),0.22266139657442352,0.8946428431480649,0.9565408998743188,False
AZALOMYCIN-B (BRD:BRD-K96104201-001-01-5),0.22266139657442352,0.8946428431480649,0.9565408998743188,False
URACIL (BRD:BRD-K80129304-001-08-1),0.21051136363636447,0.9000943554014127,0.9607653796560387,False
NITISINONE (BRD:BRD-K01109406-001-03-7),0.2066581306017902,0.9018301636351312,0.9607653796560387,False
RKI-1447 (BRD:BRD-K19333160-001-01-3),0.20512959353115806,0.90251966750289,0.9607653796560387,False
AS-1949490 (BRD:BRD-K61936403-001-01-7),0.20363136574074756,0.9031960108239736,0.9607653796560387,False
TYRPHOSTIN-AG-1478 (BRD:BRD-K68336408-001-10-9),0.2031024531024599,0.903434898302721,0.9607653796560387,False
CARBOXYAMIDOTRIAZOLE (BRD:BRD-K68408772-001-05-4),0.19921949362268307,0.9051906026347911,0.9607653796560387,False
DISULFIRAM (BRD:BRD-K32744045-001-31-2),0.19696969696968836,0.906209422956059,0.9607653796560387,False
PF-04457845 (BRD:BRD-K86816506-001-01-8),0.19696969696968836,0.906209422956059,0.9607653796560387,False
METHYLDOPA (BRD:BRD-K48578705-001-17-6),0.19233021077283302,0.9083140361478748,0.9607653796560387,False
Y-320 (BRD:BRD-K96259238-001-01-4),0.19186046511628438,0.9085273994901509,0.9607653796560387,False
ASYMMETRICAL-DIMETHYLARGININE (BRD:BRD-K36269323-300-02-6),0.19155844155844193,0.9086646081887507,0.9607653796560387,False
4-PYRIMIDINECARBONITRILE (BRD:BRD-K04552268-001-02-4),0.19042397660819357,0.909180178473792,0.9607653796560387,False
TRAPIDIL (BRD:BRD-K95763993-001-19-3),0.18840579710143857,0.9100980859234756,0.9607653796560387,False
SAR245409 (BRD:BRD-K56291712-001-01-0),0.1879509379509443,0.910305092683428,0.9607653796560387,False
AMG-232 (BRD:BRD-K64925568-001-01-8),0.1859674895792267,0.9112083120585747,0.9607653796560387,False
HALOBETASOL-PROPIONATE (BRD:BRD-K65877271-001-01-8),0.18482420041874556,0.9117293482612052,0.9607653796560387,False
THIOSTREPTON (BRD:BRD-K58049875-001-04-7),0.18245614035087954,0.9128095025337232,0.9607653796560387,False
ROMIDEPSIN (BRD:BRD-K61397605-001-03-4),0.18181818181818699,0.91310071628226,0.9607653796560387,False
RUTIN (BRD:BRD-K20482099-001-09-4),0.18050065876153099,0.9137024300768246,0.9607653796560387,False
PF-04691502 (BRD:BRD-K07310275-001-02-5),0.17988721804510988,0.9139827241972347,0.9607653796560387,False
GSK1838705A (BRD:BRD-K06749501-001-02-1),0.17982456140350678,0.9140113581897505,0.9607653796560387,False
CYC116 (BRD:BRD-K64866502-001-03-9),0.1787593984962399,0.9144982733370121,0.9607653796560387,False
AZD4547 (BRD:BRD-K28392481-001-05-1),0.1764411027568916,0.9155589266706374,0.9611199159125412,False
CI-844 (BRD:BRD-K83022601-001-01-0),0.17431972789115743,0.916530563728719,0.9613805202805584,False
PALBOCICLIB (BRD:BRD-K51313569-001-07-8),0.16917286108361723,0.9188922315911205,0.9630976149720814,False
R547 (BRD:BRD-K52233191-001-02-4),0.1666666666666714,0.9200444146293211,0.9635453325786979,False
KD-023 (BRD:BRD-K71164191-001-01-0),0.1634651600753138,0.9215183581534493,0.9639998814011399,False
TERCONAZOLE (BRD:BRD-K86204871-001-16-2),0.1625737898465071,0.9219291567049276,0.9639998814011399,False
CS-110266 (BRD:BRD-K15519488-050-01-3),0.16048644338119133,0.9228918517703378,0.9640790589521862,False
BATIMASTAT (BRD:BRD-K82818427-001-04-8),0.1592648730579782,0.9234557126005515,0.9640790589521862,False
RAMATROBAN (BRD:BRD-K08586861-001-01-1),0.15654913364837075,0.9247104968603873,0.9642145211631062,False
KI-8751 (BRD:BRD-K47150025-001-05-3),0.15584415584416433,0.9250365045018514,0.9642145211631062,False
TYLOXAPOL (BRD:BRD-U25960968-000-01-9),0.1493932038835,0.9280250046047488,0.9647820986365659,False
NANCHANGMYCIN (BRD:BRD-A73871920-236-03-6),0.14888010540184382,0.9282631192579103,0.9647820986365659,False
SORAFENIB (BRD:BRD-K23984367-001-07-5),0.14744221295946147,0.928930730479298,0.9647820986365659,False
GIMERACIL (BRD:BRD-K35687421-001-02-5),0.1473253968254022,0.9289849891122252,0.9647820986365659,False
ANASTROZOLE (BRD:BRD-K52172416-001-11-4),0.14683941892421254,0.9292107496273924,0.9647820986365659,False
GSK2656157 (BRD:BRD-K41104902-001-01-3),0.1435786435786497,0.9307269590477139,0.9656019739066446,False
FENOFIBRATE (BRD:BRD-K50388907-001-30-4),0.13898989898990066,0.9328648448112679,0.9670650380297777,False
MG-132 (BRD:BRD-K60230970-001-17-5),0.13311688311688386,0.9356082358551596,0.9683982441211115,False
WAY-600 (BRD:BRD-K85920262-001-02-1),0.13311688311688386,0.9356082358551596,0.9683982441211115,False
PTEROSTILBENE (BRD:BRD-K53097745-001-01-5),0.13146113146111724,0.9363831240093211,0.9684460480999126,False
AZD1480 (BRD:BRD-K65928735-001-04-3),0.12876157407407976,0.9376478873823831,0.9687128793582246,False
GSK 650394 (BRD:BRD-K14991967-001-02-6),0.12779973649537624,0.9380989283175584,0.9687128793582246,False
REGORAFENIB (BRD:BRD-K16730910-001-10-7),0.11936339522546291,0.9420643471966964,0.9720524203605664,False
JTE-607 (BRD:BRD-K81405859-300-01-4),0.11428571428571388,0.94445913699487,0.9730578330355129,False
CICLESONIDE (BRD:BRD-K35245662-001-01-2),0.11376086014930764,0.9447070211615642,0.9730578330355129,False
CGP-37849 (BRD:BRD-A90272038-001-01-7),0.1126428571428488,0.9452352614363033,0.9730578330355129,False
EMBELIC ACID (BRD:BRD-K86727142-001-12-4),0.10877192982456307,0.9470665015118073,0.9741671235824816,False
OCTENIDINE (BRD:BRD-K04568635-300-01-4),0.1072681704260674,0.9477788493545136,0.9741671235824816,False
S-METHYLCYSTEINE (BRD:BRD-K63123526-001-01-2),0.10420788814139474,0.9492301948643118,0.9749048910159741,False
FK-888 (BRD:BRD-K83508485-001-02-7),0.09842342342342147,0.9519795631394312,0.9769736211678023,False
ACY-1215 (BRD:BRD-K82928847-001-04-7),0.09156785243742149,0.9552483440148227,0.9795717972189039,False
CLOTRIMAZOLE (BRD:BRD-K15916496-001-27-9),0.07862903225805477,0.9614482705996303,0.9842616474684578,False
ECAMSULE-TRIETHANOLAMINE (BRD:BRD-A47953250-001-01-7),0.07748724489795984,0.9619973120482428,0.9842616474684578,False
NADIDE (BRD:BRD-A11132253-001-08-2),0.07590933052187795,0.9627565862204829,0.9842616474684578,False
HOMOQUINOLINIC-ACID (BRD:BRD-K30519779-001-03-1),0.0738636363636354,0.9637418427801011,0.9842616474684578,False
MEISOINDIGO (BRD:BRD-K14529030-001-01-9),0.07286851079953749,0.9642214841685282,0.9842616474684578,False
LY456236 (BRD:BRD-K87696786-003-04-4),0.07048748353095391,0.9653700865696556,0.9842616474684578,False
OLEANOLIC-ACID (BRD:BRD-K90647725-001-07-3),0.0670016750418758,0.9670541013030058,0.9842616474684578,False
ROQUINIMEX (BRD:BRD-K03384561-001-02-7),0.06583476764198873,0.9676184972298916,0.9842616474684578,False
CHICAGO-SKY-BLUE-6B (BRD:BRD-K56483981-342-06-4),0.06298904538342108,0.9689962639304732,0.9842616474684578,False
BETAMETHASONE (BRD:BRD-A02180903-001-04-5),0.06263982102907768,0.9691654772507126,0.9842616474684578,False
EVEROLIMUS (BRD:BRD-K13514097-001-04-6),0.06252368321334245,0.9692217572655631,0.9842616474684578,False
SIROLIMUS (BRD:BRD-K84937637-001-09-9),0.06192358366271833,0.9695126156698756,0.9842616474684578,False
TENOVIN-6 (BRD:BRD-K13949769-001-01-7),0.06192358366271833,0.9695126156698756,0.9842616474684578,False
SB-657510 (BRD:BRD-K95292280-001-01-3),0.06052631578947398,0.9701901867446799,0.9842616474684578,False
RU-58841 (BRD:BRD-K62762455-001-01-3),0.05687347931873282,0.9719637789610814,0.985308819404483,False
ARRY-334543 (BRD:BRD-K46386702-001-02-1),0.05013262599469215,0.9752452384490979,0.9878818002277829,False
TASISULAM (BRD:BRD-K42495768-001-01-7),0.04766521315776967,0.9764491472416497,0.9883208443371205,False
TRIMEBUTINE (BRD:BRD-A92630576-050-24-1),0.04569504569503531,0.9774115053349336,0.9883208443371205,False
VISTUSERTIB (BRD:BRD-K99113996-001-02-0),0.04467601364153495,0.977909639054412,0.9883208443371205,False
RO-106-9920 (BRD:BRD-A53134341-001-03-2),0.040843214756250745,0.979785501418339,0.9894642335752071,False
PAPAVERINE (BRD:BRD-K15567136-003-27-2),0.03854875283446546,0.9809101866941311,0.9895946499396076,False
PIBENZIMOL (BRD:BRD-K17026858-001-01-2),0.03754241571006014,0.9814038740559841,0.9895946499396076,False
CX-4945 (BRD:BRD-K81458380-001-04-9),0.034136546184732386,0.9830765646665893,0.9904078229935733,False
TEDIZOLID (BRD:BRD-K59436580-001-01-7),0.032106782106794185,0.9840747778636445,0.9904078229935733,False
FRENTIZOLE (BRD:BRD-K07202345-001-19-4),0.030303030303031164,0.984962691525232,0.9904078229935733,False
DOLUTEGRAVIR (BRD:BRD-K36386086-001-01-1),0.029072681704263914,0.9855688016714876,0.9904078229935733,False
AM-251 (BRD:BRD-K92000912-001-12-6),0.028326745718047164,0.9859364558468754,0.9904078229935733,False
FLUTAMIDE (BRD:BRD-K28307902-001-21-7),0.02373981123980876,0.9882002638006013,0.9916738291094299,False
WYE-125132 (BRD:BRD-A45498368-001-07-1),0.022366522366525032,0.9888790390259751,0.9916738291094299,False
ASTEMIZOLE (BRD:BRD-K37249724-001-25-7),0.021241830065358548,0.9894352877344651,0.9916738291094299,False
MLN-8054 (BRD:BRD-K83963101-001-06-9),0.010233918128648156,0.994896110269458,0.9962677431984671,False
ERTEBEREL (BRD:BRD-K80608265-001-01-6),0.008983935454520222,0.995518106070402,0.9962677431984671,False
AKBA (BRD:BRD-K54907283-001-01-2),0.0013864131511235566,0.9993070336366077,0.9993070336366077,False
