"","ACH-000828","ACH-000117","ACH-000017","ACH-000554","ACH-000276","ACH-000818","ACH-000856","ACH-000223","ACH-000019","ACH-000330","ACH-000725","ACH-000643","ACH-000711","ACH-000248","ACH-000857","ACH-002499","ACH-000196","ACH-000258","ACH-000691","ACH-000374","ACH-000148","ACH-001705","ACH-001392","ACH-000876","ACH-000668","ACH-002921","ACH-001396","ACH-001419","ACH-001389","ACH-001683","ACH-002400","ACH-000568","ACH-000111","ACH-000621","ACH-000755","ACH-000028","ACH-000277","ACH-001394","ACH-000721","ACH-000902","ACH-000859","ACH-000927","ACH-000768","ACH-000349","ACH-001662","ACH-001393","ACH-000573","ACH-000783","ACH-000759","ACH-000910","ACH-000147","ACH-000930","ACH-000624","ACH-000699","ACH-000044","ACH-000352","ACH-001390","ACH-001388","ACH-001395","ACH-000536","ACH-000642","ACH-001819","ACH-002401","ACH-000212","ACH-000849","ACH-000097","ACH-000288","ACH-001820","ACH-002399","ACH-001391","ACH-000934"
"FOXA1",18.7657430321952,16.2432381689534,17.2264329436059,17.9974263109243,-17.613564849008,19.5664325161665,-11.3819549008535,-9.08604666915115,14.0088792773781,11.7699543817087,20.604575303501,-15.5783448105714,-12.7094106676114,15.940315032473,-15.6593036336452,-17.5748395179682,-5.38817950831115,-0.990267068798091,-2.09007107246546,-15.4436449693797,-27.6498419688333,-7.29418652450785,9.72522061175527,8.36499328862009,-7.27655844986041,10.8203585540672,11.2086909521759,3.98259866022605,-19.4799445827045,12.6959876184822,-10.6556088184683,15.8476889418738,-11.0903793227035,-18.2604523519165,21.1359569748463,15.0314120561437,21.1333059276808,-17.3231805261172,-11.5426822869682,11.5608438581765,0.456028305355944,21.8412015778187,-21.9351345951033,12.3251151395846,0.72442805098119,10.1499660034303,-19.7788138563244,16.8393975369894,14.9756496495073,19.1363985088302,12.0846168156093,-12.4261753144814,-13.1881325207272,-20.2690788983741,11.6750952232787,14.5574651183679,-12.3426270303776,-7.14491315559579,13.9810174545405,-2.12335411350218,-14.9839142336094,10.0743047136026,-12.0034109106313,-19.1289997482576,-6.48255630518696,19.0264657717581,-22.2408235081967,-7.51194262924471,-11.7958512617613,-18.975919227276,9.91050681330721
"ETS1",-11.7265956687633,-8.82440578407477,-9.59935051357524,-9.95709667032565,5.80557130926892,-15.0908571979925,2.69962124882415,6.1939274377929,-7.47846260403472,-7.01642741564912,-12.6211970724846,10.5138126142471,10.5154070204584,-8.95069429180507,12.8426518472552,6.95860469360327,-3.17885854897572,-3.8690594372201,-2.41821102213936,10.2822476313378,16.4999041110441,7.85469805445589,-5.65837926898964,-3.39950869008249,4.51707932565645,-6.8058980679125,-7.5063196127941,-0.420139667753546,11.8739154998747,-7.96112856505806,9.01283336282394,-9.27340153119837,-2.56772620322649,8.65902275166623,-12.3765529646705,-8.59349294695697,-13.7935343728262,12.8720009940795,7.20864422663361,-13.7142413545192,-2.79454361156804,-14.0918486681022,15.012723156227,-11.6857711483455,-2.39293835520161,-3.27981251997137,10.9161020513418,-13.7365642763162,-8.16633902849389,-12.7200799281611,-9.13437216094646,3.81664833382319,9.86425602838483,12.0683050801411,-11.1140649070115,-9.90850146431259,9.85150169243407,6.56119004558635,-6.6518512368159,-2.19332407800568,10.5544770206365,-6.95920849443477,9.39880662566098,12.6768288574015,2.57971157370642,-14.0648989984393,12.1825789047326,-0.261670880354616,7.32254723071775,13.7363931053211,-3.5062638518924
"GATA3",14.0208409045605,14.9050495907681,1.45291066000013,4.63382636823261,-12.3785745341147,18.6384945982817,-8.64418623343787,-7.15655760063802,15.2260809950467,16.087037127846,12.8723460704185,-10.7053041874066,-10.6832432678206,-1.11731071297935,-13.4856742717264,-14.1685274875471,-4.09896819572509,-1.11160779767859,-2.96255757581351,-12.2213737138078,-19.8234701992063,-7.13625078814982,9.89595759415623,6.77128551995212,-6.92190734360598,14.0365362609655,8.27924237455958,2.12894425887745,-14.5593099692796,9.85856618622844,-8.86811896801555,16.2792953596009,-7.90964459512754,-12.7225068328984,13.8301626203565,16.0123202045527,15.0386612554118,-13.4162016646265,-8.84877708456844,3.6580076186074,-8.43678198429947,15.6795302210923,-16.2665052047683,15.7794346790149,4.14737105662789,3.32489263981904,-16.5713278883235,15.885220968409,11.3216319247243,14.8295706720518,14.9026452743685,-9.32749884251335,-8.9592468348683,-13.1289954020798,15.8564610200701,13.2877820056615,-10.934537846389,-4.41923268166493,10.8189507866586,-5.08207198053266,-12.6575918693191,8.09141059133737,-10.0962566626549,-15.059387551611,-10.1331123887275,15.5490126657257,-16.9399927127353,-5.7657838917682,-11.3050660657017,-15.6079940048477,9.88374489119379
"EGFR",-15.1769891110014,-7.47159726723444,-1.12893460413386,-2.57447406703488,6.4141072588306,-14.6589381501469,-1.26019297851978,15.650399059688,-9.05345106107743,-6.59695709333251,-9.24506980438582,15.2287507591514,11.6214569110866,1.32843097846533,19.6060486159714,4.54009870251717,-2.49869280421641,-4.2310138467808,-4.2415280379198,12.9818960928612,1.67300400337951,11.9869258481729,-7.34768440469695,-3.95010012046741,13.4502622421903,-9.49095173919835,-9.05417907496222,5.60203254708721,1.1484389981971,-6.445223258307,13.3898474128879,-13.7704012407756,4.9938058271612,-5.34670425855673,-10.2504071475486,-9.98216796005152,-13.467927286694,13.5539885102183,0.59558349960915,-11.6004855660078,12.3691656956731,-11.0148235637482,11.5760508240987,-13.0602982557408,-5.96229622356758,-3.04104147906159,3.77244317879233,-13.5080463529651,-6.18905272746051,-12.9370899319736,-11.6961754372274,-2.0361487613548,11.5708664046593,5.77832435157128,-15.9814617796964,-8.82917452117354,8.07628333920147,6.21247183878327,-10.4504889560384,12.0496742996831,10.1778854988956,-7.16213158571577,13.5739383620339,7.45154033991616,14.4590425353148,-12.6472548502501,3.98071907934773,-0.91385912255802,14.7825330525604,7.15410134627579,-7.91182426960225
"ESR1",11.1484472324686,8.25993209053208,-2.92791112581516,1.20428646615412,-8.8154431451935,19.8719143867242,-5.33875007961456,-8.68234037996076,14.9898597825478,15.5197048659056,2.01016134134735,-7.06915124229655,-8.26407439278884,-4.4177989623944,-12.1417584086546,-11.7954020757292,-4.36589265678461,-0.435874312454327,-2.34023375165247,-9.63887002113793,-15.0348035092304,-9.16301486505832,6.67737614215279,9.39417372487396,-10.5963474675993,17.2072694145517,4.77736209257769,-2.14644866431952,-10.6629342795657,6.35938477672479,-8.54657244863647,17.1530196221383,-8.69956715000912,-8.73409775120397,7.03809554091468,12.6979945663732,12.9350078319093,-10.2702707757421,-5.90616090201093,3.29271567011983,-9.05323666758113,12.4611741478521,-12.7278922991806,17.2124451037723,4.49559031113774,1.43649230913151,-10.9626629750596,14.2932709521686,10.4494718779192,3.96716588453936,17.0799828745761,-7.41022602978604,-6.29659352021363,-12.7126259742359,19.6572245353547,15.389232033111,-8.63488237532574,-0.466427304547376,13.2081598855656,-5.767859903619,-8.75141841742989,6.10714276056839,-9.15710322258545,-10.460710754329,-10.3140201496173,17.4357975227808,-13.563240081549,-5.33593658950528,-11.2038085183364,-11.195007407465,7.22738117128423
"PBX1",10.5603893581662,12.0112797581621,12.8140213015482,10.4125555585499,-9.26825584700945,11.3451596854282,-6.1811574746947,-5.46618106680822,11.9821554669187,11.1045536736632,11.2641839220737,-10.0087162748533,-6.44426351089766,11.6117843147394,-10.7387599374155,-8.58387905264084,-0.250980304866331,-1.59700378675454,3.28096763159447,-9.95126809105077,-16.661808733528,-4.44054274040215,4.10959798056696,1.71968963785773,-5.43524135276452,6.74358395172819,6.88125606159578,2.89141283688744,-11.5581510674049,8.11750558675504,-7.47265870508954,6.44343702176732,-4.98108120586186,-9.48254295303394,10.09223493605,12.7822765781388,11.1052959784516,-10.2445765937635,-7.16059405635796,11.0831649551681,-2.67954252743008,11.1427839597513,-12.6375210003519,9.22004306780789,0.582958852094473,4.49625010617466,-8.96404764428578,11.9108106518403,4.29986905481451,12.2144326892283,9.90964457319667,-5.00502514094662,-8.18600544777153,-8.66970355112763,2.81353614241796,10.3608085621031,-6.42707008082722,-7.72947546446645,6.18572721732423,-1.19343102566254,-10.292555373653,5.18633631756391,-8.65415973386227,-9.6177571639249,-5.47359521156703,9.56798384389351,-10.5361425223639,-0.447595621791192,-7.50592737777097,-11.2810638038317,1.63053396971731
"FOSL1",-7.99361391405933,-5.50435910269935,-5.53481428617251,-4.84935196995479,3.77827623138896,-10.3309884320267,1.21131225511748,3.1164241543986,-6.13500378450942,-6.71998494851985,-9.42298796312513,4.30689237877659,6.83052849409472,-3.82547993809043,7.83756942653898,6.26882125292814,-3.66053724667144,-1.19479511267523,-2.78037350972621,7.76966860973388,13.7162363840836,6.71986030661022,-5.6105363800126,-1.7516530409177,-0.825619644584581,-5.92135024946228,-5.55637524615574,-0.38845629439059,8.87217643135469,-5.24642950473274,6.09619239293635,-6.56636419745345,-2.3791370532452,5.73781087519282,-7.73873830210855,-7.16555253401231,-7.44166030884733,8.09997195382213,6.22126707239476,-7.85962545660604,2.2480530065332,-8.27921882693085,13.1750921357347,-6.8425696386097,-2.74800834800454,-2.74137390541789,12.1629487644737,-10.5065064156826,-5.73301366428609,-9.35118443403934,-7.80883224644094,-0.0597236472560426,3.94426532442527,8.41480209915254,-7.86200018332518,-8.43476218230963,5.39471469071278,3.95709712599404,-5.38679165870701,0.211592336802724,8.93828899936086,-4.73654891019459,6.88176350372939,9.79756646861967,2.44745710974059,-7.76090164760156,9.42903207490515,-0.532537216882087,5.59648492176159,9.89767503634035,-0.432184717269975
"ZEB1",-6.76989793932413,-6.07727594934138,-5.83699051670517,-6.32115720515615,0.687628978414976,-8.47534393715495,8.05987827332144,-4.25324642898043,-4.3129691111461,-3.36823223746785,-8.11582296027311,0.853986399830261,0.992998536696989,-6.50598409812605,1.86989815679309,6.47392372328233,-3.37806850697371,-2.67558953670841,-4.64020413039946,-0.791858211885584,15.2564921511243,1.86537002957325,-2.79945784803862,-4.92431738177773,-3.94031736730894,-5.45554149623599,-4.17567108257097,-3.2756363196497,13.2468371402255,-4.89161427928242,2.06456738095668,-6.53900675811861,0.973441093524461,9.57254635488346,-8.51365336229005,-6.17016060880581,-7.8473782481495,5.36958006722919,9.93055281656597,-6.42877175030831,-4.96580614190474,-5.76960960885612,11.7438505717708,-3.61254734969057,-2.54248010795644,-3.64879901315641,11.2469885500987,-6.29554767215381,-8.43660108914972,-8.34699458645262,-6.53879301915584,2.9445671332131,0.439834332092736,11.9365181191688,-5.13325652521692,-3.8202143172287,3.5798605096014,1.60413888248115,-3.70836955848174,-5.1985496722421,1.21885498699496,-2.78204576348827,0.690582187077356,11.7377551694832,-3.98171888028222,-6.2059876301061,15.0153177087901,0.494914721484366,0.965073637690616,15.4508643432173,-3.33294914573429
"ELF3",8.65697834769666,8.49186729958237,11.052167357696,11.6358128757257,-1.44772119145231,3.09603795669273,-9.39953795647899,3.02219224627879,-2.70716459950253,-0.429782019842003,8.84874040418545,-0.908322343421516,-4.04300178554265,12.6109035193498,1.04038498761707,-5.35953667331487,1.18778839740208,-3.4016251952715,1.40182254981082,-3.02795444249865,-14.2629828251006,0.864214223521524,3.53234935298808,2.67437479555699,4.92052198773885,-1.31784992270228,2.94440407102314,4.88421555938268,-13.0830032514694,4.36733498524464,2.12475682139388,2.83754399598639,1.37852396760556,-11.1473062445266,8.31172052432872,-1.12776307846607,8.09704334233154,-3.84799090493866,-7.62123687146659,0.514381011381647,9.00829561425054,6.41406865543291,-9.95303567489064,-4.98019041087252,0.793079301057823,7.05971998799823,-9.04731305752482,-2.53781004111621,7.71485098437103,-1.39049979297216,-0.86573346118461,-3.29297492155673,-1.5484600994085,-10.4701594883832,-7.03393570931564,2.76223028951855,-3.25765613990131,0.141090203289911,1.12395507474228,6.46094014647711,-5.19134567479919,-0.269195591729288,0.483604973360945,-10.4025210325222,5.01894204837934,5.4555221855363,-12.5918584832613,0.213876256752029,2.00801896910118,-9.08707766956938,1.51340166260883
"FOS",2.47835024648709,3.72241175553636,-0.53820014715074,7.75257717938377,-0.771042283467818,0.179095353209671,-1.65994075081786,-0.514339596041879,10.4218201595248,3.06271914691142,-0.835696498157904,-1.77952644023265,-1.31904443029654,-0.426914405256436,-2.55846685485435,-2.41845038186146,-3.44155533360522,-0.438830536477922,-3.12303794402226,-5.13554355298904,-5.73743009024131,1.27372237026134,-1.5729505817004,-0.887023894350384,1.58123993697597,1.42090928310831,1.19366826361403,2.07528852348509,-2.32043882009585,3.53233763143559,1.14376671754701,-0.927254025028529,-6.83962162020482,-5.857116974103,2.92045898083595,9.79066464927937,6.51804739045504,-1.94727126821867,1.2272923274236,-1.93332938878562,3.12093337141545,2.12326672965845,-1.71072704015468,5.91204513901146,-4.32267252083967,2.34705789809369,-6.17729674246727,2.57922687477734,0.419216271892156,4.43579253370917,-1.99699472403855,-5.15711690759141,-4.93859645829304,-4.43513735474655,3.09357779083218,6.98460538371657,-0.175228982340548,-3.93348176548072,2.24536695567245,2.0734768785885,-5.81394707377479,1.45791373746362,-0.0769850055714826,-0.0559911715413184,-2.20460976092626,5.34288588957073,-5.3005749755484,-0.509137999484704,1.05541883378797,-2.8898195242936,-1.63428961813691
"SNAI2",-5.43443060224986,-6.24849020168041,-2.83577829023433,-3.85679527353887,-0.336835705123816,-7.24214750716639,1.27993007613542,0.33480505183437,-1.91561862149348,-3.92006416210053,-6.44397905712513,3.49598879850509,5.41574260094201,-3.42748427359292,4.71349876863375,3.54679655960952,-2.89825361119774,-3.37594080299689,-3.28068337298663,3.59819913783215,12.6306453197659,5.30840394339206,-4.15153394661,-1.88601289557432,2.66608724648999,-4.02933677911712,-3.25114022350108,-1.88350124744773,8.99423722017302,-4.05916595222137,5.05439036595539,-5.07884307676464,-2.4413403937758,4.93251970802838,-6.61327893231538,-3.97270423766293,-5.62372228362825,6.50866989707595,3.92879516850184,-7.65356244909947,0.311716807390815,-7.75136780989494,9.61374748099774,-5.79306733667788,-4.06911129881567,-0.771118722414236,2.7362399984681,-4.97945947076275,-5.42178260290094,-6.96962410398897,-2.090627464798,3.62743983214884,4.47288143442619,6.84696856974323,-7.08911852577887,-4.55143735804606,3.69473701934567,1.06931010134004,-3.66230502500529,1.21238574907534,6.8144142487957,-1.55742224737421,4.86461402880252,9.20432234448667,-0.130157830921322,-8.39237990619562,7.52767210936564,-2.41217023063462,4.94842570463753,8.28338997219143,-4.29169994886445
"TGFB1",-4.72978390823023,-4.29851588191185,-2.20999178731421,-6.04209838763939,2.88337182818783,-5.21860495788359,2.49451739601707,-3.27595117792414,-1.63856291583166,-0.978482607206089,-5.38723710336092,0.84904916234205,1.3025593703538,-3.37212902256481,1.98760191551271,3.37117848536734,-2.04178777167355,1.50310002045494,-2.93784817476615,1.95320902986132,12.7336569494847,1.80780871922412,-3.51674270657975,-2.16738907640322,-3.82751391880846,-2.06300794719297,-4.06375457092333,-2.89848739151631,8.07400025513706,-5.88275452677512,0.280127594411297,-2.10073194428743,-1.16440202680323,6.96837475989831,-5.15415277393556,-2.76560051073009,-4.83249455210376,3.61023817307888,5.06329122142852,-5.27308531111163,-3.27568067564913,-2.93638645768103,10.1837357253228,-4.396153639855,-3.28863642568302,-3.40929665815648,3.84710159592175,-4.49246063814829,-4.8521298779613,-4.32123395520512,-3.84289903643694,3.78602114753649,1.51612402122144,5.63988074565384,-3.15302171088234,-3.94787347182045,3.44983179069736,1.95753312955099,-3.03107701907424,-0.96736967989312,7.58097502929499,-2.69801973993818,1.23129183659073,10.1467178274989,-2.52968804722736,-4.3637931087075,9.55614774313901,-0.710195440278959,0.930931340069275,8.18346781459203,1.00459282113293
"TFAP2C",1.1925334641743,7.86843794588235,9.06918513213825,10.12250294053,-5.21586934102554,9.0460831117282,-5.09506869538455,-2.67768210947882,11.1903150505142,8.63316753594205,1.67366431406553,-6.08529454037066,-1.19156191009248,8.97956344777984,-6.61113956413791,-5.52713352943465,-2.32375627207223,0.835991965352418,0.062219493689951,-6.41935766174822,-11.5118549195089,-1.86417607795152,1.86001856619185,-0.295803946220664,-5.44729865060521,2.65906647361254,3.49910105906803,2.40223329559558,-7.70876420394895,2.47166278417291,-3.84241433628053,8.89642813160771,-8.20248287751169,-5.5019732621727,3.91548672130644,9.00932485832881,8.10631992187132,-5.55226740225462,-4.5297542035582,1.40464443461872,1.77936196962139,11.7500425168859,-9.23896252673572,5.96439131468762,-1.18682457482043,0.915465587435273,-8.26755056047571,4.18387784839809,1.3183315915795,4.29068207426374,6.23041502045431,-3.269945680146,-6.95816233802991,-7.83275152144123,5.04873694530319,10.8951013398847,-2.10734653934721,-5.67188654099535,3.49203337560722,0.791726480655582,-7.59702463587933,2.95967797419883,-4.16275679474241,-6.5340791053313,-2.15542214015413,3.31559676675087,-8.1703365425335,-2.46949823907256,-4.51522430746637,-8.08119669478593,2.74017946240685
"XBP1",9.46995127541763,11.5155670375748,8.19427751122968,2.97977571766581,-10.2072846289437,8.81317110055463,-6.93966757490927,-4.72377773138022,5.26909825799346,7.78980731060068,1.94527872985938,-6.40086337890166,-6.9032664000084,6.90375981795724,-9.65398206204373,-9.29607567048377,-3.55171152528517,0.360282189220288,-0.439052029674145,-6.90913495189814,-12.4617715858061,-2.77174095576422,7.081244203707,9.08247752008517,-5.19929652790822,7.63300244737841,7.99163830123062,2.49475314082617,-10.9864103127612,5.74292586139382,-5.24560785288036,12.0183868041276,-7.48920472195986,-10.2673981506114,9.65817967301991,7.00338742334946,9.19504549491494,-7.34315681620318,-6.6946184773921,3.92835893825198,-1.69015195405783,8.1739932233808,-13.1166940432719,6.07402073539388,3.00297865761902,3.19005251609555,-11.2975967762501,8.10365908968147,10.3289338532254,5.52004385679008,7.7923856696792,-6.17339093961437,-4.80890487587562,-10.8519887619102,9.38815103058721,-0.974796477321349,-6.37466260918519,-1.53603807231024,6.25484270155683,-4.30501132681766,-4.81645798577155,5.80066265208732,-5.43171967764347,-10.6893305163893,-5.21153059233684,10.5141779923877,-12.979773999279,-6.34666560872768,-8.40790184845825,-9.67086269173379,5.85499831916177
"PPARG",-9.12800338446604,-4.18509400658312,0.301258448026059,-0.89178701498033,0.318003149244589,-9.08618547015299,2.18373141814801,12.3150367769566,-6.35740461208137,-1.87394178857704,-7.31947459193578,10.9548993707775,12.0283736428102,0.392990299727328,12.8570452505327,1.2658932690449,-2.19849358385334,2.72727697082974,-0.759569629430126,2.08542796800169,-5.54931815687883,8.76266858132233,-2.30445299524529,-5.64421663491213,5.89270151737785,-7.27335513004122,-3.65690908826258,6.48472163494623,-2.36708271117318,-3.01943270511508,5.19830178842354,-5.2206188529179,4.10464353896408,0.661093651105702,-7.42518631976466,-5.27070027099867,-7.7951621590039,7.10437346390212,-1.53977635819971,-4.16557011236212,1.87909217713761,-7.86289599418272,7.87379472137877,-10.8616914821306,-1.81717557795948,-5.25577205879789,4.86694712114431,-9.82581604513753,0.477988007277524,-7.93480769182061,-4.92684552492496,0.908352086989705,10.2778979644563,1.85534306420463,-9.68592856532995,-5.87819431125877,6.81256177443124,1.75093824255055,-5.60366374996876,7.61057232934862,1.86950504373614,-2.16078705403882,4.49373669151731,5.74977222296515,9.61047286980751,-7.10153584288929,0.325491817944701,0.388606995908371,5.38021754118474,3.10674703383401,-4.5080083018625
"ERBB2",11.7371792066127,10.4892670346902,13.2901348206139,11.4600275258884,-8.1212715830792,6.69594394145089,-6.83885047368395,-2.19125245803063,1.13704503382077,2.62289228932723,11.0787324493586,-6.86151347232321,-2.2402358924689,13.4598341428374,-6.04936958014715,-8.12162053081803,-2.54369790544919,-2.8761100926543,-2.27295543588899,-7.39035730973012,-10.1628276919695,-0.678753747828763,4.9102385805189,4.57538533369001,-3.04940156582486,0.216560085504649,5.21143282705406,4.14084076089649,-10.398516747153,6.77066021514384,-1.01864117467941,9.71308647099018,-5.80788310346206,-9.07982869036318,11.9020606557086,1.70811111264636,11.3731345581752,-5.48963967369227,-5.51759515832029,1.10416937009853,6.9483194560592,12.686290033814,-8.87368773667485,-2.42876328748175,-0.574932673166512,6.38834049939462,-8.48161931570488,3.35005643398535,5.57859334415647,7.72982542794126,-0.777540739766857,-3.42965486075591,-7.17891045009026,-8.03631903655391,-1.86471860073995,-1.38031585781681,-7.10454539601938,-2.76677024786767,3.7081704152906,-0.824981094213592,-5.04478128274095,2.49804650185995,-1.75973013048222,-11.5056361504959,-0.858577794690617,3.47663510592762,-10.4485155189024,-4.82417649622429,-2.29366709171232,-8.74465743266382,9.37822986183685
"ZEB2",-5.68013546250765,-6.40196653873742,-5.63490361500644,-7.81830670132959,0.541333891198046,-8.71083792400282,4.40207073813051,-3.37917028249078,-5.57182770018723,-5.26176531626536,-7.44252209573851,0.174086681999339,1.99629515702703,-6.03007985862479,2.52844320003025,6.27683756820919,-3.17429090567684,-2.62138203959581,-4.41511379086755,-2.34649556581732,17.3738813030514,1.11238928664961,-4.11387867962827,-5.05612022000798,-3.47089201322816,-2.62519791793126,-4.98154088989927,-3.12859474110443,13.3109180822908,-4.3475208123839,2.26292541707048,-7.63414913157235,0.367632657216429,11.1058905512981,-7.77177308237995,-7.73292404441623,-4.20761475575752,4.28002615803794,8.77506439784767,-4.62369134141502,-4.91313564826048,-4.93660874598162,12.0946391264456,-2.82791159809343,-5.2075537255536,-2.63364056350274,10.9645490690703,-6.22664604320577,-10.2621138454863,-5.86627916865638,-6.10786283698776,1.89836818148152,0.651063862353043,10.9498425107006,-3.92840343561601,-3.67597261372351,4.06494015481834,1.10428155763473,-2.26774091321522,-4.9948732183804,0.543672343765071,-1.11612247465988,0.898058674351741,13.2219851653028,-3.14878512869773,-6.8313617353711,14.6489641267553,0.89495480220038,1.85035483039095,12.8293805936044,-4.44167319804933
"IRF1",-7.81614370858547,-4.05752210079883,-2.35347015630699,-1.05200144673404,1.11227334880259,-8.23274134099293,-3.29386915877564,16.6663985788234,-6.554866167718,-5.17948921510761,-4.60298311021252,16.1882235272462,8.59518270791671,-0.979081035209039,13.9741564198109,2.04898941678177,-0.972817319453935,-3.56643124150525,-2.78324969883848,10.9088225230937,-5.70922538459355,8.0607231044923,-4.96089742396889,2.81720532918056,14.4289740028522,-5.09734103072859,-4.54807187272385,4.60136023275176,-3.26547324628105,-2.45448809557073,7.93094925941481,-5.2307895710409,5.43571626385425,-0.327067614922649,-5.25640498418127,-6.5824781218151,-9.78260517905312,8.59505177764336,-6.01277980249141,-9.36846439184558,9.49534742774321,-9.80383778413209,4.87336584634969,-7.0532127172388,0.532718910849813,-0.631888442475062,-1.54638682969787,-9.77970242153844,2.07299719253598,-8.97611466635797,-5.4259177737424,-1.00749509223609,11.8626836080191,-1.4035382596662,-11.3688458841861,-6.36890896596367,0.882172178310222,2.8890776127854,-4.3459199286498,8.53067787713781,4.06482759447681,-4.28698257331954,10.0008467652349,-2.92509646059619,13.2233400880315,-7.75733428117527,-2.79586617240992,-3.2009239296712,8.55869158087136,-3.36811854436558,-5.99125537815324
"AR",8.74705556319485,3.38749607503067,-0.130176876615911,2.02932141907281,-6.31554761712666,3.89876881495637,-4.02187702339955,-5.54740602367549,7.62775606193972,4.66401316111488,9.35938762998243,-7.54224122251016,-7.40292225592218,-0.886484169680851,-6.18834382999894,-5.41613961381644,-3.761521197211,-0.960353481736219,-3.11511922721689,-5.33103568907081,-10.64705074836,-4.62201281527626,3.58441065028132,6.64739380858823,-4.8678419105757,8.45929798906462,5.27399325217607,-1.53272228497232,-5.30801146715089,7.0771067796017,-2.90196926757442,3.10730507369776,-5.08440044857834,-6.81809836886435,7.02789412629912,7.75743465245279,12.013648049987,-7.84474165924734,-3.62187694573423,3.9393128038416,-2.46003721511966,9.50793353096005,-8.35887428228107,13.7513867578313,-2.13053303127759,4.96014132135158,-9.3192156617249,11.0104974546572,1.41487814660938,11.6882729200494,8.61346872447215,-6.12841347396525,-5.3920729940134,-8.03573304689096,8.35405315166358,10.3608901171845,-4.96651752345225,-4.69683393708346,5.52796184888407,-4.10958469423604,-6.82138390691375,5.18848221315529,-4.12590926223598,-5.6293032316451,-5.72483634328256,10.0171357053669,-9.20090552793325,-2.5377757321577,-4.81829651214766,-6.32218793748289,6.00016233848722
"MYB",2.21702200300553,2.53199429635401,0.82422055088978,6.76476691265759,-5.53358981805011,9.6698995257957,-1.39359566454586,-5.7292633441953,12.2685949619347,7.79397984132988,3.74929002982168,-7.61977984145866,-6.91829107574754,0.92519159157796,-7.78677613839554,-6.21365227057696,0.929652185016276,3.68453561506479,0.381352423655485,-6.12882726866463,-10.4248155146571,-3.19806252302989,3.60253086105744,-1.56047734418431,-3.58930978478129,5.45394532693955,3.78728877728973,2.13900132025132,-6.79926185696728,4.06609266594893,-4.47173932610386,4.16779712998858,-3.2357470253739,-5.71404072991476,4.36128986720899,13.9888563791237,10.3878827532048,-5.70708387310414,-3.00418562403827,6.17334858643205,-4.38527240210334,8.65856181835023,-7.71630936140581,12.3414116351112,0.0852632381685802,2.32009819784971,-6.95221860749525,5.95590021774908,0.506099371913369,9.38957852078986,7.60760821839942,-5.25391984613453,-6.48898360801661,-7.68815788641787,10.1681525456968,11.5042908402256,-2.25487862912497,-3.15036564734718,5.23718262586354,-3.75043175303117,-6.72494609657372,3.77481434214192,-5.85376302586327,-5.08118613434086,-5.11722184845327,11.9133694836072,-8.06953977132534,0.266216056376376,-4.43790106193027,-5.90092176649008,4.38042602634017
"NR3C1",-5.52462200795824,-5.8274517771159,-4.77810517663207,-6.54275687018941,4.62836813977265,-8.65281794125974,2.4750849040404,-2.18502498479921,-2.40062389286639,-5.8719384643382,-5.22445144952846,2.63943129087322,1.05721357506003,-5.79718914989603,3.02642188668619,5.47134194926807,-1.57434035109819,-1.44325104744879,-3.3647893458259,0.739040020761803,17.0360458460389,0.612459101917833,-4.56766178715098,-2.99823447689864,-0.62566114712511,-3.3887465194493,-5.97678113227376,-4.54697511222238,9.98643649775484,-6.52724920234421,3.83101583958748,-5.97341492590884,5.46794402405474,9.27714597238342,-3.45295391992844,-3.69091983176157,-6.42188253641562,5.41809934905386,4.69240149246658,-5.34277300701504,-3.85837437735686,-5.79425561524946,11.4503757278005,-3.40287302690585,-0.61390310837625,-4.65731807810957,10.1873562239115,-5.84375704590487,-6.75922177188452,-4.08280284056412,-4.36384523774114,1.10452079670122,2.302341022862,8.79174399546499,-4.22475987577142,-4.87587132989598,2.0735770013303,5.43076049786365,-6.06892441607817,-2.53360971189739,9.90246718675819,-3.39369594140847,4.85437542532693,8.11376729651452,-1.87562733094806,-8.18220043024369,11.8703278677053,-1.7005426701392,4.15904783577822,9.16041849910767,-3.36708687520001
"MSX2",6.67415765542403,8.21855096468509,4.59339690180288,4.02197165188186,-4.54916907767968,8.10528460073126,-3.24518050925803,-4.50033286023053,7.59100806425549,7.99368458695771,5.26572338165051,-5.4699034107231,-1.98761144243113,4.16636965216518,-5.54156430273566,-7.33109488761528,-3.70161662737982,-0.30046484172343,-2.42908690877181,-4.58664448033089,-9.1514966823504,-2.04654128534175,5.03798651462363,2.03360656282567,-5.91638430891741,6.18732778107544,4.57180758532019,3.58545035682795,-5.5943676110392,4.92920351822522,-3.77361980746958,8.81580765635538,-6.92461587054127,-7.06314512181052,8.30102779019847,8.96111840189139,3.84624794954343,-5.61488467819413,-4.79598602631126,-0.0243957516641783,-2.67119312398244,8.09437759579375,-6.01566531679055,-0.363042044766995,2.03946154091941,2.48367783779228,-6.8805987731024,7.11752881762335,9.66851218998884,7.18831231148279,7.2058773293493,-5.00277418031991,-4.61428774911731,-6.4351025465374,0.0230567830209945,4.10585191035629,-6.25303093404388,-1.52883282337073,4.74150381140654,-0.554872819949501,-3.59048200004001,2.21689714470164,-3.43729694149064,-8.042684306845,-5.39517449335806,6.4906432672315,-8.58045291122517,-4.58741368015067,-3.19248609722376,-6.21008151581828,7.4198945765316
"FGF2",-3.4907031424672,-4.21217428810905,-2.9013304065597,-3.58158349059872,5.81911673788911,-3.48985633631079,4.22335710032139,-0.145948507183299,-3.29741810682797,-2.09544091133321,-4.59161085045986,0.502603690045653,1.91738578052503,-3.22411487346455,2.73682966503593,3.46375026958723,-0.751995046091676,-0.0681657458353836,-0.337025454537192,0.269625810205952,9.22912554609284,0.029334289153732,-4.31294199603958,-3.06106225935221,-1.98497521060913,-1.15800639133695,-2.9192927629118,-2.0312966064248,7.36193279871258,-2.53304784099664,0.0771908364707904,-4.62405941871417,0.231927612152541,5.05863647500645,-4.5522365159234,-3.607458866216,-4.82878077944375,3.29900900326623,4.49534263684426,0.168360824470186,-3.92672173504744,-3.99488251845963,3.71733694832613,-2.54172464532152,-2.48638375924515,-2.38149688391925,8.51081907408718,-2.92105897362279,-3.89058309672979,-2.70100324654478,-2.35393075006024,0.572816892526585,-0.242968862474511,6.48743693852597,-1.25133366154178,-4.0149676713745,2.09150258262224,-1.52859213573423,-3.72069225289692,-1.758024615626,-0.0986389572949511,-0.613324092250559,-0.792186536345532,8.37236679208177,-3.47465566030404,-4.14498447260523,8.01524907929206,1.63700298066263,1.16514258472704,8.39841118075097,-1.06336535844749
"ELK3",-4.58870111011062,-3.70258967350674,-1.39168066037075,-2.76882250428086,0.475786619732478,-8.04725070514533,5.97208236159566,-0.481707513215579,-3.76518768086875,-5.90283857446841,-5.25242020916934,0.49002852461108,4.61539277825808,-1.2864031606607,3.56226616038,3.69189319434802,-4.29316848433238,-2.0251485505337,-2.85963268272684,0.174181030244424,14.898245012618,3.87463112311797,-3.95466933778585,-3.1765567335595,1.10131238397325,-3.24057868613882,-2.03653495637086,-2.31547109967716,10.4246709364881,-2.83376821249962,4.23505215771674,-7.17336619267318,-2.04071900792068,1.89000612157803,-4.92857989786803,-7.43590125765483,-2.54303882655586,4.82039393596919,5.25389680109784,-3.89979652617745,0.855193505596848,-4.31086539320369,9.22121128199463,-3.17354977324668,-5.62501820484302,0.403609684813652,3.88223002139937,-4.2208989604436,-5.53420402827141,-3.14725576787749,-3.73651044600452,3.62517912899444,1.10627889157556,2.14884970839024,-7.01251201838492,-4.48113759718798,1.80010642218965,0.353117275551608,-2.11468453797698,-0.85904707240712,4.91463120324607,-1.23997921323069,2.91077138118693,10.8461759578855,-0.629497935898265,-6.13748688076205,12.2414428641061,1.19497348162791,5.11996407274044,10.4257251542194,-4.77397544334613
"SPDEF",6.64855035447178,5.61534173865785,5.09819482968937,5.82077872405865,-7.32750523203618,8.16052985323173,-1.88632202058739,-4.46886326926691,3.79269190176984,5.13170445591335,7.28830333357314,-7.36521694113531,-3.25825764166156,3.52370344470362,-7.14744169376604,-4.14498763161633,-2.7083373617116,-0.378906725949848,1.19257197565576,-6.79360238747969,-8.99952504961059,-4.34924992254479,5.17825154399696,2.80065789486973,-5.90571734884115,5.58747254583232,6.13061242250437,0.487954220151698,-7.24520175490169,5.253862548076,-4.43631913787846,6.61967502987128,-5.60803530806933,-4.64736600718708,8.36676392131666,4.3240268840432,8.84404909401321,-5.16585910463707,-2.39271283091495,5.83154451799056,-2.94450329183437,6.36284160823833,-10.2672688011209,7.67337676006496,3.3478631809139,3.32613481521591,-5.27181391696021,6.84599051011551,3.73141186505341,7.16364026305082,6.73694746006003,-3.32820963064783,-3.36268513646959,-6.29280333293745,7.49010718731252,5.61299700859994,-2.55056665130149,-1.75028694458501,5.32123102903428,-2.59903693652674,-5.81052772546252,3.63989879256834,-5.67364659165475,-6.06994239771459,-3.16085782354482,8.33523114928649,-8.18483066142591,-2.35933073141896,-7.07137921208199,-5.83773544585894,4.68515079873263
"GRHL2",1.64366791270125,-2.19269158192755,-3.41105880497462,3.30815023059663,0.603167656285049,4.27086533157558,-3.32829628268922,-0.260608140268042,1.84942203099936,2.41318551583384,3.22706319009022,-0.171093619362357,-1.3690011414523,-3.10537038308068,-1.66707359506636,-1.50900607049103,3.09701801393548,0.149497296418142,6.52663467113708,0.463889821328228,-8.54674369787719,-2.25752089485876,0.780122786613524,-0.660045470494668,1.46509362355126,1.92724219573906,1.34677927799241,-0.172938445299736,-5.81107920216707,4.30409773597824,-2.07078811333959,4.87264945321309,2.62936047239294,-5.71215233004892,1.08923348517257,2.60016405553296,2.83734465172677,-3.03931872182709,-4.2363799787707,3.8463691100027,1.59292109502996,3.76146460837873,-5.67557766068136,3.1332753846179,2.94264637046467,1.06719409326352,-6.21068482575463,3.7031275214213,1.30319754805843,4.68684526726081,3.72564189658037,-1.91893212325797,-1.68912392215429,-5.33356940948607,5.56693425313438,3.773880053152,-1.33419095020076,-1.80282589820414,2.81931587602928,0.366334190370293,-3.88211661511895,-0.668878244164117,-2.25865437783794,-5.55791132679341,0.204637152663649,3.86679784903647,-5.38482508034074,3.76294074858033,-0.64162872594804,-5.76772427253455,1.61960365074937
"RARA",3.48878487340135,9.09573607370538,8.78569636899441,6.88955924313219,-6.85493755766963,13.0146471448021,-3.80286298049854,-3.35160493842711,1.77552955858396,11.4605645895254,4.75758573584691,-3.51230715912637,-3.20032235428335,7.29043778680748,-7.10201369212371,-6.57994660429173,-1.11619400920519,1.18451502188809,-0.840699500206096,-6.65102022945067,-11.8242056597759,-2.76484403619318,2.25701355465168,2.89952552541056,-6.16840796430208,5.82277017115997,5.146184468579,0.977112720975207,-9.73628201568329,4.18374846933102,-5.58065692319696,13.7174265425061,-4.8527842039425,-7.43148223667025,4.45762226374849,2.32337118780629,2.88642119264816,-5.25376296775585,-3.94650417218633,2.96813970309395,-5.23634442149718,8.63561424495522,-8.45642334686811,3.49539236320922,3.24170873880564,-1.30661049220905,-7.52490264797901,9.23459390852608,10.2532550621458,1.88109216942436,11.3120405805392,-2.76394046974753,-3.41154232970753,-8.64115062398136,10.162959499977,9.16977775143156,-4.19042871179812,-1.14282108817707,4.64733117207264,-1.77984620254087,-4.45245687484745,3.03336122712343,-5.9762935498019,-7.37516077311376,-4.87552024887433,5.39608838027264,-9.38469073214516,-1.54814679269087,-6.79576592475178,-6.20478118903417,1.51032688786222
"SP100",-4.08927231410452,-5.39389852622378,-5.16030910871672,-4.42751395675996,3.51778274528011,-7.34989312301078,-0.33768724004342,5.43724169289432,-3.35217928933529,-6.31858387689963,-7.60323381809228,9.59861538940608,3.21246566428727,-3.88496331053139,8.15668806756842,2.09534270188411,-3.81687742799418,-3.63680404227045,-4.24149240618136,6.53997002583903,6.62639962716653,5.76403259426689,-3.96900569068587,1.58067298270714,4.2019850893429,-1.39329203263459,-5.22545948337632,0.369152381907782,4.04865346179774,-4.90711335200251,8.06654589666508,-4.57813343125906,-1.31605356442461,-0.340850499585648,-4.79057979165985,-5.05701343940867,-6.83670929566159,7.97706838126317,-1.59109563328135,-10.4653963189544,1.76739202793575,-9.37328733672336,7.8929319550177,-6.81573843550797,-0.566078153702968,-0.363443205402652,4.03665940230014,-8.68753753857155,-0.536254116331801,-8.20589170175946,-3.71425924827127,-3.46433284759344,9.04520324738418,4.47246163293737,-6.91104163420002,-6.1241003813752,3.37898568621909,6.61030622306725,-2.47806944304366,1.96850509904658,8.58804803066124,-2.90386928373881,9.59125566287118,5.70997849027039,0.632873089853717,-6.73455268103764,-0.693872025297226,-3.799979376837,6.55178968432918,8.17476665069199,-2.14272250780023
"CREB3L4",9.43885652189337,5.79459788086162,8.29362262888528,2.87898319889078,-6.79829321617031,7.97936927430037,-5.27784069976453,-5.84210157323473,1.59178843200218,1.69358268553474,9.86884757006037,-6.68186882212136,-6.48467782727141,7.81716643759562,-8.03928810497542,-6.27518755671576,-0.100600408039942,2.24991416321878,2.3388897122569,-7.01130171969713,-9.06217241357629,-4.83220537427762,6.21289421263974,4.09022015139255,-3.64801863691498,4.46793428603248,7.43823232238782,-0.783156723380904,-7.15659743324346,5.56764847502736,-6.1737360738344,7.48674629329456,-4.20605328937026,-6.33904194242952,10.0209590590011,4.59344890982934,8.49980299698025,-7.89747366363963,-5.12735663725835,7.78617364725064,-3.31680382267225,6.63627866458011,-7.88385863217746,5.55670508523852,3.34685420333774,4.73579818536362,-7.46878054536259,5.87676667569093,6.12997607012419,7.5403965617729,4.44190738157471,-5.05449074783801,-4.95064912111672,-7.66032660271875,7.13747726727474,-0.422479121549619,-3.40373998522424,-3.19311010098451,5.45461048605965,-3.74630150267468,-5.53813937750018,5.21473453251415,-6.54385793457732,-4.86349230368678,-5.24830387135353,11.1018803992436,-8.35968184141948,-2.975634997751,-7.0381819751157,-6.49334086962418,4.40954515803217
"TGFB1I1",-4.66548152839309,-4.2957666860201,-2.1218410188538,-4.39025768955229,2.48161942517823,-4.96011888635897,4.29270043057056,-1.65351281435527,-3.0475620169418,-2.86096833346405,-4.40561393685817,1.87549912291353,1.24447880609178,-1.81611589252278,3.78548509881606,2.62363651347516,-1.90922842963352,2.12375763377656,-1.52390797103226,-0.432761730346959,10.8056022196958,1.46572871522429,-2.31568563083021,-0.67331376825392,1.54722758161561,-3.51618703714268,-2.35930914304258,-1.72675281206595,6.3706235999129,-3.48306619185443,2.65562545019852,-2.70270597522038,1.34075724061893,5.50322600045389,-3.2820551107013,-4.46409529489693,-5.4156845475477,3.99764118813004,3.35558651271185,-2.9507770619938,-0.946623016714501,-5.58718871966736,7.13860528257694,-4.26919852939581,0.371737897879086,-3.36238364303793,5.95511834163626,-5.98586038443377,-4.0594016415956,-2.96507748133153,-3.40367901694235,3.60613379581226,2.73695461942723,3.19988933750382,-4.57299636441592,-6.04637497691281,2.92815027821207,2.95749977511083,-4.32029767233036,-1.04827212751615,6.76793131584165,-2.23094339754667,2.40222073895793,4.39392905089167,-1.39383564519511,-3.84882245759276,7.61240641553385,-1.61143993688364,2.66037994075666,6.09521838777917,-0.976474090229712
"RORC",8.86467875592629,4.72701563820655,5.85274620340019,4.34314729312341,-5.39796474108613,6.68267413543513,-3.08527341247038,-3.548830664176,3.2908527257394,4.31893460412232,2.57040999903598,-4.16697136101015,-4.24001094552939,5.84162633543128,-5.44471679588173,-7.01738509416062,0.746024691729586,-0.192794251334874,1.06836266544568,-4.97017819456856,-10.4629126923878,-3.58755298111932,3.00489065323173,2.18124297505464,-2.00795583946916,4.10284843317846,2.35654658416293,-0.68600704109263,-6.20227054243525,4.40760202446646,-1.15394117149417,6.59512504074373,-3.48751551438487,-5.66118962591827,7.72573325784379,3.05909685973671,7.63541799148723,-5.0659516030679,-3.81669741659823,4.01391618995991,-0.827268833361288,3.54895909876675,-7.7432140068665,2.46562107669532,0.446116359260148,3.32620691049711,-6.0641172726542,0.989651919896434,7.28515677118462,-0.248367040436934,5.49692574009944,-0.635789047086693,-2.55810806503856,-7.15789583249717,5.07640770110537,4.61937864261782,-3.95420137042005,0.594582045844447,5.58872943491096,-3.19442920999481,-5.88532805883917,2.85800965911284,-3.7233849309628,-8.31358934328837,-3.88197916851131,7.32703016474476,-8.65702801235699,0.0938227001587104,-4.74996488305114,-5.29529119637945,0.621460166673428
"JUP",1.06740401785482,3.07759597744814,3.63731927671467,1.0427461740276,0.867572591249444,2.11137375539446,-2.74663304339169,2.76422030681482,1.21282164835232,0.701897206138713,4.17824040039177,0.869669856100003,-2.73873911792543,3.90695340993844,3.00606577794514,0.610756624597959,3.30472070791493,-2.02652049301409,2.30733625455162,2.08788193575541,-8.47671571947312,0.353317369511517,0.748296902834063,1.68314690237293,5.05210961854929,-0.510302834232736,1.05560740131864,0.198490804480157,-7.2107291085133,0.901417358041266,0.699090097472964,-0.750294027252609,3.1725673911346,-5.49384514588078,3.00106541910057,0.923782805129869,3.04827574122953,-1.60564875333272,-6.08792845482191,3.38402026708485,4.92923572762773,3.01561457833092,-7.10778989409677,0.878317688113213,-0.321446547417543,1.55113564760396,-6.92123021431993,1.89401505609197,1.73489288042167,1.1800733727394,1.31588282208211,-1.39266234609625,-0.772846520440395,-6.26305725767676,-3.5666202944073,1.91588319965288,-1.24382917467094,1.15427908116863,0.0256236557883248,0.349894388888571,0.248136519500303,-0.894407298293935,2.39533202341818,-5.30484392263869,3.47289831361852,-1.68199639305244,-5.57410312248072,2.12527000820015,1.74461843601555,-5.98138319794329,-1.41929436207673
"HMGA2",-3.86102183559934,-4.61536624636186,-3.8992396187187,-4.74397484280353,-1.40166905356403,-5.59261559058209,4.61069513721067,-2.11375802762357,-2.25882650045554,-2.72553596109118,-4.36984350442657,2.38093444474236,0.80613898841469,-3.1975819941136,1.27426673836923,2.83377361261103,-1.85860586846237,-0.565872009565494,-2.63242633955227,1.26379815756544,13.2921329061758,0.429741927102564,-2.11545851210594,-2.86904268281587,-2.37409813318375,-4.11225169235506,-1.25725011379323,-2.66573411751535,8.3215754255808,-4.55640882316166,1.03117777569197,-1.40272548036128,-0.334748187069566,8.69243578494036,-4.02703166118042,-2.98907230673705,-2.7578541244359,2.94090394380036,6.64873835178968,-4.01909392234659,-2.16057236487084,-4.70813190793318,8.98725107067038,-2.54087678784303,-0.533282113104919,-4.23008147706532,6.9353077763764,-3.96551713188255,-5.51846810732022,-3.09135999240853,-1.89540528708342,1.50563052163298,2.99087297218968,2.24016836008373,-2.08230380980908,-2.68418565364552,0.0258777737878067,2.02483727578306,-3.62473880198547,-2.34209154281207,5.88625380091187,-1.47689230755295,1.72184591269478,3.86688500235116,-2.66812628435476,-3.46966079300603,10.7572400689692,-1.42717203231655,0.986930378747301,5.77764427271616,0.888427342869295
"EHF",10.3165226189059,2.60063153471012,2.96159266120655,6.73151240956433,-1.81075049719422,3.82811691394982,-5.8387980115727,2.3958654495181,-1.39521411898146,-0.280407298682275,5.48283383908866,-4.23589795431745,-4.55406010484116,4.37474542824629,-3.21261906284922,-3.36530106299465,1.06116085069503,-2.4144607515084,2.78270253681132,-2.14477435383971,-10.284312344299,-1.33476668162626,1.96998552097999,3.00465809618705,4.32615174250909,2.46538794378317,1.03875269812611,0.502675881029995,-8.4524324757301,5.39442857889522,2.3351956644392,-0.577298482739067,-1.9742343066427,-9.42339918358463,8.26597598874766,-0.740342581452199,8.31434560489903,-4.79271769154307,-5.1714766572304,3.85336728224062,5.36988790529345,5.12339099658924,-6.87229858444247,3.12537362990346,-0.447643105315103,5.83790548888193,-6.90590582786915,-0.549427303150994,6.6282077185853,3.74764726019801,2.66040221257437,-2.9544627002943,-2.18781879509985,-6.28396352045818,-1.34874941939543,-0.968184253722899,-5.98572040071891,-1.21296139227102,2.75737227291324,1.03244934574941,-3.95895354004851,2.97110869256382,0.770631486260388,-7.49794589965889,1.81086705173787,4.22216077201481,-9.2762592734293,1.39684538848184,1.39655393394232,-6.03585131831178,0.638492370596449
"SGK1",-5.20997027899826,-5.79953693266766,-3.53600403954877,-4.50526313086274,1.68784821351142,-4.71721333845306,6.95541934117943,-1.70828038127914,-2.54288565118872,-4.36707922631761,-4.28470742716573,2.70787191617793,4.00633919108199,-3.85041317456856,1.11602826590379,5.55092326987128,-0.319652530740897,-1.32238307299675,-1.04147755119537,4.17843075750418,9.92924870147518,1.83993443479935,-3.0319075822673,-4.6351473000252,-3.30831722071442,-3.52280851747502,-2.59146798030449,-0.517297474065887,7.56207531313297,-5.15853226667634,2.05955657370159,-2.72498162396632,0.660117453244124,7.72906043741657,-4.8884606683358,-2.57025736470654,-5.05703828675267,4.33759923623298,4.60914756737218,-3.28999779368965,-3.04330827852571,-4.828764189022,8.15102654049294,-3.3298521863473,-0.487885949678705,-2.35094545023833,8.03749123092882,-4.37901181758971,-5.13432815428849,-5.43578485735811,-3.05337859654083,1.0572828756455,0.752184937143776,5.51249521768722,-3.72067295349752,-4.17655350257744,4.27366838326345,2.7331415460343,-4.05528341727203,-1.52166891456035,6.09489862436755,-1.17460714760934,1.95363564256654,8.18250870166706,-1.04583145111817,-4.14262358460379,6.67580453431637,2.01500317149423,3.36693998741684,5.77598911679864,-1.99523605237104
"PAX6",-5.94167051013013,-3.24227920735464,-3.72107599687149,0.369151064794959,6.63305159361806,-5.5991835137115,0.636705063038058,7.46446726934992,-3.32835312007497,-2.57952117480283,-4.595528103102,5.61677508486611,4.04606050752361,-2.82482356454036,7.25319553879819,3.51347034154444,5.14121189650674,1.41742265611587,3.24774822497136,3.92231273982144,-4.3897486188309,4.10097455764185,-2.877628324998,-2.07832018893628,7.41116433864701,-3.81706169631069,-4.53055576201345,2.92460627209813,-0.50057184489839,-2.29204286772145,4.51261391952301,-4.16687536503848,4.61659098922424,0.433640927773762,-6.1263769164675,-3.80797164700148,-6.16640272876071,5.1957828903518,-0.481893818253096,-2.61625328883456,5.58880719721134,-4.29139802466482,0.75787652310264,-4.44564103472934,-0.527084252231386,-1.99824529293594,-1.09642307064085,-6.46584484816213,-3.80267066894727,-4.86857336474927,-5.04862997904905,0.616876442412139,7.98119515074475,2.21222815549273,-5.87398415180921,-4.28622914824333,3.89569452114449,1.15001110874392,-3.73155764505759,4.51989362401917,-0.885377859798939,-2.3508505619787,4.14832150333247,-1.31560108893502,6.33935109498305,-4.65208439842772,0.151589516366924,3.10648358098624,5.03246501172758,-0.785344812569038,-5.09812830269067
"STAT1",-5.05968326604891,-2.61876394744848,-1.69221793242511,0.694115195093601,-0.0712790948229507,-4.21547263722178,-3.52334600637235,8.02055719451753,-2.33618728070338,-2.81803660984146,-1.94541355708304,4.59280489525164,4.97036478875935,-0.559487130037431,7.24447012087093,1.90090823250252,-0.254113245537053,-1.25147209240507,-0.988841264387403,7.23692761838892,-0.835117351837262,5.05332824015454,-2.66909780607148,0.145961960901639,9.43646280734981,-1.82329594247407,-1.44050169768199,2.84405554935227,-2.39107698998554,-1.34071552983846,5.96930253709514,-2.82867567064892,-1.40591195084197,-1.44414670970538,-4.5010614894116,-2.24332932718842,-4.95412819790296,3.33031652231907,-0.203628756233943,-4.83105449722074,7.42903107794655,-4.01186581808718,0.482248828101471,-4.82672049531799,-0.49188081015851,0.713261178265726,3.85015706110352,-5.35646744665314,-1.70416761197479,-3.37456988245333,-2.98911576105116,-0.0438483005428222,2.17080208467542,3.58729270925068,-5.02980420972068,-3.32602335709526,3.05641509678189,1.66171390437928,-0.958264934949796,5.31911621949825,4.31767524395677,-2.70515814980957,7.16199337364301,-1.27439304649375,6.56962416534714,-4.55401535719923,-2.82078192383992,-1.89555808470896,4.62448098146298,1.09306012864818,-0.747452970505664
"ETV5",-5.23644222631254,-4.79837561749376,-3.30904205221959,-1.81930008990608,2.22250742026907,-5.82924943169331,3.8982871121476,-0.582339984916792,-3.99014758097814,-4.68282015488489,-5.22570929274517,1.66485322140287,5.03706585621235,-2.50819503495789,2.59021534606415,1.74756841478756,-2.25460429755756,-1.03409960069075,-1.59619752307508,0.212533582569104,8.19813555217947,5.15695476850494,-2.77355960258307,-1.56885365728788,-1.20773778332561,-2.67845307864556,-1.95855510484529,-0.44547404196577,6.17257219420055,-3.53420533430728,3.7545489598437,-6.65042639098529,-0.818505020503715,1.67259670343034,-2.84281049845034,-4.97153476779746,-5.88226762232072,5.46564622034214,6.92028747880722,-1.96941789838032,0.98733940485358,-4.05582420558796,6.86869363243386,-5.41952318300426,-2.13069860346803,-0.129260344605213,7.71479594231779,-2.65719975251719,-3.56435351498564,-3.76649614310399,-3.42801541852618,2.48358225063151,2.29287690025927,4.53044710556685,-3.85352430370824,-2.7414750699247,2.46491919428718,1.49213891905109,-0.8089540604365,1.7915269450726,4.62344145132339,-1.35112787227392,4.19938150443931,5.23164101189628,-1.85095785852702,-5.11872401014731,6.95534747874899,0.627791650114595,3.92161455238231,6.47370904592429,-0.839015800106
"ETS2",-4.72029533911624,-3.57009046500663,-2.53549576020072,-2.83275169254052,-0.258195839840042,-6.97317988936696,-0.480960857267896,6.41621288425451,-4.69377021247772,-2.2011892478014,-8.24064771492537,8.69314064838274,7.34465822532488,-1.71824663535382,9.05663568660742,1.41544439828542,-2.13365231763324,0.224593423207866,-1.2972681754237,5.6911038962839,-2.28017213361151,6.7317462384719,-1.112286856691,-0.834561113159792,1.08996880203076,-4.27862236694232,-2.67399444802338,3.3976235362345,0.0403148480288715,-1.18956873021797,4.70792739439755,-4.97463576241931,-2.21551115121283,-2.87761288265065,-4.06857661831185,-4.01574648363456,-6.39472712065577,6.63255693684578,-0.503237996132677,-7.87355945216268,1.42575918604072,-8.35725495841015,5.90109568935059,-7.62070045550365,-0.289525048800181,-1.60177743837868,0.562828566568697,-7.43639659885867,-2.75970396371057,-6.25513242145166,-3.69898909300921,-1.4328961767984,9.67410270450767,-2.57320686959868,-5.23503470371619,-5.92950441360755,6.03370546719608,5.59314020298902,-3.74984396926232,0.442070467288825,5.91897562842284,-2.41951283967848,5.29634146493231,5.57666382386037,4.58984072771786,-6.05122660754363,1.56482942822434,-0.570961684910738,4.57571700462147,5.10257684566836,-4.330500371205
"PLSCR1",-6.86956221313021,-4.23818988164094,-3.76269424219306,-1.33916406598211,4.80785733196864,-4.57378882442385,-3.76854617003274,10.5715224790534,-4.72292977966925,-4.50148387748723,-5.31775746989569,10.2511052805661,4.78606366690181,-2.42701720411547,11.0117255637666,3.79063451795354,2.62410485136939,-1.17241652870391,0.45186498510844,9.93093921602239,-2.27927420684721,4.02026305234461,-3.55686415055095,-1.53487241262537,8.56879993237111,-3.87136029589767,-4.69865933550065,2.96326438614427,-2.31511907882791,-2.99190775800878,6.63698732505934,-2.97802342692042,3.59207286129806,-4.87369688056685,-5.44544272152039,-5.51570100471339,-8.611296909795,6.94035014390434,-0.160347042068545,-5.94316987824852,6.71729354559519,-7.40820021894453,-1.40106310509805,-5.76298867858801,1.95008709038793,-1.2033508486257,-0.00834178351250353,-9.31095300478704,-2.91017560830316,-8.73562736754376,-3.58772366555276,1.7273284098179,7.26693644224401,2.59386932070529,-4.96245304363889,-6.55786317369975,4.38236528446292,5.78977939290891,-4.87098926776399,0.70363932556806,8.11664224896185,-4.72355815432395,7.72416428150947,-1.80931457266108,7.24593997554297,-7.05995077804125,-4.38337830012253,0.223600981637376,5.14523069636269,1.77094958163711,-5.0452340056542
"PRRX1",-5.24104345217276,-6.16306131397166,-4.96131854260621,-3.76445452457192,1.33372004170882,-6.72603078514555,8.69239151233437,-3.00267761954243,-3.7503402036515,-3.06802353594255,-3.95704805287601,-1.65098264026241,-0.522041442235281,-6.25997154715184,-1.86636097285851,7.48891349860368,-1.83832159175504,0.590874035535501,0.223647072498317,2.10272102939002,13.0766512012262,-3.27247059024566,-4.94604152843618,-3.35154007224233,-2.65652189686697,-2.34328084445815,-3.9332620507204,-3.90194200026108,10.5991294572159,-5.0651227746452,-2.26782509610577,-4.02208739661709,2.50009230006215,10.730905983129,-6.61466703664767,-4.98877746812396,-7.27179050939541,0.96546497447298,7.71758274802346,-1.3996969672563,-4.83561166343567,-2.75139727294677,6.43233811245484,-2.81330729033199,-0.481925066329547,-5.41929167328383,10.8819412080489,-2.70557026743489,-9.42442749518174,-3.75892623952096,-4.31465998745468,5.38162778833166,-1.89247436926337,11.5716363807068,-2.16183755572757,-3.32440118558269,1.64408621102744,-1.63498130860774,-3.99391430159284,-4.42037390955846,0.417817589320561,-1.33234640518888,-2.4117546212336,5.93290480417779,-4.13485629807868,-6.76268901271657,14.7484409179168,1.3865704263985,-3.21799436608669,8.07303743690558,-1.88966097806967
"TCF4",-4.66945501468273,-4.97449229332606,-4.1985167622538,-2.92267627479233,3.80673695377001,-5.76559747910179,0.824349256319826,-0.790597274648642,-2.35949507377794,-2.14586444850518,-3.9597686813073,0.312493373885929,1.43828449901106,-4.34770340690924,0.506408712518114,4.40919393754459,-1.53706209706325,0.980685877501836,-1.51698897306584,3.52862829532763,13.2970273799909,-0.746124490737785,-2.16652500309735,-0.847743667493443,-1.27214737389087,-2.21199373182768,-3.65918324455261,-2.47436309531759,8.32695658916762,-3.69878423327305,-0.738965637846341,-3.46182068520666,1.27293001285156,9.32048883058053,-5.54663375434714,-2.22400906515316,-3.80535320746342,1.21016865616005,2.91206621697603,-2.15939395896184,-2.9661484214632,-4.15080521681754,5.17885774473849,-3.68856467709612,0.329611713519557,-3.6825845707774,5.62523027135239,-2.41411027768773,-4.24119388821935,-3.23501323541115,-4.37311548525961,4.08665820102487,-0.277346846486982,12.0100570932224,-3.26648280787824,-3.57404347049578,0.723057706264802,0.118104999289062,-3.19420721017939,-2.06381286025715,3.25596980426564,-2.87274300509275,0.0554883995378747,2.57582892059675,-3.33048090763494,-6.30782200202057,11.8906389926626,-0.770545818294874,0.684290914678362,3.71657566074489,-3.86116253967602
"VDR",9.58433850013146,3.08728094813588,12.6132330440382,10.0000494326819,-5.05091613819277,6.84473530355875,-3.95820280401026,-0.234667739980443,0.105511236927373,1.29529789244303,7.59053106345419,-4.68307921936568,-2.9267806570636,14.5592772461756,-2.45237544972147,-4.37667967333145,-1.82086151686291,-2.1990987324485,-0.871101463231123,-3.22919474383097,-9.23451588724785,0.554170014283274,4.08898134004779,3.03312389642775,2.89092770336751,0.656379413442935,3.42810481995559,1.18447494931848,-8.83146861810279,5.66986174250973,-0.295649360251275,0.594529921493824,-0.0740462834968295,-9.15490781744158,11.844225409696,0.597899449661369,4.57513927510532,-5.77207143114551,-7.4959059724201,2.82111959462623,4.73223938428987,10.5916699049649,-6.40119066738493,-0.391889256788155,-1.06638491336375,6.52857839874202,-6.64706252627846,3.07587506726302,8.02900264187753,5.94393039433347,1.52653763329103,-3.34866103439377,-2.78179695790701,-7.33461174595423,-2.121356587279,4.04670689728821,-5.98453555244354,-0.721734244362934,4.16761518475107,0.682599518110383,-2.43553102277887,2.087796703845,-0.924970932062786,-7.82906344191571,2.69184201109561,2.20207373963988,-8.86229447216455,-2.87987889968887,-0.400902074191819,-6.68997747333433,4.71783709749483
"CREB3L1",2.40590824214095,0.128848438858304,-0.912465444800955,-0.26441189681834,-1.60079239273063,-2.78111299166278,-2.00884813885867,-4.97383008924509,-1.27550645478265,-1.25123210542683,-0.462874727737836,0.213697969410585,1.08979836951513,-1.28400866070226,0.185190117380924,0.257352277070078,-4.27221374178863,-2.62280675697725,-3.90823653929519,-3.9718862237055,4.67153202831431,0.779857570011684,1.10824915069679,2.0953303253118,-2.82908360923808,1.66381892653516,-0.168470576429341,-0.870973648929957,3.23568837863802,0.807451332427046,3.12055359420275,-1.27523448400441,-1.42637099222645,-2.35816085832293,2.91757782659601,-2.76892145261896,1.61934627551028,0.308222563233278,0.0450587886073781,-0.659006817708226,-0.949969888482059,0.522606030053287,3.64806465362774,0.426896232379551,-2.54798035931399,1.9535845933832,2.77692013288652,-3.09380268047347,2.43275966051257,-0.969237444910821,-2.77920328184986,-3.01804476322529,-1.95099788051915,-2.08336247678036,-3.57183108207738,-3.05026351533826,-0.540526916305532,1.01432723954222,1.02044272311702,-3.88540031380721,-0.439091158530731,1.42489069225464,2.2838070789398,3.30653945459281,-2.30343997272668,-2.05768042062146,2.00474464938414,-2.7561134786352,2.97569394174964,3.22625925178517,1.58778566711116
"TWIST1",-4.0512359676055,-4.0072117817515,-3.14879728904513,-2.84251715739638,-1.01646854101159,-3.2727054322739,4.46454639437191,-1.51171014297132,0.485386723610263,-2.36864768106296,-4.54001940175548,-0.503193466476807,3.37993127731622,-3.51370805871491,-2.09494785534884,2.64668737427223,-2.13327378924826,-0.0199159051749795,-1.99473316015921,2.41661145851966,8.10131391855903,-0.594647328892382,-1.40521339449158,-3.74150358897155,-3.80664070889056,-1.08830904164933,-1.23387658808317,0.846950114950916,6.22378580327798,-3.21294693460007,0.260664899689286,-0.850814541910917,-2.99226324848525,5.66255360709973,-0.671469536686961,-0.421015325328017,-3.86198910229578,0.202644694407757,6.57452875137353,-1.45045483558536,-2.04966774443153,-2.46543317412238,1.43175660564536,-0.238612798870352,1.04931686449046,-2.86593838312694,6.70097166372991,-1.37405457796415,-3.29066999138227,-1.80371170010524,-2.73887454060884,0.852276481291987,-0.839371675024893,4.53518346508613,-0.428979947827468,-3.16519602151404,1.13169103553072,-0.651664618457275,-0.329005253754385,-1.93011797352962,1.23375191949925,0.115907589839224,-0.317602375497843,6.80968399737612,-2.74540349006648,-3.72377038255363,7.40157544720593,-0.690033201177943,-0.180691128030868,3.52147368214057,-2.80491216427779
"GATA2",3.83113460787041,6.47099368724875,6.49539276477516,5.46286883820608,-3.88369990424395,-0.53054466315941,-2.94752070926391,0.116207268137215,0.42390322954355,3.95718079040561,3.71408322375559,-3.20708221582695,-0.271969644343042,4.29072365179467,-3.91988219774687,-3.30580076130246,0.00975615133695999,1.71382283216426,2.06427842421589,-2.22176232543419,-6.30360862459723,-0.220386927984141,1.57625116553008,0.680633599816999,-0.544881705564321,2.00678691252091,4.84286767686338,5.0214757083421,-4.35646836577823,4.41112694531074,-2.00693482481574,3.4205529097712,-3.41986920543066,-3.27188927899634,3.25882952663073,1.43154854193637,1.19914966880439,-1.81510184235105,-2.26393874047321,6.30442352538254,0.192577444677411,5.33828893166124,-3.97211149805375,-3.31058027123666,0.862347393029418,0.0611308301497468,-3.96991509335423,0.405371682861855,2.19282293355804,4.46909471173677,0.260426573844932,-0.431790599784443,-4.29346968446149,-4.20764745946362,0.519601931923521,-1.40268270082248,0.604551520753252,-3.34331140751335,1.79896858349588,1.20295185498769,-3.56313919830784,1.9112124485978,-3.50769674467893,-5.43150777269743,0.0367096981390516,2.32730412197428,-2.40373913269046,-0.303976034402992,-2.84409790917142,-3.02135938861222,2.02071600898607
"TBX3",5.28278799931426,1.10927270733806,-0.762518272320125,0.113479271446425,-4.46235639008635,1.2818588275498,0.154164507862111,-4.92095289186148,0.926325188549431,4.93621694112664,1.07319844464722,-4.95961283546169,-5.10479713974961,-1.96638000220786,-4.30080186125468,-4.30458616291119,-1.141884986312,1.87155338335577,0.478481327558309,-2.20031553770062,-4.60745648838889,-3.22114960337666,3.95877840224765,4.3095072048536,-5.9117033268245,3.29830373478368,2.56413275046617,0.306666421517896,-2.8689804357767,3.51334790054422,-2.78509438635712,5.86204806870791,-3.41194827865159,-2.77593271353773,5.55396675589975,0.0423239354114311,6.35995765671313,-4.74875999503154,-3.17276989755385,1.42214691124951,-6.68408347367837,6.66445604852636,-3.26145045252574,2.65631108750931,2.56943084498203,1.39486367371295,-3.56534589574474,6.34730758961608,3.19022281935063,5.98283014772968,-0.557375481202728,-2.59158285054555,-2.75778458735399,-1.41411132845032,6.10834876318443,-2.47832387513754,-2.70047611813895,-0.149586754452444,3.06387505185784,-5.50505474714407,-1.97288827759436,2.07295041677775,-2.78417999023036,-5.04768217597018,-5.66838019068997,1.94111899624195,-2.12573579851031,-1.456228548434,-3.97234853041189,-3.51900774521461,6.27612177426444
"SOX9",-3.64191128398698,-2.79946603787587,-1.27680953825522,-1.10317380898745,5.08697016818445,-5.30258512802044,-1.32412968367922,6.87376590127486,-2.92671400236172,-3.73799037991481,-4.379172352768,2.78571654539019,-1.92892504406113,-0.6301832986706,9.05413126193215,3.38362628091969,4.4971819924951,2.09902710523884,2.46796807914123,7.95030326247545,-4.4533428201789,4.03538095792928,-0.934445653677256,1.37036006754308,8.03044573648992,-3.39336814857887,-2.03412460014662,2.91334595999832,-2.77873414441744,0.574285463880445,3.67903788901956,-4.03450019561236,4.09205958667111,-4.32862425276058,-2.6584005346644,-2.65579921869987,-4.0939658902512,3.66345830348119,-0.914173400669904,-3.11442491755049,6.95470707113334,-2.52758230568159,-0.91669065553955,-4.54684961815268,0.682715967486398,-0.711397932413553,-1.59939876584073,-3.33247366299289,-0.883670225198489,-4.68280022325825,-3.47454134051124,3.27592392023606,0.565017738338271,1.81813260084253,-4.24397598496983,-3.22726041046716,2.50121776713671,2.19564054913074,-3.46339801109814,-1.08009700315581,4.90378114131614,-1.76871871969074,4.73883734312043,-0.620884655831897,9.16907719279592,-3.45776915827717,-3.1678073908869,1.50070188676214,4.15172746016836,-2.69186465617364,-2.06418687648965
"CRABP2",-0.750681718668314,4.29049935328,-1.51413585783601,2.09365811059905,-2.52829984830866,8.65545331243551,-3.966119299035,-0.178920255290836,2.45544659914949,6.05311490572542,2.60249742736098,-0.604804920757285,-3.68219777950269,-1.82818745329108,-2.38317298037134,-1.06054334478893,0.585662403633463,1.54290870882747,1.99597760767936,-2.3030623379419,-7.46099657571304,-5.74150238825164,2.20597748464575,2.88735071275695,0.00315502825231542,5.26930224344538,2.09670338133422,-2.29304691106336,-6.55702604400067,2.22854769992442,-2.36691766933425,7.09426892480993,0.689628821002631,-3.28354205731189,2.75109249763399,3.48882382183894,4.04986298449767,-6.12604590746137,-3.44741443511254,2.722680908438,-0.2286453273245,-0.452339542198639,-6.52386611520541,5.67283781063223,3.07010706732159,0.396157558609056,-5.30120006931655,1.90561366782508,5.47260562798073,1.53805663633162,7.08057348211783,-1.59751516527399,-0.649564637733405,-6.79620109553602,6.6636781062398,7.27462454829986,-4.0809551080325,0.490007920032864,2.02209219697992,-0.917758630207016,-1.43819031717607,2.37949951499611,-3.26322544081909,-6.0164293342161,-1.93256782921956,5.88330335026756,-6.37506003501364,-0.134493467185353,-3.51908117666264,-6.79744021081418,-0.60426221140092
"HDAC9",-2.29583438717512,-1.70213366799679,-2.47702920996972,-2.02385749104316,0.044123166820422,-3.03230769028066,2.88685867338706,3.49068203494802,-0.989650994783702,-0.3166227307181,-2.64021018413872,5.62604809319654,0.920173244766633,-3.2306328438718,3.17058137058026,1.2048796289197,1.48703153122871,1.77256014783753,-0.0655696700144912,3.43099992273185,1.41492482866363,0.314261105464725,-1.2829777607975,-0.503397736897015,2.12792784470016,-1.08242702077122,-2.11110605923794,-1.14095054042177,0.0723584343742597,-2.80710898332773,0.18115091055945,-1.29167852329017,-0.322528515083176,4.13280332834372,-1.56588145639476,-0.81453513657926,-2.04165326530105,2.23770126894925,1.28555947709302,-1.65204369406984,-1.16060648490743,-2.06752569117589,3.22786131763558,-0.535393647413128,0.460088666189255,-2.5361553290836,1.67941334181056,-2.33386983471136,-3.43095080893282,-0.753495866401954,-1.693209883729,1.41520639808836,1.56284312156664,-0.528011421321274,-2.51877410236089,-1.63266129430596,1.55634910291802,-0.564321474104631,-1.74838579406939,-0.592715345338337,-0.696479351348905,-0.550173855166548,0.658081999369937,4.86497447222058,2.66308326694075,-2.09620429830559,-0.143738022459561,0.508121663877585,1.53945040207037,0.0276519847271957,-2.87320018536295
"CAVIN1",-4.49537318643442,-2.38166711463322,-1.92505837946858,-1.6759847173027,2.81759513506655,-6.2408103791562,3.47695027165591,2.69412541334219,-2.74599532889307,-2.4049735150702,-4.47743825384626,3.84652422606728,3.07775273922117,-1.67971412073295,2.79660951221128,2.96653507265932,-0.956158649401404,-1.03988370345662,-1.10183315576631,4.14841037800913,7.25845524252214,1.49453879668207,-1.7493707020962,-1.42952069323849,-2.32099458444545,-3.56112463484628,-2.054093795998,-1.04193522430081,4.66609306067324,-4.81593855684694,1.05206406298296,-3.57199888499117,-0.829282016512267,3.66035505442107,-3.89918569020767,-2.60744251900941,-3.78929680405482,2.95791513903098,1.95015054656123,-4.31367905814928,0.0268779460538802,-3.87302815075228,4.85359447599046,-3.91565240974473,-1.49225194042416,-1.93286235841379,4.76848905707508,-2.46596772385609,-3.41093449940733,-2.80980140652818,-2.92228387399207,1.55085673378961,2.91482092855939,2.75965874820628,-3.04253054493865,-3.51866276092605,2.34918198139144,1.60740284994262,-3.92433338271108,3.46830158446009,4.54494709472408,-0.188636574491618,2.43120446446392,6.63976642607982,2.22640577385664,-4.87016061928016,4.79687041817258,-0.560555984743179,2.57129607943427,3.53533824288181,-0.550857677703776
"IRF6",0.558470802620519,2.47780032091554,3.41000262656685,4.13401281006289,-0.574840634627672,3.08798996508568,-4.21356820580811,1.79867225483336,-2.93638154144919,-1.33303719721903,0.993725260694361,0.285144598833417,-0.0862598024872867,3.8501002471858,2.21034023087701,-1.40487971730153,0.244378798149064,-0.285198781696279,-0.716019405018961,3.1219598310368,-4.48121667469629,0.954024305657803,-0.425837510739641,4.58103741753313,4.00844959266191,-0.82211315729382,0.309116077335685,1.98008824225547,-4.61148994952668,2.59697723859402,2.89887211037155,-0.981855376403143,-3.96087363406001,-5.79575857710331,-0.758865040505273,-2.05706434146856,1.39370586770445,-0.233395753189257,-4.90492028494911,-0.988572543048064,4.65503346464547,-3.60686361975647,-3.71467599029472,3.31419442910653,-0.349308189983318,2.27124933936795,-6.97372849592031,3.06225385645133,3.72294751423702,0.6388162519003,1.64300988200579,-0.366026020854182,0.323291567157198,-5.5520800786807,-1.87177043075022,3.42215287388566,-1.4839462698711,2.47879311299247,1.50853889666524,0.896668600549798,1.33187066745493,0.230918236480297,2.75209121602379,-4.69634636069062,0.816113326976904,0.782255087081622,-6.26057234925344,-0.635815303424855,3.18267434528133,-4.87696037428539,-2.19762915668709
"TLE4",-3.77630935870784,-3.8781044198263,-1.19026452882537,-4.69764277753797,6.06079704310582,-3.40201606208282,0.0217328486428883,0.603897597957495,-3.57800974092476,-1.71564785709097,-3.73964116699975,3.01524577293885,2.89195616751877,-1.86628401035359,3.79449018406887,5.98461097704345,2.41648182021115,-0.939031628593108,1.34562820793772,5.05851519199466,7.74674971541775,0.233412050696784,-2.45758461548049,-2.67645744465619,2.48281041559059,-3.29414476705972,-3.1208314397085,-1.19428613834071,3.33329727652474,-4.0936231164466,-0.0733056878225049,-0.425381272106764,4.93951347407075,5.35312503893951,-3.9763540264193,-3.15482474202117,-5.05801115947253,1.60088134373166,0.782299762483954,-0.69428380462488,-1.34697669129548,-3.23126049807779,1.76270297209639,-5.16801660064352,1.82687541627769,-3.71909824690776,4.25203167903655,-3.15953888810354,-2.3694340430545,-5.06440567162665,-2.25325370527674,1.67985952288523,3.31748445045348,5.3526292079432,-4.56792846335353,-2.87240961206176,0.932481303833484,2.0235757381567,-3.3002743144442,0.771150667576168,4.17604208805469,-2.53514104897891,2.4834454977198,4.15549653314861,1.09513933653001,-4.59742120873343,5.76476600050638,1.61264583156417,2.84202057716248,2.263755213437,-1.94778676776503
"ZIC1",-5.24909668662773,-5.01281447294913,-3.51369068690151,-2.19637092916368,3.20016881916768,-3.4404041779317,1.63011448618535,-0.0505681635681812,0.079575139939138,-2.67113085026956,-1.32985754102985,2.02797948823517,-0.245546864114574,-2.71790122910517,0.98056073704622,2.28918611650362,6.05537530695094,1.46658915052998,4.86488505829416,5.14139216226774,-0.988788474888652,0.162949730200932,-1.10930917168646,-3.2085473167413,-2.26087858373958,-2.86304116369917,-0.598539602606174,2.33592146500428,1.48319799033077,-1.94062376553093,0.504805261090169,-2.51587782931799,3.19344347737343,5.01012273199475,-2.64373673841159,0.504713090872263,-4.40489397760942,0.637963736393211,1.34555126257058,0.951907241402354,-1.97091885271988,-2.92443925329045,-1.34130351130066,-2.47142764322481,3.2131090438139,-2.78927872975956,1.86194153682591,-2.98066589487914,-3.12005955658218,-2.77139524586369,-3.40200405923085,6.09179930411703,2.42122905938775,4.61087638355179,-1.89497541171999,-3.51384400761791,4.76678661267859,-0.882626369273353,-1.38907050151438,0.708065667218982,-0.907476040922985,-2.93215753326214,1.67290842686779,1.68680688474422,1.4476772581384,-1.79767842339791,3.70907768343743,3.88814045044565,-0.1554348186949,-0.681202186234127,-3.02250089239654
"BATF",4.66159031570017,5.42047562092107,5.86327521640723,3.91160178952045,-3.49183518217569,4.82375225861839,-3.33945374604412,-1.35390753607939,4.78958837779347,4.61468442124702,-1.27526516776305,-4.51747249601029,-1.8239077907746,5.91566189031957,-3.24231557310587,-3.98374584373166,-1.80944737340474,-0.187083420121764,-1.96410334152034,-5.29305287711952,-7.70367256772556,-0.493467865210921,4.36011770649429,3.30758443458071,0.269518494739369,0.885406315238924,5.87222633874386,3.50329785504987,-5.85356091517599,3.68020902561553,-1.65631728689345,3.73581819944589,-2.40417331986854,-5.1406684595135,4.82586557505178,4.05417893942171,0.748652586423632,-1.57234045373635,-3.14798776803973,3.15933096611981,0.377337224749808,4.14728316845004,-6.5170930319415,-1.63543517458617,1.02070768787485,2.33299935344052,-4.34630131620999,1.52678716212288,4.53816029220486,-2.47621626093602,-1.99809253306891,-2.12302412474393,-1.59150162317189,-4.98076020186049,-0.362483871939308,3.49513757813021,-0.311538475394011,1.84155786017426,4.06508991242252,0.858322444574858,-3.94960259752588,3.44800488149443,-1.39307047396175,-5.21704198812402,-1.14915723943648,4.99789922710091,-6.25108937424169,-1.55140580674917,-1.913221222699,-3.50215008042599,3.193980227728
"MEIS2",-1.50452629828429,-2.09789551759982,-1.29363167094111,-0.0767153273092398,2.04458816893369,-1.26497203445273,4.43782173823983,2.43025388601404,-2.08711741275962,-1.63057953360389,-1.76711411130879,0.809574756950576,1.85702040942515,-1.16313647026538,-0.0807239929698198,1.09855299312063,-1.34766822842074,-0.149460765746682,-2.82908127755904,-1.48185687790657,7.51005767432399,0.726770514536735,-2.15722654527888,0.0302617712285486,2.4350685550352,1.06315393167564,-0.965448148136084,-0.514139168974529,1.32108674685932,-0.77793397877762,-0.06436914616522,-2.40158500145426,0.801491913368876,5.11294136603805,-3.37783243338087,-3.11366865825286,-1.11084515658128,-1.45406011603427,-0.820958438346353,-2.14637467087772,2.39204530029081,-2.56715563398575,1.84571376335886,-0.940116067614803,-0.553537787788966,-0.42076897471897,0.181262109310088,-2.17415934196225,-0.112015353136713,-2.96684897314162,1.22818873937004,0.357184395090785,4.09186698834126,0.176000728597548,-1.37180911046064,-0.988794102308248,-1.85373000829852,1.44179835739638,-1.00749687403956,4.8267350593757,0.000779004606493461,-1.10625209625468,0.576194258377468,0.850763378914539,2.39238248781235,-3.04303067764608,2.58784441783226,-2.16077581404973,1.0996867861969,1.16825859317403,-2.3200055540164
"FOXC1",-5.05306892790243,-4.63106859261669,-3.02260509237994,-1.06739919041938,3.49184865019863,-5.84077690137506,1.07854642421348,1.93633576804882,-4.0326458903885,-4.02237683519941,-3.27734875556728,1.27112130100205,0.656594285745355,-2.52918792478744,4.39169568236843,5.39010588821311,8.28197398546577,-0.754564995919608,5.7543567744497,5.46721429956246,-0.372158085432042,-0.117376425118601,-2.90121201697727,-1.38703238247636,4.88958646693861,-6.4729329538947,-0.946772175746913,0.0769080915464007,-0.21561427047112,0.540920773364107,1.86202242085194,-3.95710334919238,5.50646198308673,2.85142546556581,-3.4593377332954,-3.64114048089901,-5.685986022585,2.14432783342779,-0.661664672152123,-0.996481992989828,3.53212330103198,-4.09636630434297,0.0170562293432748,-3.78877258361108,-0.265880974573003,0.0102279697496175,-1.0159245302091,-1.71149015671548,-5.33501034084111,-3.57984629441992,-2.73914770434787,6.02630061972904,1.78314848211162,0.095452433917884,-4.83661030308372,-2.67061507417238,3.00544962199106,0.973429710413968,-3.04388012022284,-0.431857448697221,-0.88771097557094,-2.8873648115729,1.40792626283924,1.5515010554747,6.3069700362058,-1.22687284819795,2.37158174441057,5.62874909447421,2.14781041957666,-1.20727909958467,-4.49051173318373
"KLF7",-3.80266601215155,-1.53644627598984,-3.29598242345167,-2.44942945363098,1.57596005661524,-3.96014735415317,1.4559603737983,-1.01668004798046,-2.46610004722469,-4.82216438448119,-5.78913773688579,0.809004886263644,-0.358099545320205,-1.78655959981403,2.79819988379037,3.45122931143455,0.425791243216424,-1.22329057655329,-0.705708753603297,2.9845354953554,9.97838909528437,1.59864017809432,0.110916843972417,-1.03783043301236,0.577937224138651,-2.79054019421491,-2.68186864164253,-2.12635717759116,6.17471428184869,-3.78376687066545,3.32998314840963,-3.70095735643052,-0.106196129365304,-0.770463460059904,-2.42821782628207,-2.87874838997046,-3.85239996109957,5.79788935463175,6.13378883111801,-6.09588098281605,-0.751848397437293,-3.12672504597659,1.44471070321699,-2.6393409139608,-2.54910278799826,-0.0714315385677829,6.56251002619454,-4.58362734706121,-1.67345799499713,-3.43511980907041,-4.24881604842137,-0.393182975855806,1.48544159465719,1.40133325546013,-4.91705691701874,-4.73642925490069,3.41122186242218,4.70114167264193,-1.05931776429664,-0.698045611545188,7.10356974919632,-2.09032534197185,4.63652942053891,2.52693135310657,-2.87869241138218,-2.18239756452682,2.64065285825997,0.629282829117644,2.96658087422192,9.79857172059362,0.487578874044782
"JUN",-0.565019890719468,-3.18899740201899,-0.457483241001,0.130752721928953,4.41788170549129,-3.75468329239362,0.618503336847311,-1.76976541495351,0.659208420615121,-3.09677633244791,-1.99701664655765,-1.97481777556046,1.56099743328155,-1.23442286913726,3.09451295060666,2.22829347587428,-2.01430790848472,-1.70107762025931,-1.7225351760959,-1.34348721551056,4.02084834224189,1.56665041585598,-2.05106473763235,-1.44710348877569,3.75866334670709,0.00481721346069232,-1.25720670843789,-0.636234010444453,3.25214461673451,0.305392458573363,3.05726695114857,-4.99985022562578,-2.87826436418531,-0.613247358448635,-2.13104834227328,-1.41372653484311,1.43026059804157,1.95296716382155,2.86438251886805,-2.37610278134617,4.76251356363084,-1.41743207288661,1.4244258467556,2.00606783300381,-5.19941460061296,2.69517502693326,-0.869889784960921,-1.11397481632942,-3.41416359065827,0.671213567303654,-3.07775175694517,-0.718260167028572,-3.91053394635379,-1.02626047885241,-0.662415037198572,2.08810889867079,-0.749193067310207,-1.37130308410237,0.396779358244253,0.310011760094517,-1.74033442518397,0.467648920053777,1.16071945433962,4.9948779598258,0.576560790600092,-2.212746552599,3.30077165030666,1.11601741350096,2.94272795006002,2.1737326478339,-2.1383704879417
"LOXL2",-2.67557249618835,-3.34483651393439,-3.25408758572466,-3.73582718422209,0.914125015668217,-4.99970090454016,4.1175235245761,0.0976816880373515,-2.65971811706143,-3.28493646492154,-4.72860113678614,1.82510605447761,2.73340575699095,-3.37886155329677,1.74725775330017,4.415357433799,-0.705457297345672,0.0525924498578517,-0.906202382899775,4.3659320124718,8.56010990968085,1.94932854936374,-0.259796719107154,-3.44187668910968,-0.2736028590173,-3.45773002267959,-0.622309030245171,-1.31384430625835,5.81803352851084,-3.04462191201581,2.33540402706099,-3.35432326481909,2.33218059143926,4.84991461902723,-5.03417645975109,-2.19175422434497,-3.26994419465543,5.09798284713404,3.96525225457427,-2.55213489332,-2.21919526059049,-5.89803240634109,5.82294718136467,-3.2151190646446,-0.375280822765976,-1.44840731023061,3.82197241133981,-3.5919445609279,-4.12565767241084,-3.30462462485493,-3.81696282414815,3.11989334501605,2.07632246591827,4.06334582378497,-3.00530530042692,-4.32086613398818,3.49693573516223,1.99482267458077,-3.14204036440227,0.25086647288588,4.10195697788652,-0.53017770227827,2.77343593634891,5.3291265939996,1.00113088296389,-5.26095598585012,5.27733936563082,-0.620073735359586,1.89841649093208,4.4993032453293,-3.29621293892393
"MEIS3",5.35252982007174,2.44471244084308,-3.65824742587931,0.0253392196145297,-2.52400873788497,7.5834685922471,-1.89496411887511,-5.01347916291029,5.27658283820585,-1.14898659415736,3.04487302655005,-2.32350808503333,-1.86491931845934,-4.73712343730365,-3.62951644302507,-3.61369891780184,-2.29737336860059,-1.7701177780215,-3.1527132427739,-4.24623325621544,-0.0267014800101134,-2.31529101147678,2.77991395781449,1.25727271647075,-5.81800733983006,5.54657536899191,0.299645596998277,-1.28371073133675,-3.23836049875953,1.54534316311159,-1.56374870673223,1.82405015374865,-1.80844752691949,-0.7414965962486,4.30516646136545,5.56438569184475,7.44441399528593,-3.43943271538236,-1.45559030560222,0.224504531892305,-3.31690296691842,1.67835068082734,-3.88552769797662,5.01078962946163,0.525161457000021,2.00883163777718,-2.63580407176821,3.99071772411297,6.74062417312426,0.011108951363051,2.83025175822957,-0.395900891003578,-3.41611724497534,-3.73067192995658,3.66167317141,2.05093228356935,-3.00857411542099,0.863527762290264,4.48153547423289,-4.48935496782829,-2.08234823845185,0.775498021858305,-0.636301499192377,-1.54492966341941,-5.14443384823824,6.04039948893158,-3.0235731054564,-3.0321379635874,-1.79523539785914,-3.81419288697449,3.7382582966262
"HOXA3",-3.00030916023148,-3.64574801633082,-3.2332538915761,-0.431669762723781,2.39664562590148,-2.99667352136143,3.99088307569238,1.79582789214176,-3.44727467858509,-1.62383419125128,-4.46980914386072,4.62548413905465,2.29970336872089,-2.22365541172213,3.43851191899799,0.975111051816033,-1.91177487375944,0.922311327453481,-2.1438947383292,1.82449101395725,5.13962520840314,2.54206270322062,-1.66074532703711,-0.559311052164136,2.87139500828435,-1.59606595741977,-3.77001945936777,-0.724058374957807,0.874927140724926,-2.15679995710807,3.15226543503828,-2.53993364098178,1.57497422847578,3.16001731786829,-2.84740279319757,-3.55961097794544,-3.57017438303815,1.91360321204602,-0.819829327534603,-2.033133838154,2.13605726282078,-3.03151166709577,-0.38288854703051,-2.93176628118801,0.0339266419354037,-1.2665993828191,2.55150843783342,-5.11470469690978,-0.844573197226745,-3.91568067998714,-2.66847306025603,1.29812058607957,6.51729457788638,0.197011772683886,-2.7176065235413,-2.8249870791832,0.797879015283651,4.75892810773949,-0.858208946162559,3.48221771279373,4.61834304337439,-1.89830484757975,2.43762104944093,-1.00154453098017,2.90665153017039,-2.59825851803371,-0.20493701243904,-0.746544831346942,2.65127134642872,1.03970953098101,-1.47105346744903
"HOXA9",-3.76607791013986,-5.13658892232046,-3.29999309659341,-1.60511389995266,2.11085384867187,-3.29710456983125,8.38106062885791,-0.97375502646197,-1.24332904440936,-1.28154219616041,-2.32825539008416,1.73155149114258,0.239677804991229,-4.25559378309285,0.793066538139371,4.97044651549338,-4.08355917172599,-0.345093462399482,-0.410519401609062,-0.0508762640176102,9.58342842164501,0.178046061643567,-0.881278220333247,-1.67144228877244,-3.51946833616718,-2.02313104969708,-2.56488498538038,-2.1493475377304,5.59181701494993,-3.33152967243465,-0.710278704431808,-2.54978092411553,-0.212439932791628,2.99163668494258,-2.43459847813403,-1.99153016124619,-3.43389249972831,0.262000517713623,2.49281942713093,-0.622585365728869,-3.4160781583228,-1.44072294839778,3.19945730891586,-2.30002178400143,-1.70225335826523,-2.16343641475142,3.45570910535903,-3.38723242039117,-4.54750844762359,-2.97055864287064,-3.42813577771704,1.15840494309908,0.668775130793569,6.80575239315537,-4.23252829121328,-2.70438172864426,-0.856906544946456,1.13635900984909,-1.78087921260817,-2.81119682925889,4.98757578218312,0.0558666901305816,-0.483818541471352,6.13424120796434,-2.45439262484982,-4.35578219237848,7.48848998351349,-0.434078127708239,-0.0340442202443409,4.34990844262772,-0.591271617945922
"FLI1",-5.43376588182937,-6.40785385686943,-3.31885335415306,-6.91749162132094,4.30801638638435,-4.94050673285922,2.55621636411706,0.491559245190782,-5.62099905004958,-6.35458584582805,-6.55671879151606,5.53004978108429,2.33887342770651,-2.25610768641557,3.94677686981942,4.31445356281925,-3.47752931500306,-4.77287933189381,-2.85612418687996,2.08494474296487,16.2385885892071,1.90864332608452,-3.02202367609616,-2.49717176606852,-1.08792444903182,-3.61440924687342,-4.7638485444877,-4.4693400039377,6.66309759328715,-6.03004534389364,4.71146807638924,-5.11097323604354,0.517851636592022,10.5713120514049,-4.59848484716086,-6.31078983975437,-6.02238632114297,6.451447515276,2.51155865855653,-6.06038097041999,-1.50573646665705,-9.02095634138044,6.61728220535007,-6.24977046964722,-0.00844745647061506,-3.69926449999925,9.79154572034722,-6.82469071151892,-3.64996741764474,-6.59416733594865,-4.16435929083856,2.88337139178709,4.79141649010276,5.48149397943859,-5.61330045747081,-7.01167095801269,3.62199850003571,8.31183993390109,-5.86802970580633,0.347105841710495,17.0950213937916,-3.6313907955973,5.82557048530419,5.24134938462915,-0.317289278097233,-6.45791458924826,6.95972944757589,-1.32085628399751,4.24341711527873,7.13218350398813,-0.819471943222875
"IRX3",3.28919552292722,4.25020326597912,4.69818446897243,2.08965451804406,-2.42260925981802,5.78110024789482,-3.65767268290271,-1.73887521214747,2.54055103849265,2.32766918638936,1.7138174320736,-3.44252675350062,-2.99007375761181,3.92406645434145,-4.88547160174077,-1.31573122626099,-0.762286074454584,-2.2132731268638,0.917210489717928,-3.64755667711523,-6.15340893148955,-1.95849440151795,1.00697862354564,2.13754733698303,-1.67691696691117,4.16665958860978,5.35546461863887,0.487926851844159,-4.37969562793642,5.06488958798978,-1.48880733164961,0.29374930239809,-1.57267429286099,-2.51022529713703,3.73266051611681,1.52185571360845,1.52119474797319,-2.60333996597762,-2.84469355899581,3.12249267063284,-1.8012610175703,0.36253239435922,-3.69592820851578,4.69878560043938,0.668814052181566,4.07690049176341,-5.06008558809248,7.01994512870352,-0.912464328049944,3.98841964434187,5.59031109831684,-1.70573540078594,-2.59799011203609,-4.49126594165381,2.45193673606163,5.39593642535217,-0.455248000378061,-2.54447473542685,3.92162688302084,-2.54092047777836,-3.79268730953722,0.918814469993207,-1.26179468903136,-3.31090845928599,-2.19174677048968,2.41090533237031,-5.40146063587904,-0.858642728093977,-2.24850274007066,-2.99881078441558,0.287563176819901
"HOXC10",5.56258617095956,3.35644253709324,0.0704930294853654,3.18425996431685,-3.24810007829356,3.26813619670022,-0.537202852006423,-0.112331322117919,0.564514875790971,3.09572011637974,4.44194488568467,-2.76002250241727,-2.38803442715124,0.0242769443674128,-2.58420874444253,-4.38472814443318,-2.48985994095134,1.57041568990764,-0.992605649341243,-2.61542106803258,-6.57697937995115,-1.14301311678806,3.05493575771629,4.83912337996832,-0.489465209976029,2.86896520892356,3.98017839163822,0.959321458199198,-4.70689513089499,4.4483872728357,-1.56625351201922,3.54725297812823,-2.90447324779135,-4.05343747181352,4.59371812289759,1.71327872542146,4.78136534258794,-3.66589062250908,-3.00624680451953,1.32726250008254,-0.175046118091997,3.98933266210405,-3.60491235290034,3.4720976731582,1.87272207948347,1.52238158887674,-4.45393884183271,1.08598731441187,4.07553281254067,5.50924280202812,3.89259102231088,-1.42694518194013,-1.97460882618076,-4.44354640551661,1.79375881094315,-1.78815731239713,-1.01423041699445,-3.14775028335182,2.76421076777402,-1.55713052416704,-2.13915429777999,1.60649121369871,-1.26604174125882,-3.4081138024035,-2.13672137832436,3.75240227077163,-3.96174790853422,-2.63241112026712,-1.35373218904928,-4.34801342067368,4.14836154849746
"EN1",-2.58909983088996,-3.13954217074091,-2.07514445061079,-1.11076040255785,4.79457451117093,-3.59778991424425,2.17542465295626,-1.21336027611619,-1.91564693297432,-2.37281262160379,-2.75403721650762,0.0275357652494408,-0.246640960865097,-1.22619465334002,1.51340370621918,5.4722770990222,3.5091272111441,-1.44588956881476,2.39210211217397,4.66972678344396,5.88061738320254,-0.0252751406442656,-0.934330883093512,0.07337527258041,-1.12680230693102,-3.01724800400121,-2.06052605304642,1.0071707158787,3.24534481405181,-1.05328969091314,-1.39044104973733,-2.90387374341426,1.58611825573516,0.837910004937298,-2.04065805803712,-2.93953352850973,-2.54229980493075,0.854162695560313,0.0467265010389626,-1.23604876007619,-1.91542284026493,-2.5141688784792,1.09503870890297,-2.76371764842403,0.915906670978405,-1.92688958187541,0.107013076498596,-2.73267203520202,-3.79817112944226,-1.40525973800543,-2.17317072984177,5.70302671150203,-1.02253350093566,7.21707302774469,-2.10510352285097,-1.95589777569293,-0.682812401291094,0.860110807042003,-2.28137386328155,-0.950792573594838,0.231679049710587,-0.613329417937318,-0.398860601943988,-0.855354193969343,0.964533549419856,-2.3720926580316,4.30781273411546,4.01713125321388,-0.279496374141839,1.93931738646236,-0.0381290692069811
"DZIP1",-5.79630488978792,-3.92303236709038,-3.96097955496814,-3.41923453513317,2.54625399898714,-4.91894594199238,3.76790159924082,-0.905333122071181,-3.35267226355099,-3.59651600860134,-4.483741079216,2.77799050016271,2.21627333790021,-2.80661560344466,1.64972139522808,3.95092393413583,1.44557362938577,-1.5563354552779,-0.188411461552154,1.43314209307547,6.76628584817938,0.708764965679298,-0.721199160603228,-2.5005715298375,-2.28646448491743,-1.79378711915933,-2.91571778071618,-2.87798795934381,6.29723698396332,-2.73377854279476,2.6261516946,-4.03601939048533,4.45718258771938,6.48663865675385,-5.13923034620492,-4.59986487971276,-4.16396345883279,3.40632297938644,1.79871943130158,-1.21849541222632,-1.84174169946665,-3.96336531012185,3.02586868690544,-3.97073578801415,-0.311891581210501,-1.08007532154098,4.62551797213595,-1.51267383256722,-3.64315815600279,-4.20624503708319,-0.678067600287681,2.57063334204911,0.198442217179357,2.99835842971359,-2.83121189876535,-2.53524937128909,2.98175228040182,2.71672657373145,-1.80835023681218,-0.330983911824106,0.994945233649748,-2.02986875543886,1.71127476065661,5.77606981255897,-0.82690168464985,-4.50466538139116,4.90923916651718,2.39573184406775,2.46944763640768,5.37570697017293,-0.840934175190964
"MYBL2",-2.18527317401337,0.601400374764212,0.353867188027692,-0.752194473088841,1.56765403434793,-2.20199073548865,0.19879073418166,3.87318354136231,0.399302106318834,-0.176492339571682,0.927325119774308,-0.678137527433189,1.49125966257653,0.180041552830756,1.05000585015035,-0.674215625684271,0.715776917151161,1.26820454802899,0.433596895701133,2.39586960231999,-4.55924609854584,1.54796768810914,-2.33831150264821,-2.06996279540128,3.48005129671235,-1.69565405867044,0.244239968626793,3.38853322119948,-0.136290099822862,0.966004039392701,0.654815287766426,-2.43140086168945,1.12275432330506,-0.0315626902305948,-1.45191782902732,1.31937301670832,-1.25105352977533,1.8551009945059,2.95988262471404,2.93747723596882,2.41463881867883,0.268784019282993,0.523806453266341,-1.45780892294256,-2.32858687697468,-1.8538796446994,-0.816754226397591,-0.205064990446421,-0.840509022909725,3.2424612721198,0.133208706816793,-0.157270569054996,0.00752055826307231,2.40178784267853,-1.96410742512767,0.358196876970051,-0.162689828652496,-6.94446847818548,-3.48026499330585,6.69728510276975,-1.81924383261749,0.363062589636663,-0.775744664340155,0.614063904827737,1.99895860971386,0.791898476189832,0.609123734750836,1.98888878524015,1.9012119608768,1.10187959903836,-2.43708392101688
"ZNF655",-4.49471715455072,-2.86814228536693,-1.6534520861723,-2.63964749422221,3.25408111266949,-2.69347740175636,3.91137545610032,0.901078487177571,-1.17584362229453,-0.880921038461087,-2.35502548295486,1.67012849473915,1.14332707876873,-1.72948607688191,0.641480707807511,4.34412210550224,-0.229080790948016,2.37268336750396,0.0338468572890088,4.97413687417825,2.98398973872692,-0.15080131791854,-0.762334921937664,-2.41912762932083,-0.726947228038052,-1.28426086279709,-1.91344041707242,-0.720021768319401,3.68499371095522,-3.2347450500352,-0.605745867926657,-2.6709807725421,2.45676512223544,2.97094486188283,-2.32426814869695,-0.335155411606638,-2.86712783742917,2.01419190675909,2.69949549553168,-1.96716870629288,-1.60975849950467,-3.03284946211763,3.06770419783614,-0.733822482922909,0.279381535401752,-2.13718078827763,2.07469197921141,-1.52730295582572,-1.82713635198162,-1.35243451496223,-0.524231444476202,1.67399181882527,0.311372817356312,1.89884447311908,-0.282290515719625,-2.03361510575748,1.85007586690986,-1.48011860253133,-3.75824082147355,-1.55189667876416,1.56466021316789,-0.937430120796978,1.79802833515642,3.79889796807889,-0.466207000788169,-2.41166989612495,2.95559299496901,0.961573906445612,0.423283464038659,2.62683161501067,-1.19841948221608
"TWIST2",-1.91327000114033,-2.95752962018105,-2.28490406591882,-4.39894012381726,2.51150357316673,-1.03446530172953,1.48316012037719,-2.26175940620741,-3.07035294484437,-1.22934840400231,-1.89979017424931,2.94511355397299,4.4598116046838,-2.79123311820962,0.851758025445956,4.01045342160559,-1.64846177374268,0.815248049958809,-1.73835442168099,1.87107808947688,8.84433416836001,-1.00653039049847,-1.53612401974049,-1.08361510687575,-3.09854628486429,-1.20153252004787,-2.48219823471253,-1.25573626246618,3.99615075807254,-2.62387625175415,-0.413609129546288,-1.09349987264427,4.33462684511612,7.78038089436263,-3.0603447514228,-2.64996003233785,-2.97051316946314,-0.654647267881463,1.14474779280899,-1.78243717048869,-3.52084597901751,-2.70503569322422,1.56780405089077,-2.41668762628175,0.873142182517566,-2.74822403877135,5.34532228751362,-2.56180466121322,-2.25820159997559,-4.79990833264554,-1.11608911525019,3.57631942757029,1.18147127514468,7.38570124262763,-0.908547634515235,-0.379790605890214,0.196447887941067,2.68273544079238,-1.88473177333176,-3.09170143031936,2.04878962226966,-0.88541134122254,-0.742759421630936,0.890366479335328,-3.67498892730805,-5.0838140479731,5.31848847088382,-0.832508068132591,-0.480027938299301,1.98524324771602,-0.54167121843347
"HOXA7",-2.75559898683971,-2.98881412876372,-2.89588556287189,-2.41300268586249,3.60279871739937,-3.27556856056615,3.4150837607817,2.64654292247199,-1.52337126599227,-2.62761500993025,-5.10265158699528,6.30060539793065,0.918799934538888,-2.77836128884461,2.94317295562862,2.16623732017282,-0.599755076206566,-0.612373169582709,-2.56269065031341,0.364485158317252,1.49338211474236,1.99944011723462,-0.449194637829881,-1.67801949209634,0.445481463597502,-1.01824896387152,-2.09817860396021,-1.1324241159853,2.0158688879566,-2.12046676614791,3.43964709971856,-1.24428616674539,-1.85354138773196,-0.531896505011384,-2.13835865283211,-1.09863135437202,-2.81511318292352,4.04134276507977,2.78541827701899,-2.21404443176364,-0.645100502050986,-2.63769293938006,2.46568770586289,-3.81350618046269,0.598706912279368,0.400038900447274,1.9886058011446,-4.41844150373596,-0.519977499727688,-3.15858266527188,-0.54975415878538,0.0449280367344401,3.16690637704518,3.59557829449701,-2.65589419190588,-1.80273483999998,2.01501691196764,3.59495697876588,-1.23971735041883,1.10131545261991,2.97199420554381,-3.44697761954946,3.92760004018844,4.37968703422047,-1.68177047971571,-3.25338972864503,0.718635789987708,-0.096855682185268,3.33217171906885,1.51265606998262,-1.81792988610258
"PGR",5.49307286605465,3.14102865419081,1.44553361549402,1.41125944225084,-7.14987440375913,5.83344991041761,-2.9458693447767,-4.34922800941398,11.9458285097766,7.24608628990323,2.34335836445266,-5.08068790006913,-2.55754027042035,-0.0548290143618597,-8.60495080773427,-5.662918995049,-1.18460171249424,-0.469602354535599,1.24941383654974,-8.41598770056598,-7.63721885471591,-4.49277539712738,1.96191594905418,3.91593973118062,-3.68251560578312,7.22902350579421,4.83599025283997,-1.35490709414955,-3.49494898735617,4.84808835481764,-5.7496804911666,8.50054901593264,-5.14813383773828,-5.37964075270852,3.70646271499499,7.52597232217341,4.07852630660273,-7.18730571285157,-0.772111560018337,3.08723896900279,-2.813269130038,9.84904368121718,-5.60111262397384,11.7422645530298,0.453026124503589,2.30492542634842,-5.40689565291134,11.315199782457,1.23055151339142,6.51477202585186,10.0565888255678,-2.69183918353538,-4.43705396978534,-6.52278925218751,11.9711292587885,9.03066311768491,-4.48664358998892,-4.60167567719977,6.17106502292634,-2.83616508952122,-6.833932259807,5.09783145311869,-4.94015021881395,-4.27274864056014,-2.62559670581494,9.0355088460101,-5.64770316756933,-1.7802859523629,-5.33163922489366,-2.9912576793699,0.129341774423361
"EGR3",1.4359037868188,2.01730224531616,-1.71192683959818,1.22553523688524,-4.4390446832274,9.2214854054421,-1.64246724109119,-4.58596317223437,11.3385990818964,8.18972878593908,0.587100115684999,-3.92681009629306,-5.18594378187027,-1.80910454391663,-5.08052244418808,-2.71688294951282,2.38752554084044,3.56842422901992,0.336148746264717,-4.67860629154239,-6.67494470638153,-3.38211502208725,3.13801588181085,-1.09060503190396,-4.14490022380656,5.59310640353634,4.1134046094853,0.496699786763527,-3.89014031321833,0.801325354876958,-4.51091410138322,8.84895923510549,-1.63494303549708,-1.86611601687853,3.18483127756035,11.509986160083,1.30553098477022,-4.30519732140249,-1.15021130009337,3.84519080387416,-5.26281523410038,1.69304258216492,-6.13135464475079,11.2172012045092,2.4478580673001,-0.847037069635198,-3.02148636018976,4.0435071290421,0.77071473878081,1.51184960703985,3.61384334088941,-1.31070754230988,-4.47190902676415,-4.12121849578294,11.6574786354575,6.55106612293234,0.389799743916296,-0.76832252781409,5.47737648143951,-4.7974781468487,-3.9897263882631,1.47664261228086,-4.6227210669388,-2.85474008874111,-4.55838242615403,10.2463072775566,-4.66461061767531,1.05432244442805,-5.93367739774604,-4.44733163312973,0.40999929593835
"HOXB2",4.33466156725522,1.69576142158661,0.0865544135835977,-0.207648394058161,1.91837253752259,1.41652223714667,-1.33126247797599,-3.1508697047497,0.028423440925059,-0.478454360007452,3.58467097590779,-1.9875780859574,-3.0743004699623,-1.1912622699194,-0.52527816055139,-0.649121861567908,-1.56749527737091,-2.15790013914213,-0.679642533593087,-3.55085692521418,-1.54232820327788,-0.360997700741577,1.50403832681561,2.39550249596904,0.764642890827951,2.91445843338661,2.30412421536707,0.586001381072646,-1.94035299489194,1.97751879299482,-0.0817122735196735,1.66226992492249,-1.70079044046539,-2.63204811788367,3.09123728495123,0.529207642270092,4.43387665182597,-1.77823086518372,-2.12058436324806,1.42132070373977,0.0513078146241335,0.0112102877408752,-1.25202316319134,-0.972228615678303,1.51277739552845,2.4441460028203,-3.08368457356696,-0.747374612625367,4.26104209750974,-0.0928335272738731,1.26187991109916,-1.74875673940595,-0.768243330187129,-2.22013213985916,-0.710519193950664,-1.88279066712231,-1.91570985481267,0.40190959464839,2.91804848497024,-2.53988352521431,0.543687260893222,0.618707157538509,0.137410172098496,-1.19779662735547,-2.58879765440719,0.275676347596554,0.338665035205841,-1.79764385134328,0.423289521417578,-2.97540457031289,0.711170415010758
"TSHZ3",-4.30320588383547,-3.8387040584018,-4.06452544179253,-3.92714006418868,0.555627182187027,-4.55019897190615,2.36965040809705,-2.57668084231764,-3.1339520247776,-7.88355462322721,-5.97156739702447,1.95211223842082,2.34868060905396,-3.47954512878884,2.62435948856101,4.13005239656341,-2.26396368898683,0.216951137158975,-0.380262998877275,1.78872022642738,11.3609885202926,2.05123337641128,-2.09209647793714,-0.979608604215196,-1.24972686018806,-3.45114991784803,-4.36182094487254,-2.14856788763568,7.44649176632246,-2.70634209510391,2.4240336356778,-4.38031227786386,2.05732909360421,3.259936404952,-3.23153118603583,-4.99680528086086,-5.23097313305038,6.50953083300437,3.93387010798896,-5.51408647736997,-3.80645649411555,-3.97755734508757,4.82835674690495,-5.6417695645604,-1.17544471160919,-1.3852965319149,8.58889048992242,-4.31101563435757,-4.04844875873019,-6.11038772892132,-5.76997672268372,2.95910527046597,1.3053901115291,8.16827248684421,-3.01520211856238,-2.88075844528176,4.33897558521608,4.58737215439808,-1.61852213436114,-1.18861464580427,7.00833727821878,-1.58501624038534,2.92696695719084,3.70703455004159,-3.07388961502058,-4.61119132800459,4.93843219636811,0.732687999111686,1.68748121606391,11.6798285975924,-0.703551709832499
"PAX9",6.48455926326855,0.427655833815734,2.95388533548331,5.79883401420072,-5.21335573295348,4.56627802865427,-3.72052379584791,-1.94051410943067,0.605191983257322,1.56533723862033,6.02916982189124,-3.66479350296814,-4.23892196729158,4.57872211486309,-1.78402580564509,-6.08639691014883,0.564934223895643,-1.59619734650979,0.845780538917593,-1.31079575881251,-9.16757254986046,-2.00856360494212,3.54823912925652,3.28187648621494,1.93706703513294,3.03951912974202,3.12035508728932,1.34473011811024,-6.29929242339867,5.70566788279979,-0.919241584815269,-1.27118507945251,-1.36209040314251,-7.59480550773193,5.68433714554942,1.91291584474049,2.83769466592448,-3.71525383246081,-3.22788537823879,6.32568969723282,2.03619689205237,6.67638669741693,-5.74190275202605,3.62933290664819,-0.628140763700362,5.0866504993332,-7.31812099118023,4.57623920987469,0.640626609442565,7.20274434985693,-1.17279485531334,-2.82479958081588,-2.93100238273818,-6.37740050562486,0.578555898381493,0.709111040882139,-2.29325089215925,-1.13159299266614,4.41813387720177,0.347699281947729,-2.99136803272679,1.97502447671003,-1.48875470440458,-5.16984102295965,0.020498119633361,1.37630060745249,-7.58073490673528,-1.11370617362475,-0.483585980045693,-5.47725609860769,3.93292517786188
"ARNTL2",-3.3040023210364,-1.83283952813409,-1.79682596024973,-0.467476944656397,1.67916171666672,-6.11565747080968,-0.149155508347172,0.798291638703733,-3.21669076607115,-0.164200485755451,-2.69664734728896,2.67332387693511,1.32756194112653,-1.11245963197802,3.84683193951834,1.9349750406792,1.22608651059363,0.748115034056001,-2.18086551233042,2.55747908689566,3.72750819237914,2.15351761178399,-0.457472190773431,0.59426993377872,2.3010386520219,-3.4395066545026,-3.30950480047413,1.69364646438649,2.73611698699624,-2.52291481020748,0.983447846079175,-3.22946488962579,1.85407838216816,-0.296282500984495,-2.12762449169805,-2.19744985692643,-2.85802429291792,3.52453517274586,1.80308733324903,-3.60013701279864,-3.6201492681829,-3.4944809838793,3.79722278858373,-1.57135236684049,-1.44102676054453,-2.3733760445885,3.34595024887907,-1.94916661407223,-2.59512649703822,-2.95295664183919,-4.10476105566485,-1.78683712959097,1.55172168272591,0.225704934837726,-3.6321106055443,-5.40200988445489,3.2574851167454,1.89871253523949,-0.503570858152722,-2.1064150242386,1.55189973626831,-2.6977109798977,1.0914247255001,1.56163348641664,-0.321797624919286,-2.72780573485485,4.8678770297304,0.960818544113731,1.24116908790106,3.75175107757467,-0.105045547912854
"FOXC2",-4.97033084948292,-5.45624032120035,-5.05703172772658,-3.95831154957432,0.278394886378082,-7.68532095641873,6.04383710274302,-3.88281671672845,-2.44392898693881,-4.41654234044749,-5.34192516458161,0.570164290377376,-0.100673424037349,-4.42917154714177,-0.326785692599116,4.49812924154136,0.711348621255862,-0.867319311866786,-0.668729749606195,2.71812825959982,11.0517061689197,0.554561684210538,-3.46664983789926,-4.6102164224648,-4.18545914721891,-4.68131656128019,-4.11649208520311,-0.0760140884879407,10.0195736653545,-6.76249792596168,-2.4153231271974,-2.98376156214254,0.971592940724582,9.85452013107941,-6.18308700165646,-3.79858291979153,-6.66424825112296,1.78167103578604,8.80552842725872,-4.01281727887546,-3.5694109209394,-3.6626377589148,8.00619581408073,-2.80451585023165,-0.824809049081293,-4.59611690643907,7.54470762159917,-4.47931905815719,-6.61012281668203,-4.64609248503978,-5.49537777355452,3.89370162465305,-0.254834750274543,9.69199530648848,-3.28693220270921,-3.54678212513925,2.81227282419603,1.26901507754416,-3.56970119820195,-4.20159018007328,3.40346006067143,-3.62275232421374,-1.26761054396134,10.264871898649,-2.9722312066935,-4.88110299950952,8.61735187493421,2.21920443528576,-1.76184394435903,10.0831022890676,-2.35367784105906
"PIM1",-3.69145912001652,-0.585973982855359,-3.16362897691904,-2.61576707140014,3.10906464492176,-5.65520139891729,1.8680756450963,6.40653785317923,-1.62677802483306,0.135561605151082,-1.79508530412067,3.23305852640035,3.68828702510862,-1.74903908873074,4.19985304213379,2.59502246763111,3.13196465170949,-0.728689875884077,-0.44608783197027,5.36694902489809,0.990050622331848,1.7669242182687,-0.957198287524482,-1.4937543358329,5.15926971570841,-6.02463901437195,-1.12789564053378,2.49237562159681,0.408398166797809,-1.00372709284152,0.132883907701465,-4.92753804492065,4.73705778531152,1.56470454030433,-5.3538879045149,0.0102624651867322,-1.70711641039609,2.70051222799826,0.0987802274154508,-1.22799773914719,5.8412128411243,-3.138294008126,3.99671953197603,-3.35500308342042,-1.27086673859469,-2.63422778894692,-0.531292310551266,-2.77748018080687,-2.72161433558759,-1.11574102282281,-2.69932644011017,-0.978267397624293,0.928628184322503,3.71898329228339,-2.62845296984402,-2.03827024886119,2.23544188668919,-1.8806860559392,-4.32086957499627,6.54223492223692,0.529419711491021,-4.23683221529506,-0.105101834539215,1.21327623649153,6.37593507735166,-1.93562628762726,3.22314627206345,0.0280789844792996,1.60703402057594,0.231057875092371,-2.25386934402164
"ENG",-2.69686698969575,-1.50960320006425,1.16536266794415,-0.367899309426538,4.00713762897959,-2.48616257453556,-0.638632605484567,2.19410923617363,-2.07821318296964,-0.784866037137531,-0.790393552429756,-0.784157861409273,2.74254724235892,2.66464357373585,0.239134419083537,3.50169365683036,1.44894447927382,-2.41582525329097,3.69603628197836,1.34016380012283,3.38986725799328,-0.441346349893528,-2.17384528692322,-2.66301838738419,0.616001788292617,-2.3269883591316,-3.44463833787364,-1.2860557927013,1.20333510476549,-2.10934563738354,-0.261702400384754,-3.33055766322485,5.04282406235474,2.02285735773862,-2.27868659351661,-1.71389030114037,-2.94314401996673,0.00264655291678465,0.791783544409118,-2.79116542764621,1.76017537485349,-1.14791693998808,1.83028038911102,-3.02638569478016,0.899575077782456,-1.05224126262693,3.24378767250705,-2.69384490763154,-2.23561169123478,-1.71069951946137,-2.60828420539401,5.74614338712156,-0.46837735582752,3.55773005290594,-2.97159718146589,-1.23459687316502,0.407120499540654,-1.24157337943683,-2.93722472345964,4.62537339055126,0.31274209998174,-2.83767245861184,-0.431848076010663,0.197235112992773,2.54968013672557,-4.16662737663554,4.44258555200877,2.80823404629089,0.555707172409084,2.93854572780513,-0.598412114483277
"NFIX",-4.21988721968291,-2.69696606986421,-1.88077192838283,-3.01620591868325,4.8206627895244,-3.07613769384435,0.722531442445514,-0.420519266842437,-3.92305612688291,-2.29603688958103,-0.95700825425971,-0.148490523115259,-1.15541413685136,-1.06979680179741,0.815623122701162,3.38716057999967,4.09322731062062,-0.635629202924576,4.21392050858137,1.68295197456173,6.11775374133726,-2.58684854985239,-2.20883318844461,0.257289460415283,4.07838030438295,-1.64753438918729,-2.41603500296827,-3.76847731649854,3.85672569154073,-3.2203284063704,-1.70148606771992,-3.67158684035984,5.01760421183699,4.89788377244324,-3.41272428418666,-3.20593833427745,-3.98918656602333,-1.30455031662155,0.658695355247264,1.03478515144437,-1.50015104542192,-2.63386956211181,2.74319747831768,-3.42383133775046,1.35970094178957,-4.29367014860787,3.95754263762356,1.59126000239086,-3.00741249002179,-1.77758386515899,-3.10642263154683,4.76962844187758,0.318726671874962,4.85297116313164,-1.77245882782617,-2.03016460851339,-0.349102056623531,-0.464611090728106,-1.68692920168405,-0.461936967749704,-1.34768539860935,-1.41172194927185,0.40502308666031,0.158641426703055,0.408381257579687,-4.01447783172256,4.82915511625773,2.9828509608066,-0.169851462450467,1.23533193998638,-3.37358159091762
"PRDM8",-4.76149280754017,-2.22838272808893,-2.10230272587383,-4.18122336546145,2.12034173031142,-6.37464875889306,0.373403543540058,2.66765260978029,-1.91345280097775,-3.10798312494263,-3.04096693603529,3.98453133979296,1.14214919072609,-2.31272138007216,5.39814394403311,5.33614482207167,-2.3345535466405,-2.02243823825796,-1.59098748425057,4.80245843638584,11.9920744655378,5.18882981968796,-3.6553923720753,-0.579679301916404,3.71590738628095,-2.83959771212476,-3.10746550294007,-0.517834826665048,6.87567693714903,-3.98340989884764,3.32235836184628,-5.59011954428873,-0.718474741016797,2.61815995160771,-3.6800844005435,-2.60481180607915,-4.82857389327056,5.53280833964457,2.99546005224534,-5.30431403053694,0.634363989321777,-5.99447649994595,11.8322098965274,-4.6224840558429,-3.81375770407682,-2.48722882387942,3.01711236853379,-3.0314321004079,-3.81319027491936,-2.93493589873695,-2.7433725994578,0.552992209039929,3.91490812104299,3.04577635095643,-6.31854677668843,-3.89768292808755,1.80866430851475,2.48367246893476,-4.60112253632023,0.74061311049793,12.7865350710586,-3.74052857933836,4.84796524393709,6.81609404513983,0.149033805449294,-4.71729352294305,11.5159753427019,0.277100777236446,5.02729010416396,5.53752573702289,-3.07343582991783
"RPS6KA5",10.8054616557436,5.2938871398891,11.5901092413125,4.63907517968935,-6.70977935996864,9.30004795247219,-3.75443868479687,-4.20935282534194,2.39594075749245,2.63720650338898,9.32763897512243,-5.76807363206451,-3.60681025284675,11.0559874561208,-6.56209307210947,-6.21401331223908,-1.01040584112002,0.531889933238996,0.0751189833795081,-5.77124533292022,-7.77283120813956,-3.14521866445613,6.11245962825024,4.41461952279328,-3.53835689426653,4.06760750412596,6.52728093261562,0.747571335588707,-6.08755221204747,6.40932042594994,-5.11350578955923,4.07139082272888,-2.0804803955456,-7.80042522051348,7.60267410258437,2.57483540928168,11.6584825151131,-6.70783950548268,-4.99575100111663,11.6674141024101,-2.88448019237333,9.04136946239434,-6.49383282445213,4.46474222199077,-0.0780801294544887,4.69696787174088,-7.55809277695653,5.66298633320153,3.55074983207678,8.57908442057301,5.05347665781689,-4.16715398610437,-4.16385614591715,-6.19535472309221,6.46622965182515,2.49038518338661,-4.28714897988829,-3.70296259452706,7.63971815361906,0.0795756601958858,-5.93806192426184,4.32882971982098,-6.44697537358316,-6.7131304940051,-1.36915326550318,12.2150388850833,-6.89123844982288,-2.22355923004402,-5.00917235668026,-6.08890371311516,2.32060842994596
"STAT5A",-1.22767194246773,-1.91465173242507,-1.91967787945402,-2.09113583007358,2.45379316868391,-3.10261885174644,0.314321268547097,3.72643007789186,-3.81377286826701,-1.28111957967992,-2.65961707938071,2.52832996374935,-1.29039735317385,-0.845640346070565,1.98943096244801,1.59023929164929,2.52019732687849,-1.57274781707333,-0.00260100087498422,0.51826328293003,4.1441108031596,-0.298342143927156,0.0651267016868779,1.54501757373571,4.44154575834577,-2.26137949522151,-4.20215444552663,-0.26628397382165,0.68979082630532,-0.406913851789193,0.937691415229321,-2.68005041949284,4.51729959795552,5.49855493420323,-3.02959779997482,-3.84557318930603,-2.98886503239448,1.61283365609716,-1.86930011186865,-0.701454588724958,2.24060135052573,-2.48278567855895,4.96440717605896,-0.60633805981356,-0.350810362184538,-1.43116819938197,-1.07589316210269,-3.3610925449859,-2.60680361336169,-1.67948955360121,-3.03277041654835,-2.32631241370777,5.48042379250208,0.348931923514431,-0.787914637297424,1.56004057486701,0.352544973350525,2.92302128264439,-1.67262638755814,-1.10785405172186,-0.439644418812851,-1.95347312583894,0.862568504443898,-2.11196464919709,5.5239602478433,-1.98496880035229,0.987600062560069,0.604928716046621,2.97331850201929,1.57171073348466,-2.48900328801474
"TRPS1",8.14927937602027,2.70437020906656,2.29547215132933,-1.29715270940211,-1.5850444206461,7.56695066946895,-3.20965642444146,-3.38998787399346,2.61928640889107,3.60565590362325,5.83610144276106,-5.13277522067681,-3.48154883809037,1.19841464936275,-3.35936291092196,-4.02229738597993,-0.342312397964403,0.761323803637583,0.275765575603099,-3.6190080871999,-8.50699887236966,-3.59755304763687,1.97434857981409,2.61860512304233,-3.27127761202854,4.79714783959357,4.22759587894339,-0.324463240264749,-3.87885761379361,4.80052827603568,-2.9686247212325,1.92128621684167,-3.75731793873623,-3.81254823829024,3.19953079459558,4.76372160775739,4.78860257593485,-3.46020142564218,-1.90042515578943,6.93420333286962,-2.63827565466766,2.1850944161359,-6.98243779274655,6.80539790436611,1.40272741267921,2.22865265254306,-4.78416351158356,5.98220242146881,3.49721839770572,5.90258241954287,4.05605341083476,-0.916989094278204,-3.49543021965709,-2.46526917932749,7.41411115539934,2.59585176219183,-2.0626275712012,-2.74157989425889,4.86654530823506,-3.10729812185125,-6.42775316146994,3.76362379693665,-3.66784390683819,-4.1521174791447,-2.29170413399596,5.96516149180651,-5.91154936737663,-1.33043189097107,-3.13153620626651,-4.95547228837097,2.84650599229202
"IFI27",-4.30641131152429,-3.55089238433662,-2.83652785862183,-2.86313387554515,0.345262612172181,-2.38756106416431,-3.50533325639469,5.98938646742991,-5.03723583936819,-4.02912708057899,-2.15614269534253,6.09230077867104,-0.824778471732304,-2.70684739781388,6.02337419011059,2.04936874600411,-1.30916099619141,-2.16519295703683,-2.08243826751753,6.36022584284663,-1.98315127690276,1.08428709294253,-2.29436619120438,5.36251981763671,6.34562076823312,-1.99260379496695,-3.59009018249361,-0.341791277764406,-2.29488894704303,-2.59163249391451,3.96984813085212,-0.651630284036353,3.88091657849547,0.0241334820493014,-3.55821318375495,-6.27723526956532,-5.73205641382192,4.53883290517025,-3.90174196024497,-4.81179032750842,4.53223087536138,-5.02446295052993,0.801256763439368,-4.48721481445542,3.15848211711025,0.767949923793402,-1.0591284926217,-4.13775037662682,-0.166687457865043,-5.31492168791326,-1.52052878287752,0.686489219671051,5.64457835322847,-0.725207093795964,-4.48897227650817,-2.00166613902713,1.5244177056876,4.74044529370023,-2.46689413263467,-1.21186109255933,5.40008479804541,-4.11429401165505,5.51580972611098,-3.32570202200421,4.11224207842789,-4.97958517401845,-3.61329649697704,-2.42773853579191,2.70887878241406,-0.748081903896842,-2.74405286338846
"MAML2",-3.84671281611754,-2.31946196394759,-1.86949848929968,-1.51317093269074,3.36985950405509,-4.08784735274974,5.37122399790363,-0.543834271122193,-2.33040873980345,-1.93012892966852,-1.9147039533358,2.64469441647788,-0.0198426478797866,-2.86115953598985,4.6528549017923,3.7116409218616,-0.442613671266868,2.10147264404926,-0.281239854928303,1.85233544144929,6.65172074067927,-0.80143603598805,-2.01429329200051,-1.32962863370241,1.35490780815018,-2.21202703233413,-4.4173791787442,-1.68235529768085,5.39167102832744,-2.89386255512768,0.208543067881475,-4.77167600517946,3.2228068515391,5.78035515244735,-2.45831807101267,-2.41076845602631,-2.24667441285094,3.0257362572519,2.87399766704594,-1.78373645040354,2.14866136305039,-1.06490675045948,4.44441772663562,-1.67247669493652,-2.72707850931235,-2.33832449039896,0.629666716128546,-2.85102853115745,-4.4249598276329,-0.807805165446868,-3.00018849675111,2.99947064965311,0.528125990963766,0.889319610651813,-3.17957412915591,-3.28301555815365,1.73309946716364,-1.99468568541844,-2.96868698093713,0.37442047022994,1.40204024972875,-1.87358345017218,1.34197793323789,4.73245436174467,2.19255681220173,-3.58172673166585,6.52509122971472,-0.794381245071542,3.10494846342594,2.16319151719422,-0.877991686295929
"HOXA4",-2.26379090600635,-6.08409795258249,-4.44743533825468,-3.08751307710148,0.0800175025613295,-2.83470019541022,0.695023685563908,0.846488352161493,-1.73447934486439,-1.93588606289816,-6.14851944351755,4.69271171024676,2.54462702526175,-3.00991909018612,1.92042455138689,3.27240769061219,-5.0231324888724,3.34878953684622,-3.22531005882053,1.05476210942508,7.9958437760169,0.952309210465816,-1.43845904006524,-1.76466285328234,-1.46934523807505,-0.348858949802198,-2.12477767340207,-1.70046923256721,1.10938802839786,-2.63514759427085,2.28239667022037,-0.913625286676436,0.785460008220805,6.52653151826456,-3.42652923333573,-1.00230019293255,-3.59596017197218,1.29032967154171,-0.472435469686873,-2.85866265887262,-1.47464875867009,-5.5735328874739,2.1587883776028,-2.57794095282145,1.58174710875269,-1.69869724477462,3.23627610991897,-6.2305584374923,-0.142296738831416,-4.20945916986727,-0.855216499365438,-0.0132827196333543,4.66563179298951,2.75275405782886,-0.305034279889604,-2.55974074977186,1.0065767744287,4.83662400047108,-0.139617314095331,-1.0617123676765,5.97616626183403,-2.49071021555769,3.48726559440048,1.72085962911024,1.23015302626012,-2.56222207801023,1.36732503709268,-2.85168647877449,2.33123573744437,2.48976504744248,-0.36046579138545
"SOX13",2.99214112823684,0.255253312467784,4.77232664910778,3.09378604315947,-3.24466686894519,7.12770765186148,-1.53531582919973,-1.94876879848682,0.96381172337277,4.66735689499599,2.37484172540746,-1.26414455021082,-1.27326095814731,5.76528966846821,-4.59094191488184,-2.41773029546184,-0.72425904410544,1.40432289197915,1.38356816934072,-3.53631835380069,-6.80542850280882,0.102308194204489,2.64218987885449,0.826441705244536,-3.25655812459472,3.44869598260923,2.83442525614727,1.54077186794788,-5.80050905389923,1.98639308084649,-4.52261824866066,4.57670628148684,-2.25672425296569,-3.39805799599026,4.73679401851291,1.91473907843804,0.32000363279895,-4.81330468747334,-2.65170976321763,4.06685780588974,-0.656204277095505,-0.83599508213002,-7.20180464507677,-0.121226988946199,4.1792371453513,-0.0455424387572343,-3.14586355256197,1.06636820512446,4.70709474026758,3.35883857725343,2.80320454780437,-2.52438549096295,-0.42040642814932,-4.15212972621287,4.82546713027749,2.15875047713919,-3.15984378471313,0.0243105798407234,3.66199245079067,0.655536403178612,-1.06357383176935,-0.212105797112073,-2.1882874413585,-6.63675320760722,-1.00620270177521,5.15879362476875,-5.55453420438259,-2.69752733824032,-4.82932060110142,-2.9974779204878,1.65423314230182
"EGR1",-3.2657545417711,-3.04058002192013,-2.0602690725257,-1.3814496109418,3.30635405301817,-1.66537863707464,-0.450391287585958,-0.75434908645214,1.06947175711005,-1.93088341809373,-2.70314679764926,-0.889584797540833,5.60371016519185,-1.65773456195037,1.94749547247111,-0.107368602342662,0.393155386961267,1.34483317557101,-0.656735940082201,0.56225771414315,8.23640756343143,2.66792412416999,-1.89108404278821,-2.43538513682493,-3.36901622276652,-1.93836816117516,-0.356917305750468,-0.961367953052986,4.37889675197965,-1.89911270468724,2.46448628634063,-2.0379268453404,-2.08379319391158,0.428647902392504,-1.58578893274031,-1.28555289700281,-1.68860311262737,1.77047598818998,3.75260772637765,-3.51005266607016,0.917334631807149,-1.85382724447586,3.8881793858098,-1.21018500316916,-4.03609138324405,-0.525962401586637,0.629934588705897,-1.98764528619052,-2.35294095624213,0.186770000423152,-1.51114440758294,1.36185943436203,-0.87194389961319,0.71654748100947,-2.83378803768143,-0.215952465081251,0.783025421490364,-0.21778040326987,-1.96865966411708,-0.80342709655625,3.39229268219969,0.0814227026051196,3.13359946368288,7.46652109868532,-1.80295541466121,-1.79518365945577,6.15617077356906,-0.0719273574957438,3.46980745342812,1.91486539377418,-1.74721782290996
"ELL3",6.5177827694912,1.70796397679354,4.72026216380553,2.98528138504517,-4.08673322297579,5.18156640160114,-1.73120538789828,-2.00072471932806,1.51821626075421,0.348535857582704,6.39701113413035,-2.14110507819867,-4.52600916226892,4.06250056952104,-5.35837517694614,-4.83159827993396,0.536477834707666,-0.436070615120054,0.724175788009884,-2.77419014032357,-6.15192078646199,-2.54439330030738,4.25995509875077,1.48218094647956,-3.2252762521427,2.50748233589349,4.16413968799779,-0.827691387266235,-4.47051251215978,1.75513634609188,-3.27090256711137,3.51014634368237,-2.44156021399036,-2.8564535423284,6.27393879778684,2.52186320257499,8.47329943762496,-4.62775350068899,-2.13098968368913,0.499010448902747,-3.73892372553383,0.806423793836163,-4.83824369631846,8.06722224248497,3.44182922752266,0.621619555274446,-3.50778522063583,5.31407081787639,4.98501350964641,5.34535085892539,5.13993365867413,-3.04392867382731,-2.85558674642903,-3.32693051445163,5.75119527884177,1.03809371360361,-1.87674198507445,-0.314189111186988,3.69225890929548,-2.19459551378325,-1.30200565705423,2.19995303989752,-3.60724462075488,-4.5272382936759,-2.84204415140347,6.2520238822832,-4.45202115782234,-1.84822056606665,-5.39112961814281,-4.85298487753637,3.34832519484713
"PATZ1",6.20944782609269,1.07636069799504,-1.21368128075951,1.73117489586792,-4.70650204249765,3.91392409526389,-1.48868411402279,-3.44396085452465,1.90786243049988,2.17241565074394,4.02625019773656,-3.90746422501962,-2.68364176934766,-1.72660280446452,-5.13859128025339,-4.11721841000853,-1.16748851658918,1.96871308169663,-1.55308636999336,-3.36262480803845,-4.56690040259441,-3.61591240917717,4.06388384088612,3.87249107345977,-5.03725065088141,1.77803897316123,4.96577339446175,-0.109843819639582,-4.96657622158558,3.76824257770134,-2.19548021825865,4.30705431301426,-3.79316680326493,-2.43933343321933,3.10602212068862,2.29362554825639,7.67494990510767,-3.44136512157242,-0.971421503916896,2.99273222224826,-3.49768726742131,6.0420570199594,-5.42392970071856,7.32415133648831,1.51593964161099,1.31828531406935,-3.89341022046417,5.96285939999862,1.12340789642397,6.78708869674951,0.145050354925676,-2.70058334527404,-2.70257508156472,-2.98410285677652,6.89134034282371,1.52118678579734,-2.07689348401311,-0.465621819075245,4.52403080821806,-2.59876000349738,-3.07339349434377,2.47162198600809,-2.11854356298941,-3.0361994413093,-5.26676408095441,6.84468852119758,-5.91887405506048,-1.91176763836318,-3.35200489192165,-3.47963254170723,5.55750318206708
"CEBPD",-4.52717108744837,-3.37682333617804,-2.59262814317776,-1.95494888086093,0.843563198462307,-2.55675238994223,1.52277578439712,-1.53739320618608,-1.77083001694548,-3.55444644344426,-2.91095235367784,2.11640848159053,0.770205297818597,-3.74693627824673,2.6488728765836,2.83055170733098,-1.82689748763463,-0.936767668397397,-3.33623746627046,1.55279610067742,9.91817934150066,0.380093994616069,-1.62559644117979,-2.45705618794411,-1.27253891598572,-2.34611237916346,-2.85843163272081,-1.49402204182277,5.26997014819365,-5.07538610087012,0.359880879823325,-1.68886773288437,1.07493253564634,7.81576580275255,-2.70995892354729,-1.77352773693305,-3.08458978774059,1.67845062400775,2.29505396985681,-4.99707080086664,-1.48765451016299,-2.6751351968178,4.55384544727022,-2.94346355988269,-0.399304739174722,-2.92369518281602,6.83463552839745,-2.15213643171376,-2.53885596650068,-3.6365387597924,-2.89218624455926,0.171071101770313,1.53081844034294,0.981391318550339,-1.70122294423099,-3.5509724451277,0.740248508431698,3.35652955006704,-2.19970317936646,-0.350291950593705,5.58397474361695,-2.69812217337524,2.9302715865138,5.94970090722053,-2.36341059185779,-3.37515201170244,8.7382233881437,-0.297348050712214,1.69186977382574,3.69362534440833,-0.747449497498945
"RUNX3",-2.03681834602387,-1.41573510487673,-1.2822770855154,0.207708309189386,0.0295643537785246,-3.70954041865932,-1.86602428027287,2.28192916050255,-0.92170774141396,-1.06024573081305,-1.59138949807591,-0.681940573895865,2.58382960690942,-1.69074680625559,0.886094807894227,1.42085250783565,0.77868749751385,2.5640217767702,0.397076981511269,1.6833627396757,-4.7072407036398,2.27105143910639,1.25543130795614,-1.51934833236146,2.84928831120298,-3.01067054648169,1.15060686796354,2.21118016709689,-1.43419490133049,-0.250817739395924,1.86268923198435,-2.95978630273747,-0.975493509458903,-0.144103836685783,-2.84188645053897,-0.591777951230156,-0.664845256907447,2.84600880646704,-0.475747485118848,-1.52033228842853,3.42955313984005,-0.722117817878243,-1.47044459893714,-1.70784276740873,-0.314241636234138,1.65064734301122,0.69768564634372,-0.41005488095236,-1.4772870934936,-1.30379214663123,-2.43120735416412,-0.267970784093176,-0.995189729655036,2.56833809436485,-1.07896357050947,-2.35759406870736,3.16310817646629,0.220564151824128,0.132895612746332,3.21207537500495,-1.51796174683649,1.24798913454903,2.24734538065424,-1.12713608548435,2.74843959636432,-2.57307049196093,-0.0492708168398491,1.76322007054158,1.63902919504973,1.55626937647138,-0.194152984234566
"SMAD3",-4.6528663442038,-2.00816390429893,-3.38705997359656,-2.87270315862233,4.34666894499619,-4.92851618393617,1.44354969823072,4.45858209541085,0.555456728105032,-2.26605701053783,-5.52006412127399,3.21309140993178,2.14646391760297,-3.71521626814919,3.03266841083942,1.37880637348265,1.91468408661524,-0.370845926573831,-0.764815700737865,4.51507550171224,5.01377351660334,2.66559053447958,-2.20752859446871,-3.41439128544849,1.6538888451382,-3.3796857492596,-1.67144762573865,-0.00797853451229448,5.93645131130205,-3.31315713945029,1.68764281020087,-2.76532308955749,0.699356360600585,4.49934420183428,-3.71179929893185,-0.46722580410037,-3.89628026348417,4.07368818084626,1.88012533200518,-4.28403294277529,0.924011687039033,-2.89870512329576,5.36562955684596,-3.11985897695702,0.485966476335849,-2.75875270515397,3.66172940428072,-2.23889804851181,-4.42778662530232,-3.36196908286856,-2.46102423285679,0.0960597949986015,2.96332657768548,3.17557128592584,-0.866886965923396,-1.92625162807689,2.37183891646944,0.705829510347206,-3.81190647491232,1.67332348619455,2.64803374478271,-2.01672137512653,2.4423924293604,3.8593078375798,2.03856124289317,-2.13526861468677,3.85924948358251,0.687535214236094,2.6648022936183,3.76506849393913,-1.44870527297547
"IRX5",5.14596808386304,2.85095569817788,-0.720223884107399,0.75866827917942,-1.04907453495067,5.48782350697578,-2.8034482713399,-2.62531508629289,1.56657434635337,-0.898131442112262,5.18507324922464,-5.08645121838321,-1.91106625917967,-0.247308199955532,-2.91428144020298,-0.97495123178802,1.84279463227763,2.48550691871,-0.161474445207878,-3.64868166418127,-4.67297126420645,-3.55748570709861,1.6734625831875,-0.29155715442098,-1.89565870365469,2.44302427460507,1.73211176614245,-0.720995972930724,-1.79186837414576,3.75165006740943,-2.69641098856217,2.03259976530529,-0.464124798987405,-2.46122485411636,1.86287058891673,0.611200417030829,4.74945464799553,-3.51840677691172,-0.976607659219273,5.47072034705454,-1.16771299738644,2.43004476170546,-4.52281416429394,6.21552421174127,-0.757156456009417,2.14968737003335,-3.99999189695836,5.47341828716961,-0.514476067361847,3.35648913408558,2.79793957344818,-1.24986291043605,-3.1845025984526,-2.05738007504064,3.87246618589332,4.3343565783512,-2.24973990009954,-2.02338472144741,2.07492077098585,-1.54391268699976,-4.27043515017622,1.68629663794869,-3.58177281873442,-3.17450084131108,-0.242375010164527,3.58510367824368,-3.59188607278688,2.86139890862583,-2.67152962419482,-1.74270918466183,0.489493185146915
"ZNF467",5.26788171599582,3.90052401599644,3.75232608538403,4.44455208374294,-4.28504806750617,6.57978745920341,-1.53517360302215,-2.30905078819236,0.348031459922744,3.11977331059879,4.82425699041218,-3.06238345254709,-1.87365254595257,2.73632109573664,-3.30078668795159,-4.74744439519868,-1.02761172234783,0.548558269939026,0.256827305498808,-4.41113006598058,-4.75748146970244,-2.51200266075208,3.20577586171269,2.96360657516984,-1.16099158108635,0.609871394850362,3.46906195617933,-0.0698234146447057,-3.92125526278399,2.39912986402887,-2.83462113405005,3.95816029705512,-1.94146513211123,-4.72597340982784,5.7416183689065,1.32822802338786,4.22550688202447,-2.36931266081025,-1.78639605438531,2.37315727174938,-0.281190431442398,-0.206855567925088,-5.75424760210309,3.12645449480893,0.624543176671598,2.20551331195819,-4.00845187463029,2.33570368971678,5.96364688337456,4.03961685669848,0.138870839597364,-0.754109150877911,-1.69662293119335,-2.85412152510887,4.07231734919513,2.41824473447595,-3.7925998161882,-0.494369625693494,1.41185817815991,-1.00908808706465,-4.37121329400806,1.3864975802015,-3.4130427927124,-2.58529962008219,-2.06382547813654,5.16489598165662,-4.36944124780586,-2.15427661075995,-3.77253035993337,-4.67777007884368,1.55053716065505
"TRIM29",-4.4628323160147,-1.69841723833047,1.65962128054919,-0.295547617222536,2.49914051703213,-4.97337730781591,-3.0596247768239,6.94399395594544,-4.32069193381199,-1.14700420242597,-2.9529275988866,8.72579160469629,-0.000834007443496185,2.95739917722027,6.85481329533324,0.399878212645287,1.02534390760425,0.794841949945788,1.70435420761222,7.79916870691429,-5.64923810185726,4.1916176525325,0.381787458075429,1.19471341055386,5.45477946840044,-3.51337237081434,-1.13294573640312,3.00483365924899,-5.15027166742698,-1.68745144457049,4.83808372728135,-3.23158917658038,1.09149536667975,-4.89595392022861,-2.19815243798915,-2.75928474336651,-5.60329347228915,5.18282786887908,-2.84927778174506,-4.85608161972454,5.705322150049,-4.54022293869128,-1.70672917605031,-5.2632740806733,1.68526696703786,-0.875259538583115,-2.28552777385411,-4.49734352354002,-0.436971003304746,-3.05232427959207,-6.46587131770366,-1.30393158954729,5.08659145133918,-1.12009303282316,-3.7263904791163,-5.04935102390687,3.83114390181957,4.60680748909535,-3.09993437200994,4.50428033025526,5.5814059692332,-3.57749101973376,6.55897299330977,-2.78606407592446,6.470171515101,-2.79435177160515,-4.03344662080461,-0.274650026712929,5.18430919278836,-2.52159577192163,-2.12721205363098
"HOXA10",-1.57742176230008,-0.826251679020135,-2.69345031983031,-1.35717424373666,1.9636937677997,-2.67611055833414,3.60922116682077,0.500617109842583,-1.47488185782912,-0.665250192765811,-2.60873199991496,3.57977880075963,1.85614424716558,-2.90946484769146,1.61947033178685,1.04920739746918,1.29230036949662,2.46745842362103,0.792425038663718,1.93593762359609,-1.75253914758716,0.322090493251394,-1.76307446766938,-2.07817176478395,0.434595866551596,-0.673141318590245,-1.04620754136804,0.0852152594144324,1.15018551733399,-1.34232832403367,2.07148584677195,-2.39273711689821,0.00898842281818272,3.56242748681353,-2.79265494983124,-1.49279003227089,-2.57611252187333,1.74517497818317,-0.929921862769715,-0.36939658666086,-0.102501590301858,-2.48369944558603,0.923376226460733,-1.82570914408442,-0.738859156530885,0.0652032421652956,2.04366854066541,-1.82425009231532,-1.19785907816961,-1.01223763522033,-1.79769536992429,0.268842359555157,2.42186590719661,-0.103497573940315,0.0936893006235926,-1.10751996087291,1.30014912595428,-1.26739496868646,-0.991595063817446,0.415708242759611,-0.720411415484005,-0.584789188053987,1.84858219207711,2.72902677110736,-1.28381872370955,-1.15582379664121,-0.0561236707739582,1.64043325605171,2.99159202827241,0.0324919185045298,-0.960787497203643
"GRHL1",0.60939096414758,1.63126660367037,7.20057310552807,6.7353697857835,-2.45339241269608,0.977305233257679,-3.29104858763625,1.6013691940117,1.60583905026648,-0.618398369785289,3.91601891477829,-2.57205264042142,-0.28931274502439,7.22434287754425,-0.301949649688076,-3.35603588236304,-0.0121537716481466,-0.738026709337966,1.5950764576572,-2.31481058100449,-5.41459640456409,0.551234972068688,1.57062921993647,-0.284769964438904,2.60729461618718,-1.80750626040024,0.973505695840184,2.09080796611717,-5.02038167045581,0.549503903754094,1.33707289942223,-0.885421789040715,0.752056045608859,-5.16106145245982,4.56003996311598,2.00520968373984,5.06964975253421,-2.64498394248032,-2.62868785744019,0.856209733217252,5.11515100128746,4.07003847788614,-4.14166083691549,-0.814626815159221,-2.09510720741359,2.02868893048476,-2.73422928319623,-0.768783186913175,4.60183752793852,2.42938297207259,-1.30527893978073,-2.55829938737718,-3.13808487423713,-4.58383614161884,-1.41802358259165,1.17206412180012,-3.50111578770023,-0.80001498570543,-0.268977756365484,3.59838450237702,-1.8727330044923,1.87070474036049,-0.0684423612080365,-3.93256239761929,3.43237076648433,0.367353553371392,-2.83104563154562,2.52717077350212,0.903354282220616,-3.66631771009705,0.457340915908888
"KLF5",-2.86213845520306,-1.11705108541465,-1.31840825120635,-0.133522914560706,-0.793050736705294,-2.66402819388337,0.324842365283069,6.69365262178396,-1.09485823474721,-1.88995459417346,-3.24499840236184,5.1656011894711,-0.493769878563668,1.03280442639886,3.39481583706857,-0.251511279743991,3.10261766732883,-2.1231927181829,-0.963364195979698,7.88609544971614,-2.20138613963822,2.83490887367366,1.60117614985507,-0.295684712087871,6.22901239721142,-2.30101094266509,0.791383442398724,3.12858516350466,-1.83074057558746,-1.51894525887675,4.05652481872611,-3.38887084756611,-1.31723804792557,-2.12987903964863,-2.97547372158826,-0.656420330643515,-2.37604226289648,2.44210891879729,-0.0564791500584649,-4.71450140334996,5.29240734299702,-3.79171640614208,-1.98447809558969,-4.69824353862195,-0.235593220253844,2.01005052814818,-0.328518214813785,-3.17040837476754,-0.501554765229729,-2.8045722383155,-3.14986584885584,1.78348162773156,5.48552874068354,1.61989984913143,-2.69207037804955,-2.02043950146822,1.04032407692284,2.70217424332543,-1.37536839273825,3.83366802487301,3.59504930031797,-2.2426973443799,5.64308747292969,-1.09666840902779,5.45711139374789,-2.4285081829595,-5.00034168551639,-0.764290394904894,3.42540855378484,-0.600469602725101,-2.965574583422
"FOXF2",-1.89876951968632,-3.60654556614225,-3.46565260605035,-1.3683694556366,-0.428072018802314,-2.04852744386316,0.292839715230176,1.24735268476082,-2.74370810603624,-1.60952489199448,-2.66505052567101,3.74696000064339,2.73441067103416,-3.68393955933896,1.54531991440771,2.81877492502342,-0.0337157159335305,0.257062517424013,1.32443873122664,1.58443617896853,2.2369973970106,-0.722542657216006,0.0418933967095498,-1.02939383598732,-1.58386213822468,-1.82060030329907,-1.86995466626799,-1.84501420215237,2.53779782402332,-0.501489129353243,-0.0628351036572898,-0.602638331857461,0.973308955649011,4.08931241451779,-3.38143196598603,-2.63651299962861,-2.75401342807159,0.525629078365381,1.50168368530505,-2.04468066039245,-2.9508408580215,-2.48381489799929,3.59247166432792,-0.608461814431283,1.86507634989901,-0.734989596934416,3.22873842841743,-2.18359547313707,-2.87046661347653,-2.53373664836035,-2.6749866394163,2.77404355725645,2.30366732735201,5.00256565589285,-0.88256555964284,-2.46653928321334,2.69745248205528,0.402774657510195,-0.49736799852552,-3.03535328329133,0.979235640269162,0.978108170517042,1.09644688313224,5.11415514892759,-0.473665891695338,-3.28214522611384,1.16663980777222,-0.361992506292444,-0.335191773548879,2.91596361465909,-2.35625728933366
"CASZ1",7.19967547636479,3.92105263804331,3.16644651522554,-0.217308590197677,-3.14455630004265,4.80139744006207,-2.42819295900929,-2.64045537010378,0.62037526524397,0.717215216806279,4.92393101270051,-5.4586964270293,-3.64701823022969,2.90867046333079,-3.29704171939112,-2.88196507648464,0.0535088280469751,2.15247110638687,-0.711614253868431,-4.21099795353138,-5.68356784006127,-2.49648402808734,1.90164379218767,2.2966131523918,-0.879887466069962,0.713917895930252,1.69820427681196,0.174860322927918,-3.94771196159027,4.16339175941574,-2.89939599204507,-0.373171567086027,0.908098649590622,-4.40166342034911,5.62819055516191,0.878248284260388,3.49272611746422,-5.1202348066202,-3.3302829373297,4.98076689311177,-0.172194387954308,4.83598130246226,-3.59659176355721,4.48186114992787,-0.423571199592469,2.48764259906508,-2.55976494835797,4.34723235670717,0.887668766287235,6.59253576983986,2.71909813982368,-3.4934466517311,-3.59842493761536,-3.05603202174976,2.17682283696699,3.69859975124841,-2.94987943234642,-2.04607746033784,3.05710507920687,-2.04556023273549,-2.85486052376256,4.17771364459825,-3.02177605815404,-3.34881042870184,-2.35193468285834,3.27436095742669,-3.75017960257674,1.62909764722038,-2.57039729896239,-3.61560562999618,4.33599857998085
"OVOL2",4.27551137913924,-1.05759629839819,1.06829769867943,1.80353333385828,-1.33476418416072,2.39964226005059,-2.46591954932704,-2.85141514998217,-1.72648578992041,1.35778987357187,4.83883199814618,-3.15247165658947,-3.65401569107259,0.571202832250849,-3.52271379535496,-1.74672028263895,3.8458384360222,0.55591142980143,2.43354136248841,-1.12317665220796,-4.47115896340968,-3.50406976905756,3.94901515373841,2.11232452045811,0.91641061886141,1.47139635837171,2.50447932276717,2.08191125369482,-2.31094219225567,3.95462602243953,-2.89235699568166,1.06410085034909,-2.30404615388466,-3.496383860815,0.559452042545385,-1.18592143227434,0.999223290209662,-2.64990297882106,-3.99469592636215,6.90206130249802,-1.57303333090858,4.5841551215383,-4.33719479718926,3.12057947385579,0.790046835642603,3.57859758788946,-3.45366021928151,5.6422755909626,0.666261893553565,6.37959007497244,-0.852230067405845,-0.15135097435095,-3.2864518023088,-2.71197642615276,5.34383288693309,2.11781010780662,-0.463198083681002,-0.206287748945571,4.00049647516493,-0.990579149223746,-4.57316894388446,1.9130242075117,-3.03676522088419,-5.01779134890498,0.725391474497029,5.36508822954402,-4.17272346070127,1.66883630359262,-0.679948390119657,-2.63847223976062,1.32863118764141
"CDKN2B",-3.30509946419605,-1.41319963544393,-1.54162975101539,-1.88689780416297,-0.517894889848549,-5.27204345612254,-0.527134483807155,3.93025376648427,-4.5459241914273,-2.0515614216598,-3.31294001517105,5.62464194447965,3.30331200041291,-1.33850069952003,4.95612642828748,2.98273513668339,1.17249640917989,-2.24082190961446,1.19458630896072,2.22121155643014,1.15699701419702,2.00368149045775,-1.41813163038206,0.114730129741712,3.05255307450923,-2.11520713717468,-1.38835169173979,0.619052320447495,1.00840689498109,-0.82128515523789,3.85874871437742,-3.04842103348547,0.393316050735132,1.46520934494781,-3.13412517839881,-3.84542955489182,-2.1316964966159,2.82979696983169,-2.18936793934731,-4.62829727323734,1.75020485097924,-3.149436996965,-0.886282953794998,-4.24889422718659,0.924664398144045,0.77482925441212,-0.1111659352302,-4.33539783925108,-1.99363267793206,-4.46652888314638,-2.84748206561517,2.67763705843293,2.86878767999824,-3.09777329754317,-3.71632674931187,-3.94006030408573,2.94723384418581,2.89021963102643,-0.706054377203831,-1.86937692370037,2.98823614681333,-2.1833257783513,3.40007573177706,3.34665791766275,3.83698010332424,-3.94420738761921,1.85603883085076,0.323334144756518,3.0500172772161,0.44900779633173,-2.70444829503489
"HOXC13",3.82965664103191,6.06404370445917,7.17607798901413,1.27755793115626,-1.19717773104255,4.85187965592858,-1.51530882643469,1.24564965994036,0.0901060267022446,2.68776303958739,4.37672729937076,-0.886682995148311,-1.70230783657606,6.36201611787317,-0.848293196533893,-2.95515639804729,-1.68589164949243,-0.0126000118582809,0.356171739747981,-1.57775069929629,-6.69932731592318,0.0499785037471166,3.36790313219257,5.55807339184848,-0.0629531250336177,3.40240401070004,5.24467773171707,2.62734055697999,-6.01897532842688,3.35042273941803,-2.94162109683242,2.1912123429312,-0.651479568835183,-5.22271125850443,2.38244322925097,0.194485602353531,-0.236382360569087,-3.68799274232185,-5.11633522352813,5.73839947788777,1.48215829544779,-0.230782048599896,-4.65431732734336,-2.96435046467488,2.4976415038915,2.88862657559377,-3.12752334688048,3.36906665876075,3.66055747397301,3.77431533100726,5.48973292870571,-1.37067548439182,0.191535658570143,-4.39897190485202,-2.0620761617424,-1.99009541431907,-1.77696628280682,-1.18661731939813,1.48629337165363,1.49369326678111,-2.34254442701499,0.94015863283194,-3.00185443625719,-5.53053881496408,-0.0934332190663228,-0.455586053030514,-5.68781191332742,-1.66410174778931,-3.16313486441139,-6.05648552372625,1.64961861696117
"CLU",7.52073844909199,8.51262946452678,4.75329415644416,5.03684854871647,-4.69004895684464,6.44527782263287,-4.31837284385675,-0.0894447372555213,4.00871086447783,2.07807371703611,3.28745216320304,-3.94752593028877,-1.98689105865537,5.07010758662143,-2.05067538660514,-6.07748611750789,-2.1828256280255,-2.2598081452471,-1.10803214592271,-3.85222231919081,-7.34023447345742,-1.8254011482069,2.35521323737481,4.50309269874806,-2.94562322483302,2.67350994883681,2.40019389876963,3.2121291685996,-10.6922680149959,2.50518036643777,-1.1486574975997,8.33915699149262,-3.81201770358167,-6.7815172413478,8.54871855287964,2.91854708664741,6.16841211199975,-4.96259185148491,-4.10344926738233,0.840044090724074,0.697539930987089,1.99455378708661,-7.33166966662005,2.91231408292422,2.03655650619103,1.48330762309999,-5.51132216075872,3.84720719617361,8.20233149935997,2.24063694906748,3.86979100183572,-2.37577906177242,-2.62955489784525,-6.90813497592336,2.07484530243961,2.98678860503134,-6.279335373691,0.250881134967097,1.86427152367593,-0.502489656661014,-3.4522062905965,0.928773162896086,-1.84529985272205,-8.2793833357601,-1.35067271611769,3.87608766756104,-7.95857355348895,-3.10843093645722,-2.84455299310383,-7.28500773133124,3.68091505215597
"IRF9",-3.56992959072695,-0.890359527096545,-3.26038592747294,-3.10863713667251,0.812941461020986,-3.07133956089593,-2.70519289194243,8.25371183152011,-1.95061224884451,-2.61078583023156,-1.00138286998127,5.60431224874274,-2.43203280674421,-2.18945863417979,4.606596642184,2.15065124152266,-0.704844142899026,-0.0143449540718891,-0.296409411380937,6.07326757158218,-2.98982703319002,0.764418577027118,-0.751448081231362,5.54643815522111,6.54259868303689,-3.11564381139535,-2.21618889055337,0.818810156858135,-1.9687461121301,-1.29162211289247,2.3951796952781,-0.928604959775194,4.00284020959835,-0.0527646263894443,-2.33904583982084,-1.81727548950079,-4.32483594982682,4.60738799197586,-1.83884486539455,-3.63787162963458,3.8408125272084,-3.64520707492601,0.683362090564225,-3.16335556627097,1.73223715817065,0.184411056963996,1.2211816606633,-2.55221577211838,3.50201465804598,-4.69934992757629,-3.38965110576278,-0.540327375622665,1.57048087374527,3.20802810304752,-2.86565685461136,-1.61673642813163,-0.395261959912361,3.13635435674282,-0.57301016010169,0.69108111033995,5.41545433772169,-2.2291854296712,2.98884210584965,-5.11598406707387,5.87122576311294,-2.72803228446499,-1.602963381671,-0.355162614354532,2.17025044999825,-2.04496524148636,-1.87474010229939
"NMI",-1.08251033505652,-1.88606415433043,-2.02625282202176,1.06763265304213,2.48886221204999,-2.92030802430894,0.679374114986656,8.47415496014201,-1.09509921636634,-0.653866789935963,-2.14182222991172,7.88059953557762,5.45800529950874,-2.02843812295533,3.84739533488554,0.608571497909786,-1.03734359799007,-0.294848377402499,1.1094728752375,3.40033114312409,-2.56404781315121,3.18783366016271,-3.73944027766497,-0.831558977329385,4.49902902826505,-1.77899020155048,-1.38075758425799,2.17244189858605,-0.792239909631027,-2.98556323746549,1.80042734000173,-1.3718793922419,0.344430095032289,1.72182042046097,-3.5821526535238,-0.957616030785641,-1.72268340149201,1.8531230538864,-1.60740679137892,-1.62226429176571,3.28853223012807,-4.90266058316458,2.88890139137916,-4.18443147474986,0.368677598271115,-1.782541690357,1.75695142453218,-3.91078640422122,-0.683141382947597,-3.26647292656325,-2.15155350211204,-0.993550193394582,4.05254134761965,2.49369254352552,-2.38793835747236,-3.19301324943522,0.493449881949409,-1.13028682656835,-1.52640086592317,7.22368824260381,0.448148940394044,-2.32278874330011,0.765979850925739,1.04771824740079,6.06670761424361,-3.89523123560914,0.617361392446085,-2.07948463487485,1.18764871501612,-0.761935502425729,-0.483583326199702
"ATF3",-4.19830541901805,-4.16227241543942,-1.33940893087726,1.07185939513086,4.44878288517264,-6.04519587606072,-0.334481233756151,0.647475651422876,-6.1300166492786,-3.9414205117302,-1.75941531817145,5.41373306995681,0.100155327259573,0.458938172627833,6.75149178497767,1.51427566611032,3.6165463105069,0.179252487582573,3.13537890501964,5.20691854340475,-1.13173979554716,2.09623592993726,-2.23074455545349,-0.589063051232456,7.60764181240301,-3.64723244627719,-1.95863735495081,-0.614519432371444,-0.599208555645488,0.333340700453699,4.56861502125597,-4.48379232984439,4.42593675450748,-2.22629766837329,-1.74333654190369,-4.66137809063553,-3.22768039248204,4.66261694936245,-0.571271212278021,-0.944155679312246,5.18498480585934,-3.43255505188931,0.77318986553784,-1.74927077370455,-1.29019037918877,1.83316773579243,1.04641295923748,-3.73731508744622,-2.64946699634079,-2.13802498105795,-4.1276293962059,1.37547269211162,1.03049615974396,1.85836772620722,-6.68038577620075,-2.23286676268223,4.03375671968115,1.10416788394155,-1.22263692336693,1.48171609141251,1.6506125118469,-1.34148468924941,5.65287720476121,-0.175376438237049,6.15930066682284,-2.14917203461011,-1.16140513467697,2.1465012084628,5.52741441061231,0.804573518643945,-3.25324541019984
"NRG1",-3.89028170631387,-5.65523520908257,-1.28924845151549,-2.56874257923541,2.80045885846305,-4.68892798000259,0.113318034678231,2.05801402780697,-1.2330131745373,-1.23261889224857,-3.12637018420841,-0.0189714911894174,4.54985470406724,-1.44995223528065,2.08102447570497,1.25849142759976,0.471677311505074,-0.444646160877986,0.516912180152766,2.53771102435212,5.24657084316682,3.09713029664323,-3.52091985891349,-2.9913576079782,-0.521172889346601,-2.69876938169632,-3.091519138974,-0.112256730465409,4.51349234913915,-3.22673747718678,1.52703877047611,-2.69280740664479,0.567369139269307,3.1980600668794,-3.16180054378981,-1.68250533814975,-4.30013647250174,2.25178525071988,3.80871248185595,-1.17615013751746,-2.39997260948294,-2.68941581708148,5.75336405850601,-1.95788779435406,0.373482158197204,-2.10605629273027,2.07591403346872,-1.48685738239659,-3.80242576717304,-1.06498636523325,-2.32940315331867,2.11156673126347,0.883870488352836,5.14408989599933,-2.01878986177464,-0.500603033266438,2.73080662699717,0.118630403152582,-3.2805371280223,-0.62951299333348,1.93109169260543,-0.649119312289744,2.35205096000174,4.48251506019948,-0.901609868720968,-5.97156332408404,5.02387966318816,0.34521189557438,1.93807652276982,1.83914515287226,-1.27482815471628
"CCND1",1.20182176297726,0.0026335885376382,-1.81538883502385,1.5532418782645,-0.813218649272282,0.703786163927022,-1.53047062964845,-2.29895483724137,3.91666442395342,4.22383047975043,0.353023958812267,-2.01532809941997,-1.614057325532,-1.69877821217706,-3.51054673040728,-0.882443379442507,-0.463478019819446,1.11962026905051,-1.02019776818147,-1.33981060676116,-5.40793871836801,0.0716147130659599,1.55190356659664,4.28615970452889,-2.16720041654582,4.93959756114689,1.4238775143526,1.64372487464108,-0.906787830617808,1.90506874473734,-1.17286988566213,0.974492980607761,-4.0446764821238,-2.79615339844703,0.188173966866635,4.44382896172598,0.647989585696654,-1.56059582489497,-0.777666716652175,-0.41583947322992,1.9276780055772,0.663927906137136,-0.211874462895615,6.09458271207891,-0.186657061005147,0.0443114137550446,-4.24321478884703,4.10033467835131,1.3853218024202,4.60719068883967,0.260606839552342,-1.98695445575256,-3.43518196434569,-2.20218320880414,5.66763694505964,4.43628342343585,-1.85688119864749,-2.17109161514984,1.44293995944242,-3.00803875559314,-1.57177964256091,1.44394304564228,-0.635188551865006,-3.07164012235511,-2.16426491581249,0.532400376713371,-3.1285227704621,-1.10079526928101,-0.130134325803718,-3.54459773128798,4.02651171425947
"HOXC11",3.33443381337413,2.86736098989224,1.80088569599457,-1.71830756443994,0.650821361609244,3.29217208087753,-0.96475333439709,-1.72990335560353,-2.01240325849769,4.61609805529289,5.37415800164249,-4.75062382188224,-2.63133090738901,0.348622662333629,-3.84542724566477,-0.0138962089622527,2.49286403680623,-0.0748616887575135,0.622241953167743,-3.36287142632437,-4.49602831636999,-2.7941918476152,0.653170996380476,-1.63539049761903,-1.92724401080019,1.58853461647036,1.99283467950671,0.750368810560274,-1.76380491363509,4.45703859987365,-1.69884546406819,0.414392673987171,-1.5474963176937,-2.62065639487932,2.35923008285551,1.37492846081509,-0.0433153117299803,-2.69314697812368,-0.176917764139014,5.40714101281858,-0.166220766401614,3.54092594757099,-4.19463223919049,3.41541947231888,0.762442892168713,1.14710493275591,-3.29254341912286,5.14187482489258,-0.536192195721623,4.75594951092066,2.9133947618479,0.129196717345678,-3.03084502456175,-2.71116171885239,0.29421738440523,0.106708722813824,0.0212588237542023,-2.319045127432,0.840823636876218,-0.171836099077147,-3.09676343808086,1.18496718861857,-1.17042776226236,-2.60073319159164,-1.22992657117205,4.57372429596581,-4.03694956542305,1.25892153202503,-0.638948514690775,-1.41858165649281,1.6067253038686
"TEAD1",-3.22973595918035,-3.09533755780844,-1.39234743923581,-1.9602574688049,-0.499200778868353,-3.75769941303439,3.3237295064173,-1.60063704476877,-1.93498762934711,-0.819696926575027,-2.02460345245548,0.985468729632843,3.4064425471671,-2.60636096880402,0.206591871379251,-0.514638119941681,-4.06527893610617,-1.53765379636948,-2.9200661797027,-3.30362218900892,9.27859008611641,0.955176874125925,-0.688040489429546,0.496837477623629,-2.63560342443795,-1.63671035366896,-2.78013590644804,-0.139159869376487,6.85913361651156,-2.4615387451784,-0.771511158644506,-1.67683823978043,3.14325972495235,5.53143009366981,-2.64757129216385,-1.46620543186114,-1.42282968485281,0.510542509347412,2.77598826586332,-0.567841238956373,-3.11463930272867,-0.707714805983806,6.32098225883427,-1.32461386301959,-1.48039115526874,-2.21726610506638,2.49479206745946,-1.36200322785185,-3.94016422584747,-1.34607579353251,-0.10064285286876,-2.81098125669793,-0.742071672168755,-0.809061497163076,-0.920017005027475,-1.79247642549738,-1.29930873784578,-0.503666025911233,-1.45739234275842,0.644025787965266,-0.203738770201655,1.29782393837188,-0.650085906640127,8.92406108600554,-1.51582534351813,-3.01691901157688,10.7065552674185,-2.4344747589589,2.62313345035216,3.6030988772208,-0.780274918746627
"FLNA",-3.5638060374429,-1.58499638035824,-1.099751604082,-2.81170160178091,1.51602861954009,-4.1505467108149,0.585643453293317,0.392664470461214,-2.37657958124047,-1.4248554544909,-1.38788373785561,1.37263753692904,0.643122737121186,-1.34184947897129,2.48746210639291,2.40924174507664,-2.61661438696534,-2.84692390479008,-1.31889551057622,0.324406342727919,9.31481595297111,1.36016772993296,-0.218290764120972,1.41020360976086,0.265920080801726,-1.79365877825773,-1.62027999669729,-1.70234767001373,4.39818666441125,-2.44821648210172,1.56708359667212,-4.22733502530021,-0.0842452813986544,2.08201192721722,-3.56378027758666,-2.82622904715947,-3.31566440879641,3.12244622996558,1.35170131934503,-3.43252456170322,-0.147765396865167,-3.75551714789143,6.89422735172583,-3.94440125755019,-1.17558084298719,-0.751426288887446,3.95505959946274,-2.36010798810803,-3.2635082644059,0.0628728203579897,-1.24605305035834,1.2461201651542,-1.16062274916703,6.07817427895894,-3.3209648940869,-3.69955573157692,0.899613026638911,0.165758354840139,-2.3132759002825,1.28925725038249,7.18740534827841,-0.286576022277542,3.13455774286633,4.29645394073845,0.135408660212747,-3.5080918433883,7.1379121742416,-2.40822158604388,2.55880562139924,3.12166106403891,1.4404674022567
"APBB1",-2.50274066239358,-4.8489277203504,-3.76968714824847,-3.35368536912814,3.34459398853434,-3.19974033627712,2.4855015447138,-3.74797289574181,-0.829462453027476,-1.46447423424586,-1.23420099003338,-1.26588250338618,-0.341363394631481,-4.4460243808348,1.23579584176661,3.51447784246692,0.274298243280215,-0.19340739659434,0.924833423371971,0.955224676262255,6.76717243003411,-0.908233954802947,-1.70420369362793,-2.79589779266112,-2.65240702016635,-0.164683582594383,-1.42704401217246,-1.95503201580823,5.90969546872763,-2.38691051938868,0.556986088433643,-1.54979064888556,2.55781320336251,6.00308568542886,-2.32419734526285,-0.722841608338544,-2.11649147699446,1.11365792657214,4.80322298173315,0.0489056295165346,-3.52802031703075,-1.94666253916839,4.28967045044028,0.198071126736644,1.35015911743396,-1.717258927478,2.32130485437888,-3.5323690658648,-3.99627857012194,-2.32742810528165,-1.16147215509942,2.85231746863167,-1.55714617529535,2.84084892433395,-1.44803178847267,-1.43789465163842,0.0370851195879911,0.44042296690465,-2.22476131798358,-2.85404157104774,-0.768861279368787,-0.933363387447171,-0.608478946837511,4.21622420704164,-3.98460007684055,-2.48233180022307,7.99273846080567,0.7942989149672,0.675692636778036,1.14533984480759,-0.953311986720697
"CBX2",1.79890894608428,5.80702970733645,4.36997014257318,1.82912006636775,-3.19864060133613,7.62133979708835,-2.01226530905056,-3.95735538530503,1.90285908216549,2.39619188742514,6.22434157568193,-4.89009255711837,-5.14629723654327,4.48244748108065,-4.13681248386979,-1.53515121872193,4.40508459382735,0.696640023815854,1.71295362563602,-2.59152561402175,-5.49331141772855,-3.94861614473725,1.01091282906899,1.09101595786328,-1.05942690118978,0.785462819440125,1.63907549022565,-2.80835601560179,-2.87412182179637,3.80972524049406,-3.70255102019838,2.37228718638427,1.41441189808394,-2.09424702087365,2.57329522882811,3.19908638852881,4.21812037285765,-3.94767436289909,-0.260569726109585,4.67967845009422,0.408255634911387,2.9757056140956,-4.33478189769047,4.2018196369269,0.0409667166956766,2.09187333809341,-4.28993020043344,5.99088624029718,0.620514754572081,2.26237772319651,3.09270946318455,-1.23601225840476,-2.34660985480427,-4.25218676595216,1.98192699306815,4.07388174315111,-2.56391567800104,-1.62082312074182,3.65881349499391,-0.240736322497503,-4.24603944335336,2.47450904509052,-3.35997830315288,-3.22316519618351,-1.43293077724002,6.48371172445202,-4.29423285478751,2.42209778760267,-2.48565838528433,-2.71234993665214,-0.228661861231498
"PID1",-3.05750274158853,-3.85704515439792,-4.88042400555076,-3.65021426854613,-0.263987810485127,-6.00647977966461,1.0046918579459,-3.894078914638,-3.36963613232636,-1.17322557781631,-4.37814799381453,-1.90489387148617,-1.78779609135992,-5.05556744392959,0.909801181194985,3.21857864802911,0.822480836626752,-1.70127001841141,-0.741206930245833,2.14021257043593,8.32853794103854,0.321601437079514,-2.66845949424166,-3.01047813543361,-0.774339244780125,-1.18628931108319,-1.44196643904171,-0.726939827906715,9.29836224018491,-1.32391740393975,1.39405972880467,-3.10581350699052,1.24940524676748,9.61280802063067,-2.85014386291727,-2.70283249279051,-2.79530633708699,2.36761696462789,6.10675297307798,-2.63074331656664,-1.45147136422031,-2.87934263162087,4.40752310039531,-2.0090072909829,-0.703676451457932,-2.93759030240758,8.49397737350354,-3.1991504516194,-4.38851579262677,-2.00395847663863,-2.18554932183984,2.5461517599137,0.0822649107448154,7.83594531290928,-2.62014855704331,-4.55416611613962,3.26845183764331,0.958523931705336,-2.91279548551914,-3.79099575304163,0.827692360818043,0.264822380338958,0.810826133593764,3.5900431887966,-2.38301849762719,-3.37302074138212,10.4974462408061,0.767793289961196,-0.283655754972276,9.79133400781027,-1.16344175886386
"GATA6",-0.510316534738284,-2.20288480427297,-0.675976365800762,-2.83743397789622,-0.320343481340666,-2.66740917929639,3.99461323313502,-0.129848551463023,-0.995674772407173,-1.11903841841162,-2.53680746010642,1.27615192877068,0.166450610904223,-1.77661247908323,1.26991541355046,3.38928204233397,-2.63813885497511,-2.21917801313159,-0.171743006851639,-0.299576771771554,11.3386960673239,0.493658922690174,-1.63853425553288,-0.52102910617889,-1.07216029746067,-0.882275691802092,-2.40703916978843,-3.16586938073747,4.84376462531961,-2.33380156404391,-0.482584857644589,-0.76172571679405,-0.733554246505429,2.95131561845692,-1.57455167348796,-1.55584003543246,-0.623049624400854,0.621492383732194,1.26541477664994,-1.34802489406682,-2.79583609660604,-1.42872180091747,8.51696048195823,-1.64310408770993,-0.967755579536087,-1.93356154305885,1.74490497859732,-1.67785500829663,-2.31800311587482,-2.15917428703838,-0.324839058347638,6.5910760761974,0.0676773258486895,1.06830714404993,-2.20956991557736,-1.87544070047929,-0.971401878744122,-2.40417585751115,0.0506328134279641,-2.81020088265791,2.63675895767608,-1.72257961812632,-0.324498932946824,3.75561370663815,-0.959368365409972,-4.09642568156013,11.1967424892471,0.813404539208359,0.105729020407285,3.31411059910525,-0.380483593327969
"STAT6",3.22394551157016,0.449752847525318,-1.27562728440788,-1.00656892814435,-0.359740406570978,5.27832454602164,-0.444420299554713,-2.48098333206226,-0.43065461972568,2.06161145265606,-0.564006185990745,-1.04856168717948,-3.6087160858354,-0.798364698305459,-2.87695480176701,-2.8834248385296,-0.912263332119003,0.515699329577463,-0.00485740330392503,0.402648088730016,-2.32807385768796,-2.11252296202311,0.707918408690879,4.83663892772147,-1.80411766693773,3.68375430210706,0.665654446700968,-1.42877429534578,-1.6357190176759,4.23544328212942,1.91905820880005,2.63297321585759,-2.35450057957808,-2.8312945737437,0.973039043072716,-0.309127795558794,-0.0921903945188367,-1.46451528796667,-2.61078177041234,0.342304324285822,-4.6712406143458,-0.576333393761453,-2.44203785347968,4.45010001479491,2.27321157793208,2.04194466273681,-1.09118562461826,-0.306902439693463,5.15229787301411,-1.51583525486636,3.0482712342591,-0.364519317995603,1.32549707912614,-1.86290023651609,5.23065635821051,-0.679324718175763,-1.15951534478123,1.5270362176665,4.27823160226824,-2.78432161161452,1.16773435846848,-1.09155272366196,0.609604014882973,-5.16952254958052,-3.66623482232428,4.39268548156637,-3.37874572848968,-1.17695572993713,-0.504186795438641,-3.61851194437944,2.60345235852512
"YBX2",2.41383502822345,2.74416233118879,-0.0857420497178384,1.92179679613072,-1.12169974585715,5.76975847482533,0.081201657317315,-2.72549377914821,2.20607560032763,0.666440872399705,4.358374259596,-0.52642008502365,-2.55915164219649,-0.619577343847506,-0.832866481406204,-2.0604978246077,-1.82669666191613,3.27413940224819,-0.33683379955416,-1.2598713325161,-4.46176351472899,-3.93400946092161,0.848274635952753,1.84393401389887,-0.713312401859197,4.57997303400243,2.14524699113766,-2.01183759775403,-3.12021363588955,2.73744930401085,-1.06052954001295,3.47841271556937,-2.53128509396949,-2.31448831287427,1.05647500602973,3.44650958584848,0.140634101141654,-1.96989471026416,-1.51157230826386,4.30543960921868,-1.36445473708416,-0.860248402230952,-5.15783707098203,2.94844351382876,1.07374177476911,2.06659395559454,-3.50507383052135,3.01852008966615,1.37612398714413,2.02662988181035,2.91577996151556,-0.0496290412983404,-2.77078385355648,-3.27784415198817,4.06677897869087,3.26133761184761,-0.0469015438053337,1.58876280432666,2.36302561925621,-3.54817980067911,-1.21548271611205,1.08201417477159,-1.8405191919829,-2.46664886608065,-1.30202227207727,3.27446572645181,-4.36785235158158,1.01279209670488,-1.60956176408789,-3.51169880559395,0.876854522942559
"PDCD4",3.44980820490472,0.296259385746427,0.699906679874795,0.189989912606352,-3.1260041471794,5.48679606982451,-1.42100022307545,-3.25841211206289,1.66477435171959,6.30686996169785,5.68506793635087,-3.05296785087851,-2.19556642116419,-0.794015292648255,-3.38970625591346,-4.55575169475851,0.186644344932168,1.17886080295379,2.50648376910871,-4.27066704527257,-6.30205414422981,-3.7949353188687,3.05837885337189,1.5385678942683,-2.37659612703387,4.44342733078076,2.15058274832315,-0.872181856461664,-3.68288146026591,3.13631595563603,-4.53787518917702,4.33845690928118,-1.49106880695869,-2.44968140049117,3.6547236843129,2.12131993697609,5.9761709054975,-4.76945619097078,-2.08968000046829,5.74474442233768,-3.60011900134326,4.30493666050165,-3.64862138114007,1.21951195852353,0.2348193170575,0.885270593375538,-3.58386130349248,6.0582787658342,-0.700741362213004,5.29501289665775,5.70931132223741,-2.37919934655269,-1.70851886893606,-4.76901504214687,1.96802338547418,4.48929954180121,-2.95653129258046,-0.883202431127844,2.36522570096934,-1.31349070416168,-3.11983290786709,2.60208772204754,-4.35377814768374,-3.32824900597451,-2.64906416847855,5.60516246814182,-4.05780186463686,-0.192266299671844,-3.99664107814505,-4.36187329621123,0.525804198444238
"LMX1B",1.55113636595912,2.28316734001298,0.0186941102392733,4.40640994529057,-3.20839413393494,7.30912127550666,-1.24725408818024,-3.61893871232163,9.99660668295315,4.6191132842701,2.60259834648542,-4.45249286241077,-1.45910710399011,-0.508167822336113,-4.04362073916473,-4.12792141150637,-2.0953657629168,0.316984584680979,-0.306054446828175,-4.32771371803275,-5.14127767338635,-0.170652707136708,4.24214512937451,-0.683238372949825,-3.2389898976762,2.77433758802131,0.808695876253809,0.306641361970143,-4.24260111541881,0.782294094799865,-1.64422566144971,2.73887685448088,-2.72186476529498,-3.91042408710359,4.26520238763906,8.50349333410928,6.44321649660302,-3.07960336882227,-1.17961710636035,1.32713289722191,-2.3772875351574,7.05681692453227,-3.58032644575225,3.94166170993605,-0.833495230857324,4.22381381987088,-3.21337341138865,5.49189267111239,2.98702600698406,3.60504227610769,4.91701059384829,-2.06444262431971,-2.58013359851336,-5.49318942327627,3.13639286634965,6.80566144552936,-2.40978298051614,-1.83646185139796,4.35292070097105,-1.80766546524775,-2.29637812113258,3.44200041303501,-1.84101400106978,-3.17692536547858,-3.59033870352205,6.50165493930604,-6.02385918715268,-0.32650031309497,-2.05564066669498,-2.12938520953247,5.09605667790584
"PTPN14",-1.32937998933243,-3.39454177161227,-2.35562329181859,-2.47246037163612,4.69496417725413,-3.30081609590853,2.8811906088065,-1.45739851426699,-3.25042995555345,-3.62403594521679,-2.93657779179612,0.792963077260264,2.13308564528151,-2.85224324157578,2.71993913430691,3.88675766773265,-2.01472243275076,-1.32276340181045,-2.39506135631051,-0.648989321078656,10.3705915207425,1.68994838336139,-2.78611341808216,-0.705103391350434,-3.09609649453482,-2.79242921592998,-3.74719846636366,-1.1298273314171,5.77111243953162,-1.67964397789284,1.19284362019763,-4.50898005516146,2.72514334449814,2.56355855877824,-4.95470626529968,-3.27893117772791,-2.42062050399098,2.39557292611198,1.35685341469073,-2.20347437804605,-1.7766445480028,-2.10019879574245,9.59651932356473,-1.85734357738268,-2.65505427843006,-2.7761937294145,1.06576278122155,-4.49759444655186,-2.72933592152025,-3.20169218701081,-3.3026386149453,1.08632071347305,3.00816983964888,5.50094202060352,-2.48688950897418,-1.46143989362587,1.80616639753178,0.327412271354764,-1.66364387204471,-2.48811454786351,1.97056508513072,-2.22365584245968,0.89419561717267,9.21197016248857,-0.798886290195506,-3.95500013510485,5.42057418272513,0.0131526320023092,3.19019706919935,4.45628895315781,-0.214952901710864
"BASP1",-3.50105148787058,-3.85284995449615,-1.9799148924802,-3.53384156209661,2.56838995884121,-1.44004314600936,0.108153114730068,-2.98266647388877,-0.683899954328603,-2.48284485868375,-3.49823783647803,0.34120016265739,1.30979267180525,-1.6419673520641,0.101743528006096,2.94212270319115,0.85453534331232,1.94196596906412,0.874629160923939,0.669489863940847,4.8345387571046,-0.577520883898932,-0.343399799971367,-2.76608519444019,-4.41803484540729,-0.736629425928281,-1.2428073836315,-1.54384511507798,4.02531966367484,-3.5142410143242,0.0990774484603646,-2.30562770130181,1.76774354802354,3.68155687907737,-1.82842883325934,-0.418409020393963,-5.25143357697737,1.29589967396953,2.74267611444899,-1.06103979011697,-2.97016780110044,-3.5854378597983,2.49154946626359,-2.09930414180271,0.204652663123535,-1.97051014253011,5.65515310726363,-0.943227872405131,-2.83944027871626,-2.31506508982832,-2.20121083250574,0.161414962613497,-0.19359964773518,2.2301275040581,0.0781061098479679,0.540381015998112,2.04618356935379,1.63446725521644,0.104097104779133,-1.3697422072933,0.243388027551731,-0.657295724145763,-0.273070727510515,4.07167462856453,-2.75322833816471,-0.987365666501959,4.25216794087995,1.73534539626907,0.0496038959697725,5.45576900074341,-0.924713816394338
"S100A8",-0.55399993694778,2.40466009008838,5.52783918893391,5.76398016436539,-0.738747590220341,1.54362336457241,-5.33069891848102,4.12109059710803,1.18331160845048,0.130955805574762,1.17243028094874,0.361817455336408,0.520229364882926,6.98648724534341,1.94188987094273,-3.02257468783235,-0.931950718746809,-1.42084065599667,0.571921229957705,-1.36964245323999,-4.63348857381622,1.94736334499143,0.635170803427009,0.451147369987134,4.43080332831484,-1.98824352132628,1.75579489163731,3.77725938319707,-4.89487620026668,0.497454190673615,2.19586717905913,-0.39524386363842,-1.38009935209807,-4.81148210662006,2.36387178957898,-0.381439109591667,-0.192611559701055,1.76167360632048,-3.02047380777579,-0.757920030415092,7.14828919509924,-0.390076958659365,-2.62925710847737,-3.49548505749198,-1.18352478928925,2.21214224350443,-4.3376556184467,-2.12953794415724,1.62430061796246,-2.30445159292731,0.103657216437946,-2.39868595717511,0.392123664547564,-3.21556342545485,-4.05358710916947,0.938473066561033,0.240664914963935,1.81674538762672,0.673881537482358,5.1561369166793,1.49830031415739,-0.166585482890974,3.25870176728888,-4.4666775035168,4.40227723438724,-0.388220888602863,-5.72171632096629,-2.07976775046429,2.00251479958893,-3.46550766577221,-0.859309429659206
"MUC1",4.83110820970784,2.16752335808417,4.16488736159529,0.672803557436894,-1.59186190326243,6.44995415805484,-3.15348275312752,-0.574495238585591,0.987793438621479,5.23508023323502,-0.269684163338526,-0.978068925446569,-3.85115554952012,3.81593568976876,-0.0543690988617475,-3.76902039917992,-2.52210102653952,0.545725460789396,-1.89813506929174,-2.04750156199091,-7.13008374499822,0.200902474884748,1.99565191149706,6.06048041517065,0.672998029756138,4.34898269225653,1.53225930969807,0.870376776704762,-7.56786912391046,3.2421273797936,-0.233919055152477,5.65900449433515,-4.07846568889853,-7.04271046858776,3.75490585841773,-0.123859387327319,3.67501370900593,-2.11595319324834,-3.41199642272547,0.240565295323839,-0.152500324393021,-2.42176066511603,-4.52602045521708,-1.43976355947499,2.47157276101181,1.07944449071812,-5.1486214643289,2.59158831166741,6.29775308040314,0.254810501903794,6.49179370359659,-2.5687277712897,-0.817586845597411,-6.36536851567486,0.83918229892011,2.73029425774569,-5.2189752356064,1.77411703791916,2.07951398317589,1.87624150982267,-1.14418396841987,1.72665440635808,-0.884440124921553,-5.4847600013573,-1.3760694751316,3.94682047591228,-10.2026548829617,-2.83562014053003,-0.694335104475567,-6.24680326516108,-0.942004582657323
"S100A9",-0.647346771519003,2.07243491477852,5.40873955445897,3.69655074442544,-2.28563552873635,-0.54276262921307,-3.27109845623249,3.79373459299564,-2.17021931857623,-0.295209462684093,1.27022363351833,1.52397361032138,-0.673793631775172,6.27128939502385,2.192472005441,-1.69647141894799,-1.80849884602212,-3.03734284494167,-0.729615063803488,-0.445723798450484,-5.42794067282075,2.77747317080353,2.39335153874616,1.06508729638683,2.94043898057689,-2.57260908634181,1.48749763257413,2.66637301971109,-4.71798441126035,0.585062507929656,2.8915044629544,0.784748116811147,0.37016460061967,-3.79184715584016,3.80972540368932,-1.12207769051821,-2.44367089779056,1.94992090319201,-3.85944688901073,-2.35157838771216,4.07453785033743,-2.83803174039008,-5.92337593540156,-4.26103958489301,1.60613298682115,3.01200371007804,-2.36755315369907,-1.40419105621908,2.85206846787215,-2.92430476239404,-2.76701159717062,-1.55041077857707,-0.0661311185788317,-2.77895699868173,-4.95535119599989,-3.58408151303948,0.234235570213993,4.07230155567727,0.704282009665564,4.13255681216023,2.23191409906382,0.293655092490818,3.78418002442367,-3.42642664766552,3.08079566741401,0.248158832567178,-5.35951033711012,-2.84927259868171,1.0734835655656,-3.29542934320174,-3.34393492874392
"CAMK1",-3.25420008747117,-0.7266334567778,-4.23748525277199,-4.53436591856974,2.8194839413757,-2.85909089993788,3.09744234315327,-0.925658435245417,-1.2625533043076,0.574422107780794,-1.52439169543084,2.42415116099617,1.03068586905741,-3.87860516767738,1.70603765488783,3.38212316254027,-1.32353457921582,1.43960493670609,-1.29090535140208,1.04423969410021,7.53439882411871,-1.1643383402287,-2.42871120326615,-0.668691050929757,-1.90473679151856,-0.794472119621339,-1.98965470289228,-3.17821385032566,6.80791521855678,-0.413990551964333,-0.406871983834264,-2.32346218986628,-0.0114374079783905,5.15690668187666,-5.05125515166079,-1.81820316864234,-3.00283593714587,1.4556741582174,3.77259107237611,-1.56730061081156,-2.51555083457755,-1.93612442501369,7.61969191942327,-1.77898503895305,-0.729328962235328,-2.06976976708554,5.76886374738431,-1.67689832700204,-3.13642312793057,-3.64283662340402,-2.78101374249435,-0.208847988261946,0.358685625152553,0.783828109283652,-1.50054142149832,-1.56234142149526,0.00317953587944966,0.380701763786764,-0.585612132728815,-0.195452116943483,-1.71718160518891,-0.667001819786879,-1.25426050919617,2.39952235273781,-1.28013857148604,-2.75736501431191,7.16576759228536,0.440437199609223,-0.344100658208591,5.90396764397435,-1.05909838904568
"ELF5",1.14586239988729,1.84518892324991,0.834245383482599,1.73004285663442,-1.11073904425843,4.23299731777147,-2.11335368370129,-1.49371287592357,-1.3036769891997,0.922955853828864,3.11749863783561,-0.107667608575921,-0.522065603517242,1.08833322152835,-0.459882116666384,-1.13566768669472,-0.639222595897398,0.809803176212991,0.214077828718485,-0.865906411300697,-2.72654282481383,-1.41329386359376,2.19592588733035,1.49042848895122,-0.702210527480792,0.237298427245259,0.938195281434735,1.40414942616385,-3.8959729103381,1.02885582260345,-0.046590506779593,6.13423573728341,-0.451823689339045,-1.13945015115684,-0.660786097405443,0.845436606576052,2.78237711876486,-2.88409089171646,-1.15864718753324,-0.562787865591804,0.9774774449185,1.68952057438518,-3.22025891966841,-1.36615143767468,2.78275590801256,-0.477503125102157,-3.27908864810306,-0.416643538794262,4.26087909137229,0.307552368938643,4.87255418708065,-1.74354988794665,2.52402218800534,-2.74209222315868,-0.753255689081566,3.03131107982522,-1.16732522055499,1.00338104710084,0.794182284705236,-1.51689518199682,-0.641931744868524,1.20475083825116,-0.103314044053558,-5.16205879412945,-0.798507536581262,0.300459744601822,-4.32807448671096,-2.7119649816055,-0.602453771753821,-4.63578067650568,2.9732467896499
"HOXB7",1.99076391106449,2.00920610303551,-1.04902980865934,0.959080876211517,0.849846047130113,-2.75825305480291,-0.869890561846236,4.89086101411688,-1.04287306174631,0.723982694655012,0.986236544391325,2.95217858993262,2.33152325705621,-0.56052246107409,3.36501813059517,0.276334792739903,-0.607122192691531,-0.492089272201013,-1.88885853448984,-1.14230813219335,-3.93459121025826,2.43567285998772,-0.985801678087862,1.98257543899082,4.45734275448144,-1.7103716290853,-0.835751719503038,2.14517333768383,-2.02438668037029,0.429011578330655,2.47742540612348,-2.09193156530318,-0.413438035211363,-3.16008873830144,0.688816574754004,-1.2493440577346,-3.12184278894575,0.423393409429999,-4.67349247807432,-0.636943258854382,3.99513238739477,0.85723356012737,-1.65327394903953,-3.88792333592163,-0.010104352989991,0.662797762443518,-3.32659315468365,-1.83636540181397,0.187076048538781,-3.66309056860023,-2.12439108586812,-1.52422514701195,2.09760450448859,-0.251352670725483,-4.7042988481543,-0.512894992929522,2.02660832469728,1.28319961807181,-1.9805969517804,4.78406034367554,0.616004617540611,0.0405523887094462,3.14621455987369,-2.56638931654217,3.67112042946894,-2.74024762818969,-1.39771284511119,-0.129455438875814,3.66388794059341,-2.45265786441689,-0.26777374355095
"RUNX2",-0.95032208871506,-1.0247972481227,-1.00112263012909,-0.974983705375631,2.37871754091084,-0.758015096520603,0.649888201024235,-1.00388643797526,-2.46363743856462,-0.930957566642582,-1.70929110923354,2.6980463778673,2.99395400275553,-0.744862786351953,1.74425152088275,1.18918271242897,0.626298432780055,0.827515457361536,-0.368800875851829,4.70632552367562,4.04012059081311,-0.751231309727912,-0.943129371873589,-2.73497960474837,0.2364280702117,-2.64439117986374,-1.81083944000344,-0.48122657524617,0.451690129071809,-1.32532434775174,0.729337972233813,-1.13539077088405,3.10035921814163,3.37810200575031,-2.25233880661485,-1.13726080775495,-2.0361321829101,-0.0967873869447151,-0.687491923489426,0.498810665193668,1.31808792401884,-1.37391739601058,2.67542308870936,-2.89222402729535,1.26337855548459,-1.68008781537002,2.84636547110375,-0.288136902222829,-1.24613867093424,-3.89789791927261,-2.7090848488196,0.0895952569706299,2.18097670117474,3.2797947049959,-2.47187712162339,-1.33677115996242,-0.122897820360832,0.386543135431528,-0.65635661571809,-0.693262535242455,1.94058297145724,-1.40770139789059,0.839761725149354,-1.26059572443811,0.841735675438033,-1.29992032399943,1.81773787429457,0.131412247053349,-0.130932985020677,0.660807424818922,0.956428098738555
"PLAGL1",-3.38001561068095,-1.70815623218599,-0.367744328652351,-2.29548467356767,2.27896682858691,-3.21477573118227,1.45599399952235,1.02540493308874,-0.55827661995252,-1.89529220087577,-6.07585625254483,1.96072441236993,2.30388032731138,-0.0462722035937425,2.34369815626281,3.32170027376068,0.90774266952463,1.53640449143214,-0.824609470804863,0.450637489328719,0.848649787006138,0.789897005527177,-0.23890566597242,-0.33066021792594,-2.1050828835212,-4.57683202136389,-1.53100674272359,-0.290544509658576,4.3814426895223,-1.20763171778112,1.04596099226111,-1.16681792553341,0.135048017281659,3.36965896686508,-1.21826178373493,-1.148584102714,-3.92621978666755,1.98841377812201,2.49146633647707,-2.27532001974711,-2.03103015686279,-3.03705773442509,1.60495722362251,-5.85569185996419,-0.662161405391927,-0.892961428064562,2.20010928674617,-3.81316896713312,-2.68128340017123,-2.89608547759511,-2.86068221359072,0.688754772086346,1.62791033327339,0.00657438362160994,-3.89056149180489,-2.52197654817128,2.5944616137163,1.92036011516665,-1.37224022752407,-2.01294461076823,1.02518638777747,0.331653721503925,1.16001267714344,3.8590454548414,-0.374133996598172,-1.3704029307731,4.26435097159413,1.66203700387891,1.64444074092741,2.35220507337001,-0.807354047464447
"HIF1A",-2.68547536501748,-3.60858909211534,-1.86645941156202,-2.91605201989952,1.60886005605976,-5.29295045680175,0.75477409466255,2.00997132235892,-2.56810753356234,-4.0454645823686,-2.84738354065829,3.65809897161198,0.884612366266852,-1.80317545035278,3.01112320091774,2.29519692818308,0.791439628254063,-3.44291831039275,-2.15857690881217,1.53499517424785,10.579783038054,3.7396759316648,-1.67853680318584,-3.19561415026458,9.08507126849208,-1.51435071434976,-3.48424353895597,0.386690884350323,6.43943020546421,-2.86785859014306,3.47804678174188,-5.03005389136389,-0.922023329852412,2.26731675562622,-3.83087247836462,-3.40144788785129,-2.96404205776991,3.75905891218472,1.86324030244407,-3.28193902835192,4.90975595244393,-5.49846443201879,10.4203206614277,-2.54173493252989,-2.8795487330134,-0.891978906702397,3.6531662467874,-3.94210694682824,-4.26634182051629,-3.27330996558967,-4.00403472011522,-0.209415214296935,-0.212934735616048,7.1910126714503,-3.82805779223363,-3.96000375989514,1.50108163811715,0.735802887721295,-3.4930947675225,4.412462039654,3.89416505170122,-0.273850410722149,4.08706125735652,2.93260311564648,3.6577521494063,-4.81650021792933,4.85131522609576,-0.370832533487643,5.36727947441778,7.58504073298112,-2.85824798479312
"TFAP2A",4.52248917843574,1.10045669006825,1.30253712166727,0.663099279861482,-3.80481638453974,6.93536496567815,-0.563351091431152,-3.74768696609637,-1.13860976932285,4.39457136040712,2.58312530218171,-2.22317745377703,-3.87076786269368,0.79111047871432,-6.42546687660268,-3.65966384755009,-0.354497155956028,3.34055967647718,4.70499462545474,-4.12180232147501,-4.965371574815,-3.67984497865338,1.16181250374516,-1.18672424869464,-3.47134371695547,3.69703917987504,2.70018365895761,-2.2052396380932,-2.72625244504113,3.079679136326,-4.6479420884099,6.83145212867032,-2.32320064922067,-2.90515420674492,1.20753741705747,0.949259929150231,3.22417638537616,-4.43501256341361,-1.02701266810393,6.6995367722366,-3.71530218596627,2.43359326553013,-4.15576481738644,4.20560155334077,2.50902757034168,-0.743302383522542,-1.83651467036745,7.23952786264797,0.881493226148317,6.68563029292146,7.34121091093249,0.380809904124782,-2.13378518267525,-4.05999280750836,9.07857865266231,0.889540412372768,-1.16888044007641,-1.45121749418382,1.37171363834682,-2.64011083342067,-3.48987298708004,1.92900704614473,-4.65814144384019,-3.37999016432761,-4.00315358769285,6.93727321923997,-3.12141954560228,1.44002117371786,-5.01697339448595,-2.23341510116787,0.836776347873359
"NR4A1",5.85259972430978,3.43110365652499,7.08867953257566,5.04477362075144,-2.98817913005028,0.838537383697373,-2.4078539529463,-3.202385903885,3.71542082642518,1.34949275943626,5.02579047318105,-3.46954305341238,-2.25925262778952,7.20058547326578,-2.740726285082,-4.68460978146021,1.38705392611322,-2.36363178666037,0.867751363565316,-4.12622193876957,-5.30168111232037,-1.24802771666913,1.54025836195751,2.59201709483163,-1.67161098941865,-0.15427083190638,3.18281199269663,0.28650564887027,-2.92414670102362,2.64657221492509,-1.44487791587669,2.98829369701799,-2.10175174229533,-3.308780091445,6.24737666573624,2.14793536706321,6.25037798074031,-1.92178364884994,-1.99702348232363,0.716140051540433,-0.293258092221308,1.22714421939082,-3.6893975519675,1.51366947869002,-1.02793735836669,3.52734091304589,-3.42793096227634,2.70134468778771,1.3857521414123,3.38133659213874,1.2502483049127,-1.44045448424769,-3.74500307954227,-4.85188234932125,0.558304055342571,3.66358136050809,-1.42460096393083,-0.802607308883897,3.3598509714529,-1.37783432708628,-3.02674005286201,1.2053839726161,-1.67325213164495,-4.56001573692508,-1.06095203613455,4.43662217289838,-4.21833479847312,0.460268299225514,-3.00768708210896,-2.29371703315093,0.666292688460571
"ZNF217",3.82307287728591,5.0483041610965,5.33660293456385,5.08773922920818,-4.03041826175241,8.09522465410811,-3.57232775763556,-1.38557317103085,8.5287717289261,7.6537427654354,10.4471012456779,-3.05840953593147,-3.04535130725113,3.44349392286237,-2.73727454549735,-5.32786916082806,-0.702671084045275,-1.397677336551,-0.933743847607875,-5.93776983403583,-8.80966794678114,-2.76318186822319,5.97796577408043,0.546556826837306,-2.73173938398617,5.07957245151872,2.90186290590455,1.57481494333419,-5.70615537299697,2.88394946176782,-2.24460202657446,7.1079276077048,-2.668553998195,-6.70159572247176,4.57158879490506,8.71270083186375,4.81073166419701,-4.6216770090108,-3.51510716127134,3.51345229781469,-2.45698948371609,5.3765328674619,-6.26050559453534,5.09740879868234,0.150214472790359,2.31793679596566,-6.92608508298759,11.0671354227685,9.92275675276189,4.19259642977241,6.46177137284848,-3.09527567638843,-3.25061241693705,-5.05972743043945,3.63278392586375,3.42244915372269,-3.45833991260677,-3.18163548272156,5.89305866011039,-0.682512195825197,-5.6616715162926,5.55190999488214,-3.21234791362195,-5.42065700829463,-2.11709860289196,7.7627317149854,-6.78329666028653,-1.20332919931714,-2.8479097837706,-6.83652361608428,0.100898550422932
"MNX1",2.6638575975841,4.60300270970577,2.86941950151517,3.82073795811859,-2.77643983091743,4.59034677403086,-1.99029545233887,-3.3646353142175,2.95559506051041,2.17468382392072,7.71850164111996,-4.56766774477444,-3.0827356043484,2.27667026255674,-3.6208968880469,-2.68957458303889,1.14631644081945,1.26738673583582,-0.46103352855346,-3.64567816346502,-6.49059054566033,-2.25582042513945,1.94287209024271,-0.556862310738867,-2.63963985866336,0.857905607343731,2.38758071572866,1.06625800501507,-3.05779714238049,2.63387128476333,-3.96871552847964,1.13529629712931,-1.65637519251461,-2.57616821526464,2.20126815942086,5.53098310821514,1.7563478981795,-3.48645088783694,-1.01712776372912,7.17615950007974,-1.27597404442535,7.01571903580949,-3.02604509563171,1.36959688427699,-0.722720642812449,1.43637775593007,-2.92081385014111,7.28460205389017,0.23215544699685,7.74560467459678,3.87932196018479,-0.777227072946297,-1.80862486154446,-2.3989619157588,3.05721988856402,2.99854935362262,-1.88828162598656,-4.15849397681796,3.73002122832296,-0.378434647267551,-5.02758741135733,3.11123766589072,-4.72200770536074,-3.82682980227544,-2.86242887717323,4.075888941901,-2.79711680229793,-0.0721199528580392,-3.92779207801736,-3.42742587678252,2.27590898418587
"FOSB",1.64951588300694,1.90613182172446,-1.17125237748296,1.23294857280576,0.174195568124322,-1.26981753108044,-2.82730493534095,0.373405031445527,1.48408734108933,-1.53099906988421,-0.905356535266961,-0.303833696322438,0.643963413840644,-1.12924809776701,-0.50203046644737,-0.709411300190652,-2.02629750602805,-1.38874543434369,-2.25470784746241,-0.804087109788088,-2.39707636818385,0.909437166532573,1.67577822662107,1.25708826484751,1.97076997564802,2.26394942796027,0.374910078666952,1.41764654431195,-0.369828934386322,1.88368622560576,1.25627889818601,0.162912247235387,-2.84164710199307,-3.13896210757071,-1.42971291980589,0.869882869891419,3.17026230108772,-0.817196118581014,-0.797514578933221,-1.35541606821652,1.38487259269183,0.50505525496297,-1.23126025825664,1.48444758760388,-1.53740039399113,1.96392964362975,-2.97342800962235,1.15655753913678,-0.46290693045979,3.0357685693246,1.0600084145917,-2.42931974887665,-1.46343734315501,-2.42899384134975,0.260769146751387,2.13218226777322,0.554068666607294,-0.511753614867678,2.00924615596119,1.90938824692363,-1.33793561431157,0.158842140129637,0.359935693567903,0.0539398556229778,-0.444590635113646,2.16797195860212,-3.23075785503479,-0.942884762253431,1.67207646402854,-0.343217852591161,0.40874016743975
"GLIS3",-2.13738090699721,-2.48724676925099,-3.13772906914412,-2.69077483812377,0.334502366125021,-2.97470143982617,2.40877646365422,-1.14081684421425,-1.37510837127653,-2.0969573868634,-2.79341179728173,0.0290613452257642,-0.0222615473094082,-2.87303991681669,-0.272569938565452,0.666966740409252,-2.20947311197118,0.632184452242986,-2.76840368369865,0.381950113168599,7.7809473454097,0.160399470397709,-0.601146727368033,-1.57293628912948,0.0016468585414146,-1.95900776163861,-1.43775401061604,-1.00707737580443,4.85341332735105,-1.13668621558275,1.34297940863047,-4.52753735086823,-0.408984232828658,6.66955029385226,-2.09226262750073,-1.5997816926212,-1.82224586351421,1.30859407753377,1.55115558646538,0.110569072007171,-3.14536284862879,-2.30213973163715,2.08017507032488,-1.85505564098969,-0.574041867948315,-0.574789567241007,5.49001879529862,-2.97918555434022,-1.54154175732253,-1.68299923769939,-1.59691328514316,0.0576394404723282,-0.740443633703984,4.84330670185137,0.0709900812601053,-3.12454181212491,0.741702802014407,0.369954584881362,-0.000837329308395885,-1.71644609925578,-0.195451808528668,0.303679396842518,-0.157320240562105,1.00111522120834,-1.53265529737118,-3.9939595564864,6.54421751420966,-0.949690091470174,0.38472142544076,4.10469294287026,-1.95298643721668
"ZBTB42",4.11683542494976,3.74302484093745,1.01850841008758,0.205348037388728,-3.85086486589772,5.85822105809793,-1.18219497297563,-3.67512443498496,2.02171544397377,5.02499252514951,4.60228067227018,-3.93524111017234,-3.4332560871137,1.28374143701179,-4.78088234345859,-4.50258778034414,-0.0694688150800747,2.18845797485262,0.956988389392479,-2.74960011309843,-5.95601772518194,-3.76256448811117,1.3804550904359,0.39100679141118,-4.33474010228937,4.77341882417126,2.33038627970174,-1.9283379432895,-2.82768368560324,2.61851998083096,-2.01993261445004,2.01227857573619,-2.06083370149434,-4.16439258505099,4.19822511949168,4.35710651240521,6.36513332625988,-3.73712052642242,-1.92465787860319,5.90812770808755,-1.38152762565847,5.69005291121312,-4.07053895510391,2.40598057794722,0.603917044463649,0.957112198586721,-3.91845222263718,4.13122947738262,2.30706780318873,6.11490983936008,4.94607018732142,-2.11179397458177,-3.70430275504258,-4.04281131056719,3.72877985741045,3.05880915816325,-2.00497510763911,-2.55648300784224,2.06419438211554,-2.25780138316324,-2.64412811357936,2.48243337747659,-2.51475666473603,-4.22543476124312,-5.47866787284592,5.57073200882284,-4.66252601874955,-0.0888749050859605,-4.12635929512902,-3.82948355630083,4.60253594641016
"OVOL1",-0.228250147015121,3.70922213132388,5.94839160103524,5.14940568965636,-3.08916461365138,2.1234178011789,-1.94944097038017,-1.16964157222061,3.36414420210079,2.01603346613503,3.00909713958217,-2.70329637816812,-2.9666978733978,6.51143380989653,-4.23795647956283,-3.13639881489309,1.06243461674386,1.03038543687701,2.53069563205574,-1.43333026289305,-4.95441773379376,0.430783141740822,1.75313414439567,-0.633531506942673,-1.22276833402139,-0.977705303863598,-0.256841122920069,1.23066354097901,-4.56945655377023,2.85325276385476,-1.94771871084398,3.45659331295948,-0.603249517057953,-2.14351538021642,4.72499727611726,2.72758170401186,3.65215875143321,-3.84958349349121,-1.285123093995,2.85022806564082,-0.496094652368134,0.250542567603766,-4.77166963627546,1.20448660447566,0.801670891751118,1.44287809853256,-1.50387880365961,-0.283343136037167,4.05619420167798,1.47765389241011,-3.34191523341738,-0.935897707537843,-3.75368074659909,-3.91052770056237,1.96703092813764,-3.46597230787713,-1.18629267399491,-2.01360151319498,-0.0257568822245791,-1.13917082847653,-1.53006785335941,-0.040956169338803,-1.97081145119649,-5.77012719576915,-0.231270440132495,0.716565615774887,-2.27126991679943,0.246273154411736,-2.76723691398992,-4.2506181645441,0.0815526080592387
"FHL2",-3.37108742814907,-1.08224137805217,1.07693159844255,-1.51413043296222,4.30781242432307,-3.64425464145971,-0.0581708222799455,3.04240085624125,-2.75416898948925,-0.600930487710687,-1.18618258260618,3.13161839484518,5.21683544311796,0.518101190595721,5.67989346258105,3.03426219315788,-0.295456551111108,-3.69792875819532,-2.82841195943204,2.77204119120346,3.7836827436015,2.71952849492774,-1.16221896086452,0.689568425264495,3.44301203434137,-2.28731155853918,-1.09806216679022,0.409337330441276,2.01358506267019,-2.61304372151334,2.37240710671485,-2.85537418294618,-0.98694071200799,-0.817503279303376,-3.55686416348798,-1.92976904970034,-3.51138968182448,2.7709151551755,-0.289152143397509,-2.75851231601325,3.78152652034212,-4.09012576306776,4.53752614400678,-2.84402287975372,-1.16680302373925,-1.65699239488341,0.611957276256799,-4.75027883176911,-0.2557458978918,-3.46432330452757,-2.19302472480337,0.42513169780304,2.65939483779932,-0.517927480726675,-3.67484314330058,-1.56269878354398,0.577982213796588,-0.295223664661617,-3.22580368758714,5.14668381453851,2.69277237799437,-1.66396187646194,3.70906792474513,4.77565436011702,3.26488010179547,-3.26594932551181,2.79282429294314,0.10192528316315,4.68674777813593,1.30144372732326,-0.985947056979302
"PITX2",-2.71501835254455,-1.91515749608836,-1.99614631536491,-0.427369831853825,0.216536635821461,-0.390900174055145,2.75906036664568,-1.404738002351,0.0204991155962145,-0.416014958432967,-2.89370526555982,1.2742867803621,-1.74515854018738,-1.7876781292924,0.782801872342986,0.838321822185829,-0.794494829236866,-1.69025279950244,-1.72236724948808,-0.58621065062861,1.08832490572162,-0.0349374929238633,0.716888945440446,-1.37487770258085,-4.14615878720136,-0.571835234358109,-0.750324472362572,-0.151771861603143,2.9992219910777,-0.433687770986499,0.376723496167436,-0.864875059557162,-0.171649175293241,3.82068378942829,-0.622657962682775,-1.51838472563621,-2.71876803979382,0.243202447006613,0.899203201897361,-2.32107917106216,-3.59637431392882,-2.19368605689191,2.47549706595098,1.36301015979509,0.424869990883738,-0.181685221811206,4.01955176416946,-1.98387652868935,-0.80371099454273,-2.42295296584433,-2.87074715235519,0.889873870215101,-0.0508921283439951,1.2394252599075,1.29089269754763,-1.216337573476,0.381241879655228,1.3486407802974,-0.296169422993626,-1.68207265534732,-1.14552314714854,-1.08883905850909,0.974460041449852,3.6216644190469,-0.346987429910766,-0.437938374588675,4.06595851468753,-0.0767731466037903,0.363670550851287,1.91260640411399,0.226243864708038
"ZNF385A",3.78627125630401,2.29446347183749,4.06279521416432,2.77991350785077,-2.98612966549712,0.457524611276912,-1.022677743657,-1.13303551695948,-1.67394726040523,2.54606214031597,3.25064952232341,-0.541390999264518,-2.35540519431756,5.99180407477455,-0.957396264134907,-1.71189699500949,-0.000240731609660592,-0.188131882518673,-0.0649553750425519,-3.28316597462082,-3.05951493568571,-0.434153459742436,0.892746313482551,1.24086604880437,-0.85822726069162,0.25534302527477,2.14208017691658,-0.643300396206365,-2.94980103498137,2.59170549290668,-0.321484823465076,1.85527419473503,-2.35797802388713,-2.08552393925777,6.55160871667703,-0.118631986636958,2.25207566485008,-1.94131131640353,-1.67133700877701,1.61564098913808,-0.951619863692904,2.88975917999485,-2.36407901289269,-1.87913302161536,1.18520236793744,0.913277059426502,-1.73851240123274,0.569225134675328,3.00490051264902,1.90787496664345,0.938235312216334,-2.93778479203389,-0.576162976868818,-3.06746168041026,-0.225822659745812,0.0302248249391546,-1.3104156566919,0.379959501015264,1.85299517484669,-1.65568982213968,-0.23992148427091,-0.729122158530619,-0.728415292086243,-4.06576287555025,-0.645377172741365,2.37879665295743,-4.52670169234392,-1.80044748153334,-1.48329231637751,-1.10897462719747,0.968855953314246
"VGLL1",-1.10405951939672,-0.709376716995667,4.9022233320825,3.19042722203965,-1.35485376209787,-2.21484288010572,-2.71000696398314,5.34672390724435,-2.21470355255106,-1.5205475858578,-0.943533369519706,3.94318129301343,3.28572808052923,4.93622782114403,2.13822457258158,-1.67230546397451,0.0651730837065334,-2.64194944450929,1.94355141507401,-1.49046490326259,-4.41216489303417,1.90012938087189,0.478753691829499,-0.971796602987999,1.71432891415598,-2.08933917442259,1.22374237490976,2.22993261770156,-2.6542632642229,0.973116584028381,1.8020229392869,0.114304963940276,0.203880236675599,-1.75880259897951,-0.492110871282626,-1.10656486580566,-0.759890514354303,0.432130865337022,-4.50718931043771,-3.10289994993702,3.18155670823843,-2.38826454989094,-3.21462335668802,-3.97565471036244,1.48906993159631,1.12745882114879,-1.66129233553895,-3.46243957763343,2.83558242862485,-1.42273484029481,-1.80772609701789,1.8397557889846,1.80943219495704,-2.18785016198036,-3.32679148978873,0.224148453612585,1.04308161227284,1.24634079867882,0.882146740175058,5.16755625861137,-1.35869731113557,-1.43918611871705,1.35180343597142,-1.11573815944299,3.89041654657964,-0.389900379497903,-4.66527558594367,1.09695255781355,1.40727754641128,-2.05053198155823,-3.27069153434598
"FOXL1",-3.89569073288256,-3.00160733104366,-3.58824699280791,-4.86903212906899,0.726936379974785,-5.14229370248934,2.7853408023022,2.01075227394122,-3.94675612589576,-3.06388748583916,-5.16757334285844,4.77045872768728,2.14647778093996,-3.70195635220975,3.87711329998026,4.68086453914263,-2.02979027662634,2.10886992488194,-2.44260544642665,3.07990892916926,4.6009482616663,2.68343443310032,-2.35333316719792,-0.313304932309779,0.0513181382233454,-3.48146918852381,-2.23855238666879,-0.574735086994128,1.73275363934065,-3.38076476196499,2.96060923215425,-2.15182345626236,0.915674593841593,4.5155207583309,-5.12061912487821,-3.39244308241642,-7.58803169351001,3.53099355151379,0.0736152873751238,-3.19575821566165,-1.05878537988932,-4.62150060540784,3.5454985688664,-2.51237634340588,2.72390081078355,-3.56387349418369,1.74908670049053,-5.19211158361541,-1.93813871144867,-5.82979635049019,-2.70279443687707,1.26090584476811,6.63863845917638,1.85942642959286,-3.76265351440306,-2.17138576345117,2.29351094814683,5.09624913968779,-3.33795085681774,-1.99919443500887,9.60429220987501,-2.474643533694,5.13204027601414,5.46661722507765,-1.0889516324514,-2.55803404579341,-0.0178193485413558,-1.31665346557634,4.46332029363959,2.72453140874303,-1.4788895057882
"HOXA5",-1.05877799430685,-1.0535762751914,-2.12548451856679,-1.89175756419652,0.300650496888434,-1.15718016080665,3.68895790556525,0.411927728962057,-0.977393186657137,-1.60782572157721,-1.52026563337625,2.08611286340383,0.504678771170174,-1.78904715092068,0.672686206394387,0.103507738620915,-2.21660612693803,3.0425901138497,-2.15689826032365,-0.284909862451269,2.77875022097036,1.12334557668952,-3.04658081678066,-0.0935584980503924,-1.61617059686447,-0.855274527020376,-0.763031526937617,-2.4635428096945,1.64375642324684,-2.15229324977357,-0.760433683483431,0.137509871470501,-0.270056737298242,5.3887028251134,-3.18139437099268,-1.10581579726105,-2.06985369036611,0.48123511755942,1.49431356031631,-3.91193315625274,-0.940491098925115,-3.53207894014693,1.03828668568905,-0.553667176269684,1.07777771217082,-2.28281586732158,0.851019974152495,-1.00738670355935,-0.721285650133685,-3.12664584050198,2.15857511964345,-0.536284156139443,4.29418979687974,-0.56918001122024,-0.207699016588688,0.0636432127750622,-1.08473654516781,3.02750689594583,-2.21521644550276,-0.914147644788823,5.30273153408319,-1.44733433620885,0.406314984053072,1.94950083811818,-3.42706422221131,-0.544432491132867,1.13701303623661,-2.68746826786007,-0.0989010679773409,0.522063884015287,0.364824045131394
"TCF7L1",-2.65880282921831,-3.21578527433776,-2.64078607968311,-0.744656978852628,3.78219543034391,1.35448668366895,2.8186398506452,-0.15272871903422,-2.34677543012962,0.399731082930212,0.0972182548819592,1.68978138581071,-0.2415372948575,-2.34652714626839,-2.56961774761054,0.59859576969318,5.27924143113666,1.37823032927236,5.9085725739934,0.1323659539511,0.878690358449147,-2.67799174563357,0.94963705533067,-3.58162320973993,-2.41565383702696,-2.43528661978146,-0.701995873845866,-0.695452076494756,-1.32527147180002,-2.18831119693473,-2.70342605988699,-0.0525500150296078,5.0369369482657,3.7407806240861,-3.01250561047536,-0.0102854921226585,-3.17941537979718,-1.14440206661442,0.685146848593458,0.784374726045089,-1.07830021195443,0.320537055764933,-1.53380448494454,-1.80881126144659,3.06987653011146,-1.96556826400906,2.92871074239829,-1.46402216057564,-1.57864798111671,-1.68791323858887,0.295072496212075,5.86201727294453,2.37333187719947,1.18705858609836,-1.10898461620492,-0.81090234731664,3.3444920935478,0.273769786082533,-0.709787408016323,-1.65294290516408,-1.967766266567,-1.93369998690233,-2.35971332566499,-3.3346446105926,1.59630314152413,-1.15037299014569,-1.09381908247359,2.37449324191449,-2.63526733041258,0.384005917358586,-1.24057372160251
"CEBPB",-5.42886657264366,-1.44499668249273,0.849566487228031,0.193820631709596,1.91550734201183,-2.1836078752572,-1.229177608562,2.72353678545745,-3.65341327128138,-1.26357917590014,-0.782239663563833,-0.866522756511615,6.39687890881138,1.27032728989796,2.33348320831887,2.52736543258349,2.9963850965927,-0.371571603418026,1.56523658334648,1.14103460913571,-0.470658526499384,3.36997334374205,0.238351329255538,-2.96356610711181,0.46851159087558,-3.15964353340204,-0.193684695583169,2.41361276317391,0.187589151792486,-3.20554042392539,-1.43901488069446,-1.66189368150559,2.05129085527986,-0.853633926719405,-3.95313854559154,-2.08252593529516,-3.54533360833513,2.13099188699768,2.10021821392227,-0.432114259672295,0.735644128405652,-1.95013643990661,0.794880580884685,-6.87794387295137,1.93336788969937,-0.880340050826204,4.97782899813557,-2.69249503593621,-3.73261034112673,-2.08622875280763,-1.22098992257371,6.11452463300732,-3.22626023812458,4.36543038192605,-2.2718222925576,-1.00152857525121,1.57737203787226,-0.863393802795736,-0.705053841163054,3.39220539336975,0.2157612818295,-0.809404509844663,-0.973401659862068,0.495850746916053,2.42627993319855,-3.48035909994637,3.61969223593814,2.79886129076983,-1.28628534150211,0.903166922385679,-1.34042150378187
"MSC",-2.20107531276327,-1.9183066654328,-1.04295353012439,-3.41751706034449,0.293417188148907,-1.8451192075213,1.34589443830165,-2.67770022657342,-1.16964052599201,-2.35337202537251,-0.295592155550707,-0.2825757306259,-1.08597952650464,-1.42915625716888,1.47140596197473,2.60630747379341,-1.38658629215506,1.01577725083826,-1.54304125129567,0.700307123781472,5.68384814012265,-0.738417107955933,-0.580579841702084,-1.58041489470664,-3.06302341265206,-1.09919591392651,0.324549343423554,-2.03115384841004,3.76972468736899,-0.736130358192116,-1.38411664607346,-1.02498346604168,1.51133394313904,4.45580617306173,-2.39911829491245,-1.12024804627399,-2.68440563863216,1.89722341513801,1.92025433625979,-1.85411312508885,-2.88710018155605,-3.55957755155009,0.112040545405518,-1.63066157670188,0.32531752122386,-1.06953829796668,6.66244748069335,-2.17140844859452,-1.15069962598406,-0.908345510046277,-0.690940890903077,2.36744671397176,1.6292733914496,4.69172589494816,0.066450167672005,-2.33703758390582,3.09771959792363,1.54576699029171,0.33385641374618,-3.651808846806,0.60299074693648,-0.333279036767124,-0.442986785338072,-0.384632887464215,-2.43550916370932,-1.39086172614662,4.39563627395185,-1.07233896251818,-1.14687557895912,3.03536664655808,-2.08780217364358
"DLX3",0.731967531087198,6.34178988354488,7.92141858293644,6.6498797131556,-3.3181757316321,3.53314703838875,-0.935518551866379,-1.49299036158768,1.64441894593431,1.30425879880817,4.32712009576177,-2.33350369520477,-0.601381208385719,6.73112540109804,-1.67494897804667,-3.21741537448593,-0.842516233659638,-0.0378360579486804,-0.468353544114989,-0.529417173170683,-4.00135776641543,-1.1416383231492,2.38042110585486,2.8638763512777,-0.723639478378129,0.0159167787126662,1.6043417659118,0.052157382040589,-3.42054901892098,1.63691546084487,-3.10123753057427,2.60386300029279,-1.98893737714187,-3.2046153819917,2.21574753941738,1.64335523374347,4.76870973452327,-3.99143723971055,-1.23000555369,1.10984056951912,-0.076617750843016,6.31444931694929,-3.20692055217677,-0.270885885119962,-0.228233399492118,0.768365669036927,-2.73417512907964,2.75327902735204,1.47614010194403,3.30521391721919,4.75757373564686,-1.21191127060985,-1.01519426638905,-3.09282124566559,-0.263752010305257,0.601091136075246,-2.87809425286306,-2.5555877912691,2.91165544068208,2.02726340555994,-3.02478489932328,0.85221518706912,-2.66443092381039,-3.72894607746661,0.541712389836023,1.98491573740664,-2.72078747996379,-1.51254034644671,-2.69527702563063,-3.26560131925374,4.05913470631284
"IRX2",4.90553512783483,5.87805105019045,5.91411148865944,5.63764506483909,-2.21415129433799,-0.278826744239915,-2.62379953691404,2.6532070260574,3.46834394561747,4.59824049337039,0.461838167015278,0.0966940500971596,0.00302598821229729,7.43529911904416,0.969455430083434,-3.70836858991382,-2.29450112272399,-2.01650745724297,-2.32745274566715,-1.86140554482687,-4.95306194483906,1.03965248620768,1.60297213012437,1.861188503911,-1.42402089026808,1.11478887037847,1.430004526028,3.95262003930152,-4.74109966539764,1.99241025252767,-0.0102196049662076,2.39345655706827,-2.41132305466957,-4.07644369582183,5.22441186169192,2.59868078981139,2.20962337333145,-1.74860476188745,-4.34111083234059,-1.78834952316789,2.92013288382571,3.08546961811039,-3.05546730336922,-3.63713900104554,-0.210048738617298,0.521063519430695,-1.27098459304811,-0.956330967035464,4.79112844425179,-1.754735261121,-2.2951166590304,-1.21119889708557,-1.06784787023801,-3.19041769710065,-2.94737699121505,-1.08408437750122,-0.994756527143183,0.992754104859945,-0.21328698412382,2.97989337705477,-0.961424257417548,2.24950490776017,0.238478403158578,-2.69501608362802,0.189352918219022,0.983053356437779,-3.77826100969642,-3.22745556372176,-0.997459573505563,-1.35820205832896,0.432815533546945
"SREBF1",6.97579217463563,6.08703121117777,8.26330366302241,1.81330788465258,-3.61930698685928,1.12224765245811,-2.63429995228206,-1.06655754922716,4.02933684365553,1.91701703720171,1.41113948922612,-3.921388783739,-2.69545341577054,9.15618945183975,-2.83918631319919,-3.67347936832105,-0.218322270335228,-0.157404512837087,-0.797015947343914,-3.28009659296818,-6.91218305207339,-0.45294368146507,2.04144126339848,3.85084733664878,-1.00551473383782,3.30710390347531,2.81684543128925,1.94025589586402,-3.7289671215135,2.84271006984505,-0.470382574397041,1.36745626610233,-1.90918169261265,-4.37361084909515,5.11385396158333,5.34155413759014,5.61609903925372,-3.5201801349864,-2.63716590880513,4.43984708455925,3.15755499306505,2.13951501314077,-4.41313392871154,0.605839154563735,-1.5605850552905,4.31868502771561,-2.7218673239722,1.93995984159267,4.16721730143191,2.20443253378692,1.68529927060975,-3.18088878449045,-1.90284981653301,-3.88506361457485,1.6280200910407,0.334833458927208,-4.17661943188782,-1.88067509560446,3.21666892616026,0.610738741124014,-0.991190850114878,5.13631135657721,-1.02569322200987,-4.3471853046843,-0.472784305447041,2.51523266990797,-5.00332084734513,-0.032418082579875,-1.02606653982378,-4.05711000449203,2.27012561323085
"JAZF1",-2.9172993983367,-6.30758519444338,-4.92452682967998,-3.18792606697564,0.076924178149707,-1.97413677211141,1.687673085053,-1.64681483330055,-0.155201934891174,-2.85369324099156,-3.93455421747672,0.307455092809403,-0.163505512224535,-3.66655560397967,-0.57518612703111,1.87563972825417,-0.83461926480598,2.03809131657201,-0.532318355044064,0.565762174873036,8.77047337707075,-0.675780445976687,-0.780058472821164,-2.98898047746787,-2.50595318578804,-0.768638655806121,-2.34506473527734,-1.5226032776308,5.28182509634837,-2.99634102307129,-0.268301673692131,-4.09945184939274,1.51241365204684,7.73599132491544,-3.66050639934876,-0.0585521419815944,-4.39691198137637,0.0578626651591101,2.36912262692744,-0.199938622091226,-3.72030777565683,-3.66204925589776,2.92622551416316,-2.03750366532539,0.0541714047793594,-0.44960614366373,7.99228383634655,-1.26214454494177,-2.02048098172134,-1.58682165097203,-1.71838275853094,3.28009728214228,0.601253215000539,8.24194121548243,0.51545049434536,-2.39951289066124,1.53375579877719,2.01239919031423,0.78964767503804,-1.77471021420147,-0.873356332709405,-0.379711548378939,-1.38189307655639,0.686768208858587,-3.26427861863258,-5.50379413600544,3.7841107883896,0.557197525482809,-2.16054743283759,4.3351120647573,-1.09046933995811
"PITX1",4.44143147736705,3.21825480542594,1.79873202534465,1.86395846674806,-0.799311421751891,0.0512089340889004,-0.722608513492339,3.17817816214675,-0.278176997968813,1.94369117942265,4.36929600003897,-3.26975414812309,-1.99145360024196,2.62366032597816,-0.406718302974464,-0.730175688245645,0.00302808733074678,-1.95681898684385,1.10920497181455,-0.196260342720785,-4.44762140668294,-1.77620514850693,-0.36387176885687,3.51496885828167,5.31449686459974,0.108368347897982,0.543924283511068,-1.65303849237946,-2.87903683007855,2.51609180991353,1.2139352775227,-1.36499633776036,1.74059712608621,-3.72239942326223,0.829055872295418,0.678266934156276,1.2271700555068,-0.47362777757189,-2.86022926418762,-0.114212562679529,5.52278043829185,3.18137087439077,-1.95534011712518,-2.40341517140164,-3.33303022348227,1.53613774608799,-4.23444174281044,3.42263379761519,-0.554084571140263,2.10066182120626,2.46884710322374,-2.03509022643748,-0.7309813795704,-2.33159294707726,-2.03799020355046,1.09373909356209,-1.64004113182112,-2.95489010125935,-1.75960522841139,6.52112634818501,-2.96021930806046,1.11620370750132,-0.612769877117674,-2.81134600317162,3.71759085541582,3.42073903354799,-2.90817306721157,-0.123125350115383,1.7196659657914,-1.7898434782339,-0.422849230381907
"TCF7",-2.88883027361436,-2.67502146761996,-2.45607576244832,-1.09794164613599,3.71548801092848,-1.58927228131,0.96364554907632,1.64522385619473,-1.28395663838756,0.680926981941633,-1.22635169670293,0.143163200278502,-0.494536480627616,-1.36463343557501,1.7645931061188,3.70324651694431,3.79077039060299,1.62593660810377,0.0978730236838616,2.34503262905224,-0.351968902465697,-0.529752558090869,-1.9490250211111,-1.84970000943919,2.89893145353439,-1.17760947508481,-2.06739990224346,-0.861985264065574,1.59822358634362,-1.16315501937334,0.333782042902311,-2.07151350817205,4.00651362122881,2.91082799141905,-2.38997245846887,-1.13959066192507,-2.28691461395493,0.49760546027617,-1.36878805055304,-0.414410804057735,-0.624412804362383,-1.71197116185319,-0.343481672428178,-0.128929934228704,0.175305318490635,-2.61714620263528,1.92941964981383,-2.22873740105494,-1.57551861679663,-1.79544140288088,-1.9176725441568,0.708305356386012,1.0092525593349,1.94472063230666,-1.13509921209629,-2.47240971370834,1.74651699080554,0.220094769592679,-2.53560721048144,-1.2383793800087,0.77955978046842,-0.764140043014843,1.08577413106129,1.28788267869366,2.6629493878283,-1.99101459264718,3.11861995447557,3.42728417559186,1.86270783626132,0.179673897671119,-0.93116753085795
"TRIM22",-0.458877061243424,-1.08981991318286,-0.459070464180785,-0.284246836028573,0.849288858355496,-1.40155807022705,-0.405003099356831,2.78788578850776,-2.83087834505765,-2.82893133547557,-3.06579266759961,4.78128319728024,0.363622391985874,-0.469070116882567,3.57845842006433,0.949049791073499,-3.78910787564239,-1.16901129140826,-2.39359996224785,1.61440848474163,1.89971264753867,1.20309133667965,-0.0637651140690087,3.34999300653959,4.22217543953958,-0.518075254947386,-2.60963925943937,-1.13673840144406,0.760010295327122,-2.55951650413785,4.10648848259574,-1.04172363954948,1.65489590454968,0.303648160209489,-1.98878711350804,-2.85355400692871,-2.06288782533915,2.72361643393106,-2.73698714788527,-3.49212481754205,1.30764648330306,-3.39403956041562,0.247443875272496,-3.00373957109658,1.41017676776375,0.430762066279181,1.72213360703168,-3.62820745128634,1.45839935512107,-3.91823164331061,-2.189816369276,1.00153764591893,4.16996022258253,-1.02989746303176,-2.60268745851902,-2.05886315489795,0.176355555756664,3.97684226146479,-0.246322300893248,-0.906844744281376,6.84999938038673,-3.96303883046445,4.99974444113702,-1.69072758895991,2.10567541707049,-2.20043450385101,-2.09674338171552,-3.64028398647823,2.78027491838131,-0.301785499471938,-0.167876153142097
"DAB2",-1.68648045661883,-1.76117673769789,-2.23238068068478,-1.09395128869345,-0.376332471777171,-1.77948346736142,-1.27568032632515,-1.72118273714101,0.662820309287234,-3.29681961155669,-2.74974448926608,1.76529197374991,-0.233349010236677,-2.33800401891427,2.58339113473356,0.893675341067795,-2.73632047669566,-1.52540500410457,-2.03393360015572,-1.18047600247661,5.1948377792954,0.959934311436702,-1.36879365188568,0.36375939307094,0.560597740579817,-1.46589406865305,0.283933856925979,-0.918464371443984,3.82435996940289,-2.03819666138556,1.19745343645004,-0.721769662524985,-0.104234426947511,1.13772294344826,-4.23391456845911,-1.162630747568,-0.889426117220363,0.71850762260139,0.770324290590223,-3.01597115197611,-1.00951776076677,-1.70240651593379,1.75898290145386,-1.4047824369451,-2.05539589809009,1.77246403168677,3.2276278338552,-2.51509985560371,-0.437008030678753,-2.04536559501119,-1.57115777501888,-0.438011922067755,0.712033163388824,2.46847502885341,-0.88453176605118,0.038794691769737,-0.396956947449749,1.58968922994929,1.87894314619628,-1.28917660949304,-0.285527105891062,0.0444127304349964,0.893110421752206,4.75882671591396,-0.326105872838418,-1.1014991184147,5.26306246231803,-1.84630453292709,2.43302168597017,1.82941284572945,-3.58379661794853
"CXXC5",4.83918773158709,3.7274490014585,3.4356808103923,0.743002667225382,-2.37958192599538,4.40125388586954,-4.10718478616207,-3.74112230278965,4.95773226709964,3.15333749374901,-0.197137960012657,-3.30733739564514,-1.74618051560894,2.38361628625899,-3.71030253222355,-3.44713366557972,-0.706921196115272,1.02767135939354,-1.42199182551977,-3.81947980579215,-2.48808698638668,-2.33324363810172,2.23947926824668,1.47790582986379,-3.4100502996547,2.71792697694008,3.28201494997363,-0.00146265205538606,-2.82813428871706,1.2060066098541,-2.25290277691881,4.41996708282718,-3.69904787503484,-2.06337843563263,4.20022985891117,3.94540618185804,3.39967255469237,-2.53172586078081,-1.10265329328674,-1.88773816657835,-1.32821938392595,0.307202832212212,-4.4794249055119,2.65150784661722,3.43295502075385,0.478339228342671,-2.84602082115785,1.57168711143849,4.37372696812755,0.611160039410832,3.33241700784385,-2.61503244625757,-3.12866751582358,-2.52760757868871,4.13953078018853,5.0583690250796,-1.9198590077525,0.540822444939437,2.37991415089205,-2.91003194718107,-1.72055089937391,2.6403440405046,-2.16000132508041,-2.293170783788,-2.11134360011017,4.61220449541203,-3.32508373703807,-1.07821962664079,-3.77513429141563,-2.30833541557486,-1.2474379255985
"CBFA2T3",-1.26778826670661,2.9331120991943,-1.95377678409343,-1.33973011555806,-1.86433652322294,4.71247440083189,-0.820954274103505,-2.17648869283504,4.87593974811678,-1.93584645573408,-0.813883560399573,-1.3744456221878,-1.15059159118878,-2.65237676251082,-3.19134656696477,-1.42276044985926,-0.870803627864709,0.429966536354892,0.191146987893556,-1.21416382699523,-5.34771816652527,-2.80090772392263,1.30164505285634,-0.227085205256314,-2.90200052614181,2.09653340473516,1.4751504616044,-1.7601833494789,-2.31093256426296,0.198151617424212,-2.91816855270262,5.24071763807551,-1.13649075822813,-0.848289125934501,0.505590044647855,5.10336474587425,-1.07690563052036,-1.53526250460679,-0.606143946634297,0.805661121594689,-2.25776420987698,4.1754099069299,-3.71059015294467,3.99873310074608,1.90018862952645,-1.07517999285499,-1.05313373219659,4.93025051444979,0.00271579839329465,0.876914454456836,4.18991343885533,-0.598835202117167,-1.45539009751936,-3.83457453833778,4.32145476153796,3.40259271789552,-1.89529263488044,2.07614782793398,2.55685037921203,-1.865815859109,-2.42819184924201,2.18656051142124,-2.40128538038756,-1.33785380339219,-1.95835606092897,3.45948745101146,-2.11584455353598,-0.7596935325559,-3.30179356789322,-0.313943807854608,3.00582084334693
"NR2F1",-0.243666801551056,-0.844951810535655,0.854172084203536,0.630225796586643,-2.25737733149376,-0.824906002690395,1.81307277446856,-1.63695304427238,-1.39483765254094,-1.22344121892304,-1.07440928575005,1.17076876040758,0.906929870423448,1.15206303414615,0.0886700297874372,0.184913610306269,-0.884756980798325,-1.28049256310626,0.740758273918066,-1.4477766915806,4.15821038567781,-0.240521528041458,0.309997734309994,-0.701110684820175,-1.60663404042132,1.42837067742716,1.37438825186775,-0.266087846219019,1.54764146889536,0.548458070025081,-0.0890682954779393,2.45626976617377,-1.76431680889236,1.66564003379133,-0.566379877765171,-1.7833220323212,0.279740061633619,-0.231495565843331,1.17370742447767,-1.06159786540765,0.208795525499026,-1.48003403316697,0.0193939032403649,0.248032438181353,-1.12721338447132,0.461593332450039,-1.67451271165504,0.355924581023635,1.12657700657295,-0.448740254498701,0.522409946166896,0.617322966233829,0.377045547213257,-2.23041897502584,1.53585203128789,-0.336767715771057,-1.04237781620576,-0.754786522013376,0.852854077897756,1.98565458242321,-1.15473816827659,-1.42311804971095,-1.87622425490073,-0.705444917731083,0.975316631011593,0.215440584151211,-0.377579285633822,0.116859249478749,-0.251253498893226,-0.722162560425865,0.5698380044924
"OSR1",-2.23288511835338,-2.74447335346607,-2.06309646417802,-3.05433314481747,1.09380075919409,-2.2243198457911,1.12341697426533,0.605257093628682,-3.41852719223208,-2.90290867628991,-2.9867183706927,1.79522798164681,2.68726445502204,-2.30528125711052,0.90129755404752,2.44146807579712,-2.73454039173981,0.666881370899772,-1.74268216174123,0.888983587615405,7.08426683887131,0.404686092023122,-0.755402141472706,-0.666760113085575,-0.639988536168808,-1.92785387728631,-2.89140085925573,-1.72995929913766,2.73893990213007,-3.19304948621553,3.04905657412934,-1.30854860972804,0.000287779743190457,1.788218445165,-2.61703096769567,-2.40936233929884,-0.592658928896548,2.25343904166637,1.02332072183981,-2.24479323062553,-0.00959898184292041,-3.1149379155111,5.26790329190037,-2.94050452751413,0.322186233536189,-1.14025215931436,2.51619215584805,-2.5222689439545,-0.634494556035627,-2.81656562939618,-1.11111393709755,3.5487943726884,3.32183194488658,5.13430682169545,-2.67739319521752,-2.86098843447139,1.56589287727682,3.22897358521346,-1.38928144771254,-1.8514072055825,8.35258609944167,-2.5114109528138,3.36953926997791,2.06566550832377,-1.65794861648948,-3.40588970790043,1.22092016567841,-2.52891490101187,1.61515974120923,2.05903369096978,-0.639412820357333
"ZNF415",-0.895034104326727,-0.811826313742661,-3.8990711116718,-3.05611098856526,-1.20899664138207,4.00927528095127,0.692667942636287,-4.03767568254734,-1.45439376017703,2.69082375933193,2.67919307926919,0.233510444655614,-1.14689169436627,-4.28403024320774,-2.19579230759546,-1.59020864892119,-0.397830402446868,-0.405655128476613,0.179769611464493,-2.12112100074139,-1.56351282482649,-1.85605854042005,0.586029643205165,0.723281185470862,-2.72987900687339,1.5001956524783,0.986452071107173,-0.745344878387609,-0.32699347588955,1.19126469508803,-1.7325298876951,2.35501840232929,2.39075479152489,0.142675289847898,-0.871909653465168,0.444361205430407,0.108249214281159,-2.33371838089041,-1.10118035250192,4.92063961830963,-3.10989555942698,2.38366256870941,-1.00188202897988,4.38415320632541,2.10927815287269,-0.399420425588565,-1.59420213260395,4.28933251058126,-2.24021723937615,1.20556631569261,4.56220881971756,-0.852268157229902,-1.56398149129595,-2.35339912194062,5.09785944875719,2.89065127041745,0.13820178460234,-0.158863131784596,2.91612143655256,-1.60289501484243,-0.565685160825804,1.78990368329985,-3.16785669028731,-0.544899414307243,0.0918988887451974,-0.0874080594084132,-0.558661936686654,1.37527898733772,-3.00428799378907,-2.20602094178756,2.04048374774524
"ASCL2",1.733854407723,2.45620687729267,0.536813946393271,1.43002924217742,-2.70884387462082,5.22712202540043,-1.3088922199809,-2.22855960629839,4.44942738328109,4.95400485505625,-0.243798424103224,-0.998120753946672,-2.96907714829246,-0.069889357812134,-3.36296700005356,-3.34689691066344,-3.09937306246494,1.2356322985527,0.0154863480061321,-3.03914107130761,-4.82555721805227,-0.354261790003668,2.815416887269,4.41608098799584,-2.27580005575278,2.00317502767453,2.71399357641073,1.83001780575295,-4.91485594048199,1.23573506593628,-0.865611575350333,4.57363607682782,-2.82191864460106,-3.58806459997896,2.27702083854977,5.02587871777645,3.12607834509769,-1.94453917591035,-2.13078328127479,0.256532765430683,-0.94509699795393,2.47405451045332,-4.31883540027728,2.36982121128877,2.03337362257609,1.3718749159523,-3.00362362968241,0.807674236349029,5.84833420838872,0.315683473181282,1.68382081505648,-1.98898678207202,-0.0669020148182152,-3.01572367080225,3.12271582441123,1.52098037926612,-1.2628604489185,1.58265836608581,1.62409407595041,-1.09079099631571,-0.611427201302465,2.37215835697522,-1.83189430932974,-4.50562517468278,-2.95270676603344,5.57272163273164,-6.33000857671603,-2.38753894161107,-1.67884482502211,-3.43967293847522,5.05927785094597
"ELL2",-3.89285057965486,-3.87982839156465,-2.29897816759215,-2.50362410271607,1.68000647036999,-0.988163434145217,-0.035887995813954,1.45746739033303,-3.53990945724272,0.17529924541246,-0.570587479927472,1.48584997223308,-0.0945837156313871,-3.04537765137406,2.92842495549179,3.97859998385446,-0.557369175565813,-0.554357199841229,0.541419626631577,0.29523374722927,5.39027506909644,0.808505255307539,-0.881038442122494,-0.629551118233644,1.48241153912345,-0.79037290637277,-1.19693744066919,-2.84593414912401,1.80049500143089,-1.59894456389745,0.992228177774119,-1.15871967100578,0.466646190636809,0.223228888553555,-2.43497963477397,-3.13307556839651,-2.93748941596959,1.95303401450333,0.0740265925808088,-0.970481072075403,-1.40547405390227,-2.49967874186076,0.403288648506187,0.227558118832088,0.849958419876312,-1.93295196716153,3.31098261153479,-2.59871017804316,-1.45068886284007,-1.63432191633495,-0.680154192985217,-0.524817872366696,-0.478566765177356,0.65661346080569,-1.32314159886458,-1.90103513692851,1.76894704044582,2.70976464449054,-0.0326910554575251,-1.67579904847823,2.39855999821673,-0.269696713108555,0.467959009790645,3.81479284167566,0.687575572735026,-2.49665051371608,3.29136705066047,0.957584477004973,-0.237944851876182,3.13144528971265,-0.536135832990373
"SATB2",-2.87968002956185,-2.54258105986643,-1.0323808370996,-3.18719202582424,-0.496055345075602,-3.17727862300842,1.43858007451955,-2.55307049643931,0.280959463907819,-1.89581835025412,-0.821152198233063,-0.588014542252516,-0.0987767949331713,-1.52732680238569,0.254556408509242,-0.137466316302308,-0.92259945797121,1.8758561555185,-1.18785241669692,-0.883685018735529,4.08909239200684,2.27667683345572,-0.982051338217011,-0.406927906186292,-1.81439143380918,-1.82867208285314,0.586644922110502,-0.0549871563117549,3.95921604226658,-1.81228907339118,1.40814509106369,-1.39656145989287,-2.44120951542255,0.0530775612273838,-1.67504460848898,-0.104125931206392,-1.02780788555184,2.64136007116689,5.10459158335775,-2.24819588644564,-1.07703336362757,-0.769569138762062,5.07867536742251,-0.603773781922683,-3.00018524531222,-0.543826903192899,1.93295506942307,-1.61375659408153,-2.34944010785477,-0.498207960952308,-1.52321732868855,-1.1676505788535,-1.07837456427669,-0.104689727746547,-0.2388551670593,-0.233485853919945,2.13511925107176,1.7351150374122,-0.83838151736158,-0.31571252369644,2.76474320312781,1.03157225612247,0.579578985774429,6.37383823910481,-3.11159001274877,-1.61851019394794,4.07467784997658,-0.38138885204847,0.999199049877394,5.62908418354875,-1.69359557169176
"H2AFY2",-0.967869861561343,-0.726796280782456,-4.44975875887808,-1.85393360516851,-0.0479104625898702,0.389210489752292,1.3936414181417,0.187384006951713,0.231054837401675,-0.982348146336492,-2.63868980163726,1.51011014338695,2.65863582497042,-3.22820514082588,0.12446264308961,0.501223742932528,2.74954549015721,3.25282538260459,2.09937987870531,0.694536094454798,-3.45239664726981,-1.08279875700948,0.441133526141855,-2.3638151666374,-1.15530729012606,0.320917770749104,0.570910542440709,-1.04721274123253,-1.34445294875665,-0.482584361685193,-0.939945510136404,-0.177550906735401,3.52315845954077,1.4970752523266,0.49265957562375,0.640834379922172,-1.34627687667286,-0.390946620526073,-0.490299909271351,3.5885398104783,-1.46585325988276,-0.41005069922092,-2.97707671363673,-1.91625628161384,0.782350721498924,-0.596892456390946,0.63993435724083,-0.957112072887895,-1.10798152220632,-0.969800558793329,0.675055700474382,2.57735242773901,1.12944911771606,-2.59050394556273,0.913189207366922,0.167539938983829,0.917055983782672,1.16242807254698,-0.785441857835602,-0.121491329878179,-0.830837732934791,-0.138033333253015,0.047268349969005,-0.986253109725463,1.53165260562244,0.649950391645971,-1.63717443980138,2.70899316576664,-0.487047415362591,-0.686094199739812,0.845626348077481
"HDAC11",5.73126373766421,3.61026582260415,6.17182991023282,4.69740313679863,-2.22077661350797,5.82453494137491,-1.77728264870035,-1.09913211925277,2.07486585343425,5.5400829964175,3.83430190676791,-1.84283938583372,-0.690792922641677,4.93202734392526,-2.01954687293038,-3.60460918572129,-2.59392942208814,0.324870811331632,-0.240494343746016,-1.22578051342998,-3.42756370364001,-1.34307106329217,2.11091363005753,2.77468197873873,-1.46379573515549,4.25504676517617,3.50583141345776,0.909881160688646,-3.92910180567384,2.15149318565285,-1.30158963718123,3.35389770063323,-2.04433685510471,-3.99510350217611,1.82907765187983,2.50947124068024,8.9721452436261,-2.64120826487949,-2.56816355125638,2.04243688461124,-1.67304597916902,0.320789839219944,-3.92992727674551,3.90363462957206,0.121617822955794,2.53456509438525,-2.71681075109513,1.81693109694989,2.30776197817769,2.22411169926925,1.97190022248622,-0.987817708879777,-0.908073299569419,-3.82782991566592,3.24954896589287,2.27802208722688,-3.06288136593401,-1.56941665567275,3.89095685986221,-0.38806945486563,0.299260154476179,3.08608551986752,-1.26424939742451,-2.79070278756214,-1.79746948754137,2.65944258972449,-3.60855819712054,-0.62747219662117,-1.92000022796356,-3.3965661429699,1.35789463750464
"WWOX",2.80820926550256,4.72198620984068,2.11232122462703,5.37503292388342,0.589144195668128,2.42981921498686,-3.17825581684386,5.70258125006991,3.568552494309,1.16173907565554,-0.523189777855078,0.819988814990886,1.19872232323431,2.88387084567358,1.56728610734117,-2.07454471055742,-0.964529567085939,-0.118295842232215,1.10805962959367,-0.10542946752327,-4.97690861524885,2.25629244448834,-0.25312149570324,1.04575921161547,5.94184619282289,-0.68247262246679,1.53704779310621,3.2670235651678,-3.6198064678641,2.14699719242179,2.06117049517152,0.857553480981938,-2.73963856376303,-4.28883527807272,0.895257606012286,3.54727573984166,0.923379029269198,-0.776429101704217,-3.56091858126069,-2.25569051439728,6.24467344474762,-1.52400886774167,-3.05195968810825,-1.88891445819603,-1.32901967224298,3.29714677383934,-3.46812534052507,-1.10395378626866,4.36371322829151,-1.01844529416061,-0.108997170634133,-2.20386435054785,0.0888539125212976,-3.33733881675154,-3.74087868247119,1.5006985530454,-0.893444562032934,0.135988888901517,0.410883705571417,5.4601111494631,-2.11670918525477,-0.930107450460912,1.99097666384139,-3.38657571499083,4.9764904336903,0.772346021412629,-5.15188013289075,1.38634590492291,2.98349759640248,-2.90870031480283,-0.00634517768915205
"MAFF",-1.18650408051174,-0.314446758318256,-0.921493590914173,-1.04185542496312,-1.14166774087356,-2.94815951608008,0.20299818810135,1.4757995388019,-1.64277407328142,-1.90367937687,-4.40976255095767,1.05388826938575,5.16503143401088,0.364324889074329,4.76086078654341,2.25560877212019,-1.63740262796298,-1.9315545723597,-1.3709461749851,3.06447477772743,6.44012374231319,2.33656725258514,-2.26529125147445,1.18761629538557,1.0533285372302,-0.906874941554779,-3.17968782250847,0.564522843915576,1.79258876817982,1.02410634863295,1.64373559027428,-2.83548913432911,0.180381745064312,-0.642465806478513,-2.47833075110022,-3.76438078760136,-3.08829053336683,1.42262356505015,-0.297814081826188,-3.08259206910248,0.910941735340774,-2.29196504218004,4.86034029055802,-2.39424936378175,-1.63455723500701,0.744945359464699,5.21235969129385,-4.42972863004573,0.513875177024685,-4.81164340294178,-3.4308567742274,1.06649768911554,0.26919671549838,0.639285119631792,-4.59552079365617,-3.22619550298295,0.553638134154335,0.167031870354093,-1.94296350092965,1.57180025604318,1.40071486654304,-0.384407304665848,1.98788479468372,4.13847155232177,3.19636750728452,-3.52214268989473,5.60743589374354,-0.30789945259257,3.18545037665415,2.27625700419804,-1.64604648372866
"SMAD9",-1.82499916273137,-4.81107903871033,-5.25424767154548,-4.33289676648922,9.49222387485423,-2.94943704992767,4.10588838672485,-2.35204585546545,-2.83233747680422,-2.71339686128735,0.0478762887183989,-0.410619438677817,0.784738914992877,-4.60941538722454,1.3934048962221,8.07655819362611,3.21950612960218,-0.436354728900964,1.50839967316819,2.77909983247097,10.840721760803,-0.900327100394876,-2.95281197113018,-3.14655858612245,-2.09615571426494,-1.99101160663443,-3.83066813999934,-2.80915167192847,8.03621787131071,-3.27609952925328,-0.690636999182498,-3.08405931954599,5.82367412729468,9.93770827638604,-1.80903721156689,-1.23477722661031,-2.59472403814296,0.560849157673686,3.24155970838584,0.0941799602146194,-3.27641628174692,-0.912282968668472,3.48957272240214,0.108925372059576,0.842518434102332,-2.54922505604478,5.09246886318062,-0.738385709681751,-3.81909711372073,-2.1610016544546,-2.51699593288307,3.33568921918053,-0.879646332588266,5.33542624974828,-0.404417154844309,-1.26300017277916,1.40813469286938,-2.43745004240443,-2.42971038422408,-2.32254604881727,0.00349101346180243,-2.14220267940244,-1.23858585333549,2.88554230661773,-0.612453207230331,-2.89186690262809,12.2558122603484,4.32541929746787,-0.517368299942643,7.30649737273794,-1.44037277548058
"ZNF677",-2.44129103593714,-1.03715843431226,-1.88484070995939,-2.27944774441919,2.56058251553985,-0.751919238614456,0.413762205927938,1.67123114613406,-1.7871415090572,-0.628156605522124,-1.19646200273289,1.45138709741842,2.52720212962446,-1.84886891416503,2.10985694742704,1.58079892068694,1.36076145228194,-1.78002206688036,-0.851294036184993,0.0676064910074746,0.00970056802408492,0.0301916809522334,-0.984233513478254,-1.26751279852399,-1.3874245682994,-0.814894498383345,-1.25480564435659,0.266463489124396,0.0468192823500334,-3.1055139829055,1.78684953496628,-0.281225419791706,2.95333700952806,3.69416081007435,-2.46909189864652,-1.309242860772,-2.60451679400808,1.45357816765741,0.0811004232897433,-2.08177556177518,0.764063765358172,-1.95476228492131,-0.46081347043492,-1.21207027304469,0.709290177670541,-0.549546329038703,1.82553255143344,-1.38665810918744,-1.20950798567438,-1.29561618679105,0.199420632595735,0.500718009855597,0.719217490286304,-1.73393903493062,-0.377899121263121,-1.30590281614567,1.39678889448322,1.37718231656839,-0.804222874539864,0.741543528002075,0.445246489113086,-1.34118337016646,0.868561810465876,2.34804893177975,1.47609811575043,-1.93305425602953,3.79356616828203,1.94151219444203,1.95135615736737,1.47997948395768,-0.578728058539421
"ZMAT1",4.93984030658748,0.487684011708354,-1.7851570247545,1.41950145526692,-1.10810824102462,5.19612719731147,-1.506429327639,-1.46222138857753,2.34682451473893,-0.793701548443317,3.97384160515871,-1.75288869459171,-3.81142668233221,-1.78624700175305,-3.80780706034183,-1.98881362053337,2.03734722900575,1.85706833363237,0.362317914890434,-0.686436826139544,-4.98401249262992,-2.57086650247378,2.64686290223908,-0.2367510365412,-2.65072132443721,3.72998460701657,2.07440832990993,-0.00682491059607747,-2.03204823603907,2.96707672689718,-1.6118590798763,3.13025349603687,-0.823387428171328,-0.42546607026237,2.34491465312862,3.96046405706421,4.0025151591211,-2.38996192708316,-2.02953577754587,1.42720826991928,-2.61254898071757,0.801249403516363,-4.64932466508809,5.39453422825153,4.05205369461637,0.341601533314521,-2.29811065312444,0.977492335366348,2.5724497743952,3.26775516240508,7.04689950942192,-1.38691228590353,-0.847698392574704,-3.10229942382893,6.82583575844142,1.09184151650299,-1.54875845942584,0.853652694035708,4.87244760955732,-2.71130648536807,-2.04574972328174,1.59041615888268,-1.59343840232874,-2.45160015168336,-1.76652805485744,7.4990066368366,-3.57105794239653,-0.682745861199902,-2.74612555237603,-4.05873391997368,-0.603500333406452
"HOXD8",-1.26271457882476,-1.03446607699544,-2.82430772540457,0.107693815167368,-0.306899669544678,0.566798589282324,4.2354939882069,-1.74423707891359,-0.671388104236346,-1.29672442492087,-0.399344948668969,-1.16017792389033,-0.261206182979389,-2.06487604097744,-0.482393084879978,0.549296977494318,-1.06165851512318,0.506385336860598,-0.73727441901463,-2.76585303783263,3.98045037316031,-2.50834101085144,0.282358446879828,-0.85194143678325,-2.55029702928885,1.06153351501979,-0.517785287681381,-3.19376761251138,2.85442074727732,-0.492149983569731,-0.486816202212106,-1.23282598223213,-1.96499632085226,3.93252289622176,0.01292277629007,-1.97365187458335,-0.60309533787102,-0.454399593946229,2.45045230116178,1.99355294379001,-2.04375843543533,0.0156354032898122,0.35924576369446,-0.589650427807574,-1.16637411949167,-0.0846082748713061,3.78202826162417,0.192135882674765,-1.62349172335446,-1.07352796255305,-0.471721426270182,1.88044145634156,-1.14618616577049,0.901486560810457,1.17774946014502,-0.426156089308583,0.546696748516764,-2.26667356662451,0.300801104369746,0.0364189702839912,-2.68626333423957,2.05389006545562,-1.67676694000853,4.81496755377088,-2.13889937286921,-0.270388282768104,2.56272227760947,1.60817227967691,-0.901519089996186,5.49480943246367,-0.661450804813815
"NOD2",5.75540674199358,4.22794215760866,1.62250094610408,1.74961550343331,-4.14703344644053,3.59964929376481,-1.06394510423705,-1.62700773780372,1.87453612900904,4.15482384230688,1.1357361125176,-0.59078274786305,-1.93088434003097,0.826180827352581,-4.1395599364373,-3.86124938403872,-2.30143084440807,1.91673010718556,-0.503513311420313,-2.51772321537564,-4.86146792872355,-2.74044905925845,2.72091597831453,8.48902888606623,-3.46809935269101,3.61307735740697,4.31770449492633,-0.727807800272008,-4.45981171598478,2.15662930795139,-1.89709187135952,9.21287678279779,-2.80939075000997,-2.99055678900414,2.39644616232395,1.84403147414376,2.54867078755094,-2.40632875853293,-2.83895659494903,-0.858373582866888,-2.45914800482755,0.408169152315837,-6.14030998395364,7.36678730872195,3.87790322651309,1.02980470299723,-4.04972712156125,2.23159665413165,4.30376875459357,0.558258398487624,5.49023049120788,-1.09878134131734,1.26476354054342,-4.4578053730487,10.0967390639009,2.07630094082985,-2.65395055203011,0.373140217507382,1.13749838635532,-1.91967829413586,-1.55535884431591,1.63402498523316,-1.85155139062398,-4.41358806837998,-3.06672258714456,5.35888504004476,-5.81823966316084,-2.35268395519278,-4.21020178702081,-6.24811774137644,0.848998305902068
"FGF1",-0.987089526128336,-0.965176581284662,-1.08603689037583,-0.354749949685251,-1.16767606168,-2.66855275825574,1.33658611666426,-0.770000834397543,-2.76950183193064,-0.583670425470571,-2.41811877408454,1.99246171350054,0.938536497527608,-0.925731098636767,4.3628486219673,0.589661714984592,-2.23529922685578,3.12922077672898,-1.7139453027093,-1.86306327248154,7.47204701443925,0.336464799532997,-2.42068599016323,1.22065062620124,-2.26657988524798,-0.881476800209793,-2.28524390718685,-1.27050832613304,4.42436697526359,-2.81632956064091,-0.812091528524568,-1.2766244951826,-0.705382911208944,0.687991462087201,-0.468670291023955,-2.79817985887019,-3.16688329478084,0.720702876887999,3.4253376356564,-2.61419919262767,-2.89026054092507,-0.515084758176456,3.99221666761044,-3.01313764102429,-3.13982899513829,-1.17610014901177,1.60443331667855,-2.22627984514264,-1.54097766136398,-2.84327694670179,-0.634177859402679,-0.924534104354467,2.96965140868019,0.635995842130098,-1.03827360677009,-2.69357833433533,0.129525940367158,2.97176582786272,-3.58496164602852,-0.819395725817898,5.69405045277428,-0.18595710947371,-0.430084346854002,5.6472622947154,-0.852267871855741,-0.834488476836479,2.89260543788274,-1.78358455543197,-0.334828651274525,3.17021405081468,3.71821325292547
"ZNF296",6.1298053903772,4.77712991625562,1.08377058931201,0.063587380334823,-0.873094778522739,3.04426741224968,-1.68184385517763,-1.93886572609388,2.53283964969242,1.94877219023263,11.9436889299056,-5.07607030347691,-1.30129277246608,-0.408595982338371,-3.21925127239416,-1.09524985976873,0.341389460249765,-1.90443166816543,-0.461872701493478,-2.40411469138029,-3.5695994317751,-2.97606885000462,2.03553747082327,1.21633570131259,-1.96527622871044,1.235634482009,5.68306968405078,0.427082199950642,-1.69822054050957,2.93246554005711,-3.00775393273043,1.69852215886628,-3.53399323025549,-2.48045185672619,5.91082940309961,3.86512708268769,9.22704339021778,-3.96464298091758,-1.16972726058085,5.91813873406958,-2.94930965941475,7.79373878279924,-3.51835029058802,5.49594062794252,-0.599928292634054,2.59234325155063,-2.80694192636814,7.66047895889378,-0.082306058834315,10.1617212057518,4.87864676295433,-1.76801421264665,-3.29941727563634,-2.57027622293165,0.713245969080947,6.41856870548098,-2.70463090268739,-4.27790577911608,2.52732715444075,-0.808873287695581,-4.62918945308262,3.59802480098802,-2.43943581326955,-1.25877044707572,-2.02631009696532,1.65128551420854,-3.11778412658204,0.640657791123187,-2.24002069486831,-2.71952647507059,5.69272393038302
"HOXB3",2.19735822221765,-0.496003332688615,1.07927395827914,-2.09625168426539,-0.246936645993469,-0.467256868386113,1.16531058237056,-1.00692770628249,-0.827523946781725,-1.33686796453286,1.36607865898367,-2.10873045443427,-4.71445535499874,-0.251520174293975,-1.23341588421086,-1.0167374242969,0.327953384239937,0.143638168966607,1.38856326116881,-1.30155693742323,-2.08669109412335,-0.576363822030885,1.35090718334468,2.8439780128654,-0.576592789408878,1.0119810310501,1.94694069097366,0.0138411830797504,-1.32044231479844,0.757963130318365,-1.51765288920791,1.53449842325476,-1.17764474760921,-1.48540727548555,4.10628646106268,-0.0640873921236542,1.21599053060796,-1.06120874165943,-1.18277682539533,1.45537315269223,-1.85400066784577,-0.177456618877649,-3.09750032840942,-0.583612090703196,2.03675719242541,2.40836917413528,0.112499586363846,2.35612878731709,1.85898414319473,-0.034063294925639,0.723469596191856,1.16889924933086,-0.373631079365827,-0.328230472078834,0.187970956451087,-2.9908692999133,-0.639574629341949,1.76621513748101,1.44928401717945,-1.22783773145178,0.816441164567433,-1.65183373194433,-0.805209840526378,-1.78349425633808,-1.87772657953854,-2.5136295328807,0.0562597480961108,-0.416452435808612,-1.62954245644001,-0.112671471956167,-0.0773092035413344
"ZNF552",6.69036837754464,4.37791423555988,2.00233345555558,-2.09231409204677,-1.55183401421432,6.80774404711728,-0.884264027395246,-2.05661368375424,0.483200537464542,3.84036682657573,4.60012510372199,-1.20239312532676,-1.28947622026306,0.491245831654716,-3.93227730448264,-4.15548353369178,1.65211063375239,-1.28248623181604,2.29149257197598,-3.36886953071228,-4.44531333994509,-2.57997943660329,3.95341663742957,2.85564171743782,-5.27449406901239,4.08500355127254,2.27482850042117,-2.22815409085328,-3.60412938621743,2.38652491393668,-3.51346000071963,6.54498071034437,-1.17302465396719,-4.07313419113775,0.821761281452699,-0.434823341616984,4.09096874122997,-2.93886747984261,-1.17190544832946,4.67434438634493,-3.76479055701271,0.761649464043749,-4.3868105704403,5.16287582220941,3.40166343287039,0.775479171437069,-4.51622255116018,4.87621547514351,1.05470491162831,1.12173800137483,6.24713285693903,-0.249396015531031,-0.37955596842456,-5.49952950871846,4.84927640153733,6.39924651742241,-2.04892414581639,-0.9604317347226,3.56986402184657,-2.05469509307647,-2.32781732320305,0.743199206818865,-2.51630108717424,-0.59972353610558,-2.52537573734113,6.09382565766295,-5.51175341934112,-0.0665576750092101,-4.55870402619043,-3.26561041452152,-1.41849945961492
"LGALS9",-0.125080371767815,0.831795557650649,0.35511243202731,1.82734412835388,0.502400198052018,-2.78944578915374,0.808641184596907,3.75247259871682,-3.75732133459942,-0.902079859164005,-1.87039705732114,4.21052949604365,0.550419237122806,0.902645719712357,6.06155181379404,1.32433560596968,0.0370439962908145,0.723068745153843,1.43715854495517,2.75297382221908,-5.26127984168962,1.2502201991367,0.752886320039332,4.78016674520138,6.04009915226816,-2.12209582224404,-2.17856704738861,0.55495611553987,-3.36632233696126,0.779066947820315,3.59977723661555,0.102943845561506,3.57018956424819,-1.74563227567491,-0.771696158304587,-2.76864378485337,-2.20551549471464,0.348108476289663,-4.4547267062258,-2.27041810132379,1.9879070601721,-1.51975949996708,-2.82289482549288,-3.99871337776395,3.90397885110327,0.464789656456851,-0.362415539408322,-5.13909215530786,4.52903259779771,-3.50435140779086,-2.22565904798373,-2.16643365700508,2.30837174720121,-1.14870505764206,-6.00428115177177,-4.23471320960292,-0.593682627468702,1.83854782707274,-1.26697867162869,-1.78530401200022,-1.24108240626002,-0.76163088869008,2.33045455398939,-5.94266285247849,3.8669612352475,-1.06703672894349,-1.95415984255068,-0.233595305907678,2.84006533235121,-4.27381387240394,-1.4294189294719
"AEBP1",-0.353443567812313,-2.09559870642083,-4.43496739111385,-2.97508552126672,2.98743513814949,-1.9824205518699,3.53523206878015,-1.78482398295709,-2.84606306828944,-2.53802072927131,-2.7731226376638,4.95019316556498,-1.16254607042914,-4.80609700678243,2.98870043325807,1.37446043900638,-3.38007903603022,0.119687260988249,-2.29698989414252,-0.598208106711542,4.89194169029826,-0.180154929713615,0.0694113130570306,1.45524738939603,-0.93912873806347,0.554061583077103,-0.466413813063842,-1.7649028726525,1.65248249218787,-1.71536861616331,1.9256889492343,-0.246269711098871,-0.387394303992996,1.47150102231325,-3.25037437067634,-4.19543954943871,-2.86145861305643,1.84245054399269,0.0482669057821272,-3.19290379218857,-2.08344035961793,-2.81934072900306,2.97783784655613,-4.32861138990683,0.460993001042143,-1.02165008003782,0.58606911933204,-3.15269191882341,0.514583173938682,-4.15907744239004,-1.86260635554605,-2.23031645611813,5.06254856144115,0.151326227410733,-2.31991354918512,-1.35013089872361,1.14521128415794,5.79398383150599,-0.942658158203433,-1.07377435688179,2.41850486959051,-2.86107069946235,1.96725266562394,1.60911106231753,-0.369512930304563,-3.06832290750675,3.03273622969789,-1.2389894710673,2.64005144610409,1.8222416186535,-0.852439272905583
"TFAP2B",2.92163444426687,1.09804509822211,1.56413697411508,-0.719333056159358,-2.72234464162056,0.880224434759796,0.0635792984786199,-2.63464307747599,-1.35807667743824,0.710984374553227,0.52343254210617,-0.699771536511725,-2.49643879466709,0.235406448874745,-1.00829264446,-0.412599445494018,0.582101928634307,0.45088620093269,0.0642636339806575,-2.909304328557,-2.02814992715944,-1.3606700542949,3.54940848791089,3.06504072112409,-1.2850113036216,1.25877695225518,2.87481080681038,-0.773040571841965,-1.459531052511,2.37241075150675,-0.517746093535997,2.87716262086941,0.11552924315462,-1.65432679773331,1.41295087439327,0.0219563233049289,1.10862051662651,-1.36026926740167,-2.23675111779752,2.82848621140046,-1.51735781240229,1.17058445383705,-0.85868699604241,1.71741627502898,1.34639090970003,0.337029660768361,-1.41807640954922,1.28307097916116,1.94917355437848,1.86376479737873,0.88507978328114,-2.7076018130424,-0.222663347724074,-2.10091710445179,6.60009774478348,0.939755365127734,-0.893003093969971,-0.00683818666599122,3.40305788674653,-2.83195444953721,-1.9808029799439,3.03015326827391,-1.23206735874054,-0.452574234794472,-1.87889553212357,4.28938399079748,-2.38162930567231,-0.0662400291446243,-0.988785016557572,-0.232744911244837,1.38434664088129
"WWTR1",-2.43510541833335,-2.24709949115556,-1.59408411703692,-1.25324713677046,2.32680410707376,-2.37621902901326,0.999979801915365,3.4312527565874,0.88864402190315,-2.05912266188717,-2.11643529040656,0.067969425000943,-0.171274692055977,-1.03151282906933,1.26042610615869,1.39806084177904,3.61531982727934,-0.591267907857193,2.73830781228457,5.08604233102717,1.96421086695323,1.12516161374749,-0.982541675628139,-1.74550213640862,2.98519674492621,-2.05232330943503,-0.236744542176736,0.176545419633904,2.77380168604995,-2.88801459145331,-0.64720529286334,-2.504633647011,0.728319439883026,0.137047250098871,-2.58518833957008,0.574365767292602,-2.29648130127675,0.559938648796173,3.54673761961729,-3.6010674895627,2.48361164242261,-2.84564821266138,1.89456679223587,-3.14104571979458,-0.373972661939845,-0.796435896565801,2.85176596833096,-2.68851396009196,-3.32923652881339,-0.794335861722357,-0.703892303784977,3.35708913471881,-1.5703125799204,4.12643839394393,-3.18460283155364,-0.758112668823875,2.26068907857251,-2.13976397890559,-2.39485658076825,2.47937516090634,-0.296748799701947,-1.76744910833938,-1.13400748766911,-0.205825970021367,1.1701621564427,-1.63353400402783,2.28230574205141,2.57204697728369,-0.449122226302953,0.477400372006311,-1.11150685653734
"DACT1",-1.94620677915722,-0.976230082902206,-1.90755229948631,-2.21685229175,5.66047378418018,-2.38779163585375,0.763115878281939,-0.34624206909768,-1.09166836890693,0.154047495957372,-1.61880426663674,0.0281192734699531,0.347744078220226,-2.76842545770659,-0.441791266584578,3.7310528671814,2.29626170348343,2.5840769243511,0.322554745162566,1.49114297464289,8.39383792822363,-1.47361853147986,-0.96690603252782,-0.793567306126927,-1.35950756607594,-2.58181589814231,-1.58944982580719,-1.93509086960183,6.19044486004199,-0.994147834411977,-1.50343290753508,-0.710640155835819,-0.18552473646056,8.01195954798331,-3.6891621625181,-1.43613764537013,-1.70603757864446,0.518511270253377,2.95618381300691,-0.888605976119163,-3.52849943425504,-2.76380997913673,2.70872135786557,-2.42394074636713,1.42692513827854,-2.27529606497833,3.50712565701851,-0.829894037010686,-3.02349196692947,-2.27225714577142,-1.28342340900728,2.62997805529215,-0.704796838508711,4.0345415838312,-1.60488905671504,-2.49090162807764,0.883192200467643,-1.20192374551986,-3.64045064181203,-2.60908643095274,-0.840940735780236,-1.87850969638746,-0.647144943347175,2.31410765464711,-0.0543894112017224,-3.10919928079601,9.00280026186122,1.28260739518422,-0.049022532539343,1.09465864050251,-1.52188595613384
"ZNF880",-2.06111658483781,-4.20143742944159,0.872685267195118,-0.910966476768409,1.77499220421647,-2.0449754938013,0.252744788157166,1.45538405704469,-0.791343497026988,-3.45829395841934,-1.26298914194303,0.177639575371465,3.91283749823588,-0.726331423835934,2.85507244352775,1.40591165226151,-1.06070314939677,-2.66830991102427,-3.16215319988587,0.536061171424428,5.31202613026329,1.29852880640409,-0.979342949623286,-0.19025576006106,0.470944174110501,-1.45399968601808,-0.180719911408467,0.0899726309144988,1.9793162790872,-0.627568188027585,0.776452150402521,-1.18139013475922,0.786111381604337,2.34168802498491,-2.31880503747244,-2.03056424815133,-0.635183333375385,2.02939610575797,-0.593517654181783,-1.12550285006883,-0.295745393639015,-0.859936050507295,3.73451250359664,-0.801706058893073,-1.78316111351318,-0.924806480581252,0.771577957060821,-1.83853733218523,-1.43162909116416,-0.382131556829816,-2.87016324797274,0.699179988518137,-0.887914857841461,1.69649430976898,-2.64485963662699,-3.10480560322675,2.04356141946875,-0.380660396587536,-0.656264954021127,0.873872164615699,0.600445739702885,0.0687324299072963,-0.277557877274592,4.24112456736458,-0.0391257899463179,-2.71851021777664,4.66033831118091,-1.07714269157651,1.18074109921269,1.53743310401822,-0.286396782329291
"HLX",-0.677757533432851,-1.49725998382368,-1.14779238037543,-2.76959881091104,3.05380788343517,-0.699152836755295,0.513464661263369,-2.43130653801861,-1.21309322543109,-1.03191683801606,-1.68744089201782,-0.57731583907121,0.0142275876709246,-1.89609225026664,-0.877088371088522,1.73243927542556,0.322366823521052,0.0477578995285177,1.16040021459129,-1.20883680906254,8.51433696517254,-1.45331173657564,0.901271977428783,-1.41088087996421,-3.10097158501451,-0.974848888904948,-1.71808941004541,-1.8321313941795,6.68265956943188,-2.17098758273514,-1.22159966419138,-0.74100779585048,-0.00640620233895537,8.06023264733529,-1.1884427521461,-1.3966990577457,-2.55259790683451,-0.439140192712444,3.05335934865098,-1.66252503387456,-1.99734551010826,-1.85610310917504,2.51012708421025,-1.63058836121368,0.10758108199504,-1.30150951392191,10.0877568108604,-0.510618481019432,-3.04091207386538,-0.841077546295064,0.801169333681384,0.451260002101657,-1.01854398285712,2.53895916000782,-0.831877331079649,-0.387480838689132,0.635780454561398,0.911218586403649,-1.18996301924013,-1.84083899187652,-1.08948110979905,0.877133550322161,-2.39487231055695,2.79387434903232,-1.1270238484678,-2.32045852486728,7.57736688740641,0.705040827825159,-1.25721802587697,5.61544872094837,-0.911056798491121
"PYCARD",-1.39942464782244,-0.0315875366905094,-0.410406997726973,-1.09883973218874,0.0538396027835634,0.96115564423477,-1.02853590853741,2.15148696777289,0.9450271715828,1.49099278715403,-2.09644585729694,2.19517542193514,1.34979853377261,-0.717105692033322,1.54141392339948,-0.469044749028034,-1.82849859779556,1.09146350305219,1.00107393598275,-0.097521561192107,-3.42336431232948,1.73420440070375,2.8234323268016,2.62455070678165,0.0366911295556402,1.10623023564908,0.453219906649519,2.65097369463338,-3.5046786225206,-0.414328282955364,0.54964902735122,2.39934661520001,-0.485099248855926,-3.0231569884516,0.859133047593874,1.64620164995905,-3.2265677090126,1.31348091088248,-1.84562404765094,-0.396562569059526,-1.95954569863795,-2.59452443111902,-2.18919164117459,-3.2634003090209,3.3667270898893,-0.203675264795177,-1.00621951492845,0.0926011262026837,5.66136251741538,-0.823313334844383,-0.43239088553465,-0.961773745842198,1.68518163146333,-2.99352270335596,1.94598644778898,-2.04571336066648,0.654319366684371,1.46265380221199,1.20549891218375,-0.874662055708439,1.62430072612568,-0.603943380035259,1.43712387903068,-2.15825517161091,-0.263973747937702,1.22910600909881,-3.04931830341905,-3.92591478003838,-0.0562373433421928,-3.0407663136256,-0.250450460384994
"BHLHE41",-1.14492417235183,-1.16760564167113,-3.77611158036961,2.97046955312745,0.404887651200326,-2.45567298299219,-2.22641904637036,2.71364078572947,-4.3041091089907,-0.531633707926793,-1.24835159544077,4.85868273626269,-0.71070338434215,-1.29762908731303,4.31512128031688,2.2320861528446,-2.08324462913897,-1.00108895599751,-0.386301203957326,-0.840778880334143,-1.6401134958267,0.732343928249442,-0.0146768367432793,2.0849811459401,6.60551825271868,-0.900368338941294,-1.60079301900391,0.941631658418906,-1.87063591452239,1.5762402833563,3.42547527387754,-1.57615800152406,2.76750860028954,-3.50517442372323,-1.905478276357,-3.51066176600406,-1.52626247352476,1.48419281733601,-3.43614224699731,-3.61380329278588,2.94092872035906,-2.53295318118171,-4.53230146991442,-2.74760895919516,-0.71586351230453,2.88458691684979,0.00272845930231143,-2.77992635513542,3.29018741273778,-4.72509958477831,-4.28173258586953,-1.7605016439863,3.90935423740721,-2.64713912400025,-2.56360176623411,-1.71820544188998,-0.303491827797086,3.31752527162918,-0.920107881110835,2.49321517524347,2.37693831790795,-1.5007511853566,3.72825970782883,-3.14143850190167,2.78875729832904,0.0313756111070052,-1.47071534155091,0.356175198617802,3.22893578633762,-3.30497754526459,0.416885814546005
"CPEB1",-0.870710481310663,-3.61040567581955,-3.5743456914742,-3.06567535005233,4.63947005755142,-2.71305169357285,0.426300302691278,0.0379279521414094,-1.46280190572539,-2.87299682549427,-1.63393323875716,0.815444066420677,0.797293427097835,-2.47129135025111,0.774189804840755,4.48734262960532,-0.158949848342066,-0.314686271438053,-0.0719733982188733,-0.591547972962969,7.62918042597182,-0.491008651073824,-2.27748924393704,-2.13281189361584,-1.68723199393586,-0.946433501349278,-1.98095934304881,-2.58939351200018,3.68401443832888,-2.01036910243359,1.4581007810695,-3.96540188290449,1.18659069762708,6.40853473066016,-1.33866027674664,-2.75001708672225,-2.80294890378677,1.16101123363862,4.49009880862079,-1.8193307742456,-0.586374021459739,-2.44767794586912,4.13692140418724,-0.0599303662840687,-1.26483413276289,-1.9622914944048,6.75734921021738,-3.08513619419279,-2.90900750351604,-1.61516037006211,-1.92246701430964,1.55048556593968,-0.053673512629192,2.47836300524375,-1.03708547239613,-1.40776364371807,0.193727965796357,-0.931113724169986,-2.51629114528365,-2.03178305394154,-0.0409395537528143,-1.31583716391258,1.3346355300064,3.15561979208174,-2.68490759427132,-2.97434327239325,2.8141533450447,0.647712792293476,0.909226821321877,2.86584884049568,1.64015220425762
"TBX18",-2.51152380470085,-0.929958687655582,-2.79339031709778,-1.62392099098044,-0.283707632825587,-3.60153582705651,3.50313598518202,-1.72393732455246,-1.37185424016927,-1.70921811430587,-1.34723684798241,0.645733975534352,0.871289892960629,-1.21770358413868,1.35968821613119,4.59096665388298,1.88889549202821,1.40451328072853,0.675519277239315,0.457860446067838,3.68324184135651,-1.76752882267794,-0.702479825122881,-2.45235241273201,-1.17384548704739,-2.51165382374215,-1.99934964773796,-2.3026129268618,6.30077123849383,-2.04271367468036,1.97515928897943,-2.56696394411827,3.40606009037042,5.81479284083118,-1.51428396281076,-1.83108599683806,-4.92980737316176,2.04655877613112,4.99584763963462,-2.25896565210772,-0.711487073035385,-4.22221066797437,1.49746173406693,-3.76005783643009,-0.436620414712984,-2.56206614635249,8.9077930933651,-4.17416820336453,-2.54432218038477,-1.58842187770574,-3.87661591930116,2.34539907867267,0.00311270412040316,0.802285412154908,-2.86060103433257,-3.19575075212836,2.41279872425745,0.616863764894316,-2.74438783459708,-2.88731207071362,2.30199246180692,-1.73487793888732,1.35110488566244,1.17689734644493,-0.324062132165848,-2.60951341269813,6.44617875022222,-0.0727125153593757,1.28889504621467,4.91024771358053,-0.017745711436043
"KLF2",1.69792999346134,1.60976492946089,1.13472883445456,0.721813740278275,0.609951892240821,1.20330137853827,-0.546448258888641,-1.58142953297268,1.51913537867737,2.54628267621908,1.01062463002179,-3.51474712838818,-0.628800095882744,0.737543912914158,-2.58718652040178,-0.21614429722017,-0.842390094034404,1.28127325219219,1.52943729959058,-3.40208631483172,1.32720679274582,-1.47890843587,-0.368320623714655,1.37301063221075,-0.618401230011608,0.618886359322253,0.764135953828391,-1.86392723936655,0.0455477228889225,0.654777123613833,-1.72499166749283,-0.47989189401628,0.168839787698587,-1.93210101130025,1.45086180004671,1.77486335312838,2.91385429562892,-1.9859868406164,1.4878778816422,0.997113408606593,-0.668852884039272,2.79424044758771,-0.0397056462091179,2.15386054200723,-2.38065174378869,-0.357081724823985,0.239376096514761,2.4347673566355,1.338090729204,5.14781232116733,2.08803766478124,0.297581493725274,-2.45615055517815,-1.72163041820648,0.951539677903762,3.79550607276054,-1.84482980998194,-3.0671918274513,-1.3320204551554,-0.341529018247857,-2.36113143750753,-0.158838337508938,-1.9439225081208,0.156314549972209,-0.753710694123412,1.65316088376391,0.536415696762805,-0.389090271718608,-0.559407501150914,0.620822154978741,3.4279557615415
"SMAD4",-1.02182366676176,-6.05377889217987,-2.35547096461762,-2.29096602614383,0.206608020924297,-1.06786570550738,2.56439139604139,-1.30359038649112,-0.53592750702921,0.376283964394507,-1.08754896558918,-0.768794710479686,-1.36023282283757,-1.88240635325194,-1.07246298175459,1.84533993597401,0.747817197966276,-1.15862464999573,1.06028101042918,2.02605554779108,5.37502313238642,0.0103867438437212,-0.658554523398277,-1.27837246027251,1.59233716951504,1.58624307694029,-1.59626306670126,-0.633052110621393,2.62727415335925,0.317463256976336,0.71247159267208,0.0417161329548368,2.60030843853479,1.32392899829903,-1.33858212252503,-1.68952140135621,-2.0606201055654,0.0876011710051368,0.820672311782792,2.26412965472486,1.00594056273012,-0.432749152400966,-0.322154980372994,1.87454580240764,2.52179525229709,-0.23183150604893,0.00420595889517981,0.442029448250021,-1.72430914999682,0.245380649976533,-0.880008220815518,1.99991988532794,-0.273881310419906,3.10332591811589,-1.39938359933895,-0.447990730808463,-1.13875559160568,-0.501393037512128,0.519834265768203,-1.14537325184584,0.308555974111119,-0.162571966536288,0.216367672956445,-0.625234276199354,-0.393978624144985,-1.42276483480447,0.476290531848243,0.943959036975994,-0.346213655401059,0.386753639134023,-0.284499826579094
"BNC2",-0.995612231462247,-1.90114495982295,-2.87239420817375,-1.8698388186813,3.52064228068301,-0.715342828057005,2.32451259364727,-0.968595656519262,-2.24771314387875,-1.23880767413275,-2.423823103861,2.62971266054852,2.11353509299791,-3.69921855983146,2.6879127357189,1.57459874133049,2.10554057665487,0.610602026843094,1.51181840906879,1.27119854727265,6.39591457364767,0.881628438498464,-0.453014422604492,-2.47169438253911,0.0654847427273195,-2.20650199138855,-2.14789943278627,-0.772952926790625,3.70904117153325,-2.9275609106595,1.30369661107688,-0.747583065559848,-0.0473987247358303,3.08978710539585,-2.59609090523022,-2.04462195674482,-2.39461705497166,1.69883149470608,1.6820394486533,-1.97717331281263,-1.37165125841933,-2.5175284134347,1.1864418093444,-1.84434114936649,0.0736708881143065,-1.42925776898543,3.12799703892679,-1.70933734915165,-2.1383548979898,-2.39547688783166,-1.65361072933246,0.634981963591344,0.883178634008241,1.04038458585145,-0.410093207781721,-1.85370536389873,1.7454783716313,0.856426965882743,-1.14267213459335,-1.21877544417907,0.371546201575228,-0.547162702043805,0.668107083333722,2.91915218922238,-0.26343962842499,-1.43130750145081,3.09680646914466,1.04682621590465,2.069439978541,1.83799461024375,-0.853421666375585
"ZNF215",-1.15402103584471,-1.10330158149574,-0.803953193045457,-0.891665065367029,-0.117201687881548,-1.87720224539053,0.15933036051082,-2.35325821501916,-2.37511714063957,-3.92380229171783,0.625630342213835,1.0902908374478,-2.06418175924123,-0.363475285512731,1.27363417146169,1.73447929663791,-0.791557206447557,-0.973018522885933,-0.387658369047864,-0.768452650970724,3.55959830738589,1.70503186443927,0.695286593118461,-1.8699085666854,-0.73036784670096,-2.12936835661431,0.264641113978524,-0.259267953606978,3.79670186161405,-1.72784858410011,2.38975174851413,-4.45947337294828,0.561900391677602,0.0439130215137688,-1.54038871966059,-2.54881939213421,-2.51717719186754,3.834942955641,4.91654484898852,0.0305452243605878,-0.140495063533224,-2.68400517155871,4.5978337026629,0.667479918466599,-0.0992229898335027,1.03382748369031,7.08388218154903,-2.30262763093488,0.268698434386561,-3.31066310406999,-3.01299920095878,-1.41580632256592,2.59926462797385,-0.997308443542976,-2.42162566873934,-5.39155291878639,1.75636076989743,4.023389995603,-0.531582983445333,-3.33888350519497,3.23121965840319,-1.78350123094507,1.99299260880972,0.380505154455042,-3.23770514985884,-1.83171205872066,-0.56844310773558,-0.42554429006801,2.1202696858961,4.89339112575599,0.647222572589964
"ZNF652",9.33419000138602,1.82121275295996,1.6588341568092,2.77418662815849,-2.35390510729483,1.1049587544251,0.0670316970839809,-3.94502832596163,2.15100463327077,-0.150782448603546,7.19431496983182,-2.80276361319858,-2.33169960863851,0.182301797759706,-3.139325613583,-2.96491574920338,-0.593102623136983,0.0288589828926091,-2.15705430477007,-3.85350316554928,-2.05388397086386,-1.24540414050959,3.7391457240075,1.33053731602935,-2.53673865511278,1.97878714714912,3.33580938163575,0.324216756723684,-1.61770581777914,3.20438915334771,-2.40487989182803,4.60070377264302,-2.0347286249159,-2.33545710730236,7.53844198823692,0.297595041665378,10.8074946403781,-3.28877238397111,-1.71006208595129,0.74889196706259,-0.578075700424421,8.00408644242979,-2.00820417002005,7.23793983204948,-2.77850797336958,3.77079954171568,-2.88042988197196,5.33039518866428,2.44043215949613,9.69745695548624,2.21413481021155,-2.785671043151,-2.20931194162593,-3.58738223868559,1.39691337594084,4.54039779419262,-3.09261612166046,-2.78116302297998,3.79012580195627,-3.17896040202089,-4.8445685154064,3.83506863802483,-4.28697441862247,-3.39921899828149,-2.00428133876615,5.35740101367166,-2.88817604025781,-0.568930960792018,-2.31947550556825,-3.82179753196844,5.0853014651282
"ZNF532",-3.84289155600778,-1.63324028538979,0.612591642176404,-0.735926796712282,2.81914803877026,0.0262125168990928,4.10701891975109,1.15572296370155,-0.963997007430313,-0.810770004254426,0.657222826960278,1.01590685974878,0.337198660818678,0.531303554926277,0.664869752582969,3.72705280489035,0.384586488694677,3.55840163054029,0.212371270643941,3.65353548219874,1.29372384515659,-0.693784447494455,-2.23540037795509,-1.39864599583151,0.818458929937252,-1.98501558377173,-4.38308385377063,-1.44070199280141,0.655085046159628,-2.41634278643527,-3.38442064605643,1.08700601823592,3.89386443695424,3.59243485805888,-1.44888484900636,-0.590192121184721,-0.87112006820402,1.24541542506482,2.60764562513451,-0.227450829452286,0.200491827219847,-0.498745988939534,2.71713673857475,-1.0380786218347,-1.28916826458872,-1.56979988839432,2.07613170478297,-0.755619641659261,-1.61297910435029,-0.0476349776938616,-2.22766627672232,3.03893327859034,0.404093401573381,0.250472723689597,-2.6990199484296,-0.600784617533859,-0.0237115197352342,-2.06956518932515,-2.95052499664469,-0.747765445898638,3.16743540110969,-2.08207415466933,-0.211965275539033,0.0564958432487244,0.899157790928907,-2.79480377207573,2.57193892320279,0.811420755842046,-0.540220224601581,-1.58407127727714,-0.175072201673516
"HABP4",-1.018886184266,-4.04037646532144,-2.36525082397931,-2.56508269728036,-2.36157582285389,-3.37679175977702,1.46565735402269,-0.737508136045084,-1.67267077034326,-2.7842475512304,-2.34814310681989,1.10689132558407,5.39764251321519,-0.615266031774732,1.87238456730816,0.778644515229486,-2.33270906888165,-0.115002837821562,-3.4226496432285,-1.29280292525953,6.66775693354232,1.59187367387458,-2.83642675766895,-2.91613494037301,-2.55602413422007,-1.12818340790813,-0.0374293619578318,-0.359140522205914,4.99917453586078,-2.51574560330415,1.34353494376696,-1.79549771660473,-1.02482910551618,3.25887683044875,-4.092250234818,-2.37807667113722,-1.45076483997853,0.925961668381424,2.74908656365938,-1.06208119889841,-0.761134778137164,-3.488657624368,7.40950698315868,-1.8402604693356,-2.40005861194346,-2.32513134284591,7.95363214021391,-1.62950209799841,-1.51478293913532,-1.75416149297513,-1.9058726589381,-0.85304325342033,0.267993771921701,2.5870591787671,0.162337973075853,-1.15466299716982,0.756454253557568,-0.185635583030958,-0.367105523983639,-0.20452795680973,2.04687201893768,-0.934051022898073,-0.734711006529162,8.06439149255549,-0.927058271994016,-4.52196374940237,6.21387476995895,-1.90780070979986,2.10368010671625,4.33875092488809,1.37375361226034
"TBX1",0.093063040427164,-2.97151312139376,-1.44131015873299,-2.91683584682977,1.62311820566473,1.73804721083677,-0.195245842903585,-3.24942012730196,-2.91183858410733,1.71577386669533,-2.48970542302797,-0.853116191815398,0.278219120233652,-2.19881868567373,-2.04492877976115,0.320742382582076,1.99089083049517,2.19719087326929,2.35905912012455,0.782855767847854,-1.85929808783697,-0.610838595145865,0.862167064463817,1.53071361790134,-2.81121037064576,-0.481676537353316,1.30015481139832,-0.440656112001581,-0.102364787563161,0.397181433030807,-1.58871799434966,1.15014073975464,1.19826479200151,2.21615884222874,-1.98364097219653,-2.29691451588856,-2.35235750090094,0.32508142833906,1.24725409158872,-1.11534372524106,-3.24833527434124,-1.22781521275555,-1.1624181747317,0.587119995195878,2.11194145680187,0.173693940358531,-0.141043119347547,-0.274471491857227,-1.47577854838576,-2.35679908557174,0.796278723522758,3.59245006536449,2.35565878484582,1.034300840117,1.69275294613713,1.73001899490079,2.38308351698332,2.17594684031449,-1.76842067461533,0.310637396626169,0.186040870524612,-0.0899477136153598,-1.92367430980528,-1.35677646859394,-0.633906564197289,0.839230883620098,-0.234439427803803,0.934033132086788,-3.11427765521576,-0.633016318475492,0.930589197836101
"SIX2",-0.0938756804911968,1.76490721927023,-1.82363590222506,0.851630001051671,1.17728035464172,1.57098469561013,-0.118450519536659,-1.92806035084046,0.779488604065178,4.74600389599706,1.55261692323127,-3.12652695176287,-2.48510332902997,-2.57294190692211,-2.72469845709169,0.556692021092046,2.92894048594098,1.36516042001724,1.29467431113827,-1.42988946253294,-2.24537525311653,-1.82856832819797,2.42674159721076,-0.847830899884319,-2.74922656373589,0.619728031344009,1.54863538584128,0.0970709407056556,-1.3089424039423,1.0157973395767,-2.87595666408911,1.80256957551809,0.527486344727326,-0.504693588487363,2.07023259799541,2.68902254375978,1.60441384293905,-2.32540592716466,-0.204930104766865,4.16357812081459,-3.7088047282635,3.03315493379949,-2.64151173545936,2.35228145236985,1.79526017127456,-1.11019141886142,-2.68349719801538,3.84097345051772,0.258308370204408,4.67972322872898,1.10071019320788,-0.461409753931799,-1.09174507434117,-1.34805333698404,1.12406590697117,0.582633833059385,-0.293916000309326,-0.880076180789948,-0.102982307479978,-1.34647557432921,-4.78746656738327,1.9774586322349,-1.89526221516253,-0.968149552015717,-2.7775699617492,1.16265390623691,-1.05673766776213,1.45352603038622,-2.57724769423408,-2.38688785104102,2.50116747665734
"ZNF704",3.49020625247559,3.44062538563999,4.88341773192721,0.608567167945029,-1.67132567916255,2.81421798667794,0.515684097075444,0.908038675722449,-0.120213227932918,0.0052247228702092,2.38475638888793,0.565685099422704,-0.929636647031129,5.6641759779933,-1.67357032240964,-3.00468251868072,0.225627338034954,1.47006627250175,-0.590065299448088,-1.51975958818979,-2.935068698494,-0.0611720117814717,0.849667350797244,0.49326217989033,-0.794812847820594,1.1338421868746,2.15242260516097,0.268183384054939,-3.88750138762761,1.87758178871142,-1.04627223511063,2.10448865926147,-0.620826095341187,-2.49801716825095,2.37266999169581,0.098378451003115,2.1503068962807,-2.19723201050019,-1.83218887233052,0.587275022492753,2.32063786931572,2.77645040030607,-3.12366109247353,-0.561522266479822,0.267185847695688,0.187339376226399,-2.01890451923403,1.71199810270435,2.40607208800718,0.56465343067096,0.971459785062654,-1.85149336610223,-1.3368040178777,-2.15386934179948,0.809899676895806,2.77093331668503,-3.10398362580617,-1.89039737151488,2.17370580521172,0.118865551023074,-1.98791206097889,2.7802149130921,-1.53284027782617,-3.44069490580013,-1.27385485851452,2.20309028822984,-3.24503417570706,-0.602849544445552,-1.02914183859578,-2.58724600703827,0.180209053514316
"NPAS2",-1.43194758953071,-2.53310892226717,-2.45894278825031,-0.52564448925647,-2.12076134571744,-1.73184802428906,-0.356237388599986,0.280781663345782,-1.80439007739633,-2.21002454165775,-2.4095013540318,1.80771277339802,-0.565238281944868,-0.701872078867271,1.40230900768011,-0.0453225176928357,-0.356260387321458,0.344179427550868,0.456994140758833,2.21144217319199,3.8849086955151,1.80242308885256,-0.36777840044275,0.176472549189762,2.97224249717358,-0.911380797153924,-1.26019593055047,0.172282704167525,1.77924062025161,-0.676727914718807,3.35697903140553,-1.29797905469648,-0.375657029411275,0.261131060786129,0.189404339912762,-1.94417608853228,-1.59689575594717,0.716828537078134,2.08453815046943,-2.57368848253243,2.3667948381131,-2.84850751252965,2.11735249289481,-2.78633317608951,-1.06741289643184,1.17404448031874,1.65177555396998,-1.28495309190401,0.652307018846704,-2.59966917747551,-2.29364309833778,2.60957908331783,0.571849553110839,4.3799284141789,-3.20743697161475,-1.96016581203703,0.498272463698938,1.31153319870836,-1.97028273495716,0.150377056324944,5.43120796639587,-2.82708734555479,4.06695715861641,-0.586328216478982,0.872495386385916,-1.72526128605566,-0.244348350311029,-0.780690870149208,2.39565309702642,1.07153783266746,-1.88149024788733
"PRRX2",-1.13661558052478,-1.12398604483708,-1.005973614391,-2.39062405054085,2.17616255650869,-1.40991248774368,3.46298200340195,0.948104798032657,-0.521431463356438,0.388103907781252,-1.90588251965067,0.16635374092451,1.42454538773388,-2.87870291660569,0.680660338441302,3.34278319337994,-1.18389262490692,0.689468187311376,-1.02545714644787,1.49880873960261,5.45410344613997,-0.481172750781515,-0.183107478083123,-1.3320252683613,-0.0276779094164481,-1.29112212565178,-0.574092063122672,-1.59000730317351,2.62089887550305,-3.08385801877537,0.344448626332903,0.47211814369915,2.42473879274977,6.00866882309981,-3.18532004670305,-0.912931620879664,-1.98955723439206,-0.0901820705505313,0.364925375850865,-1.75785078879634,-2.4837999873933,-1.39211133920829,1.11974203336929,-0.953107461555223,2.08230949309246,-2.14089420580985,-0.038357775513479,-1.61033984764593,-1.41165849535502,-1.03262877604305,-1.72465458156576,0.844446265221009,1.32958939135839,0.728930068066874,-0.957929558186961,-1.72277085564799,-0.386633698807739,1.00953170511265,-2.92865413814742,-1.65619346980683,1.70643795825562,-1.72866758784623,0.572404548707271,-1.1607634122363,-0.82826641687692,-1.89474489397816,4.67008865032786,-0.108716338988144,-0.0431825533980301,0.612896103729515,-0.73360805069215
"MSANTD3",-2.32479213830275,-3.6827726111818,-2.45370589376949,-2.07235250191549,1.50227066527349,-3.58173759931978,1.38088908709319,-1.23027767370143,-1.78440022359713,-2.42459446187052,-2.43860159525272,0.0840229153543652,-0.193740455079132,-2.12884946605024,-0.276277862345101,-0.245540597162979,-0.00255378396874511,2.03896374115614,-0.81533101976442,2.50599937546427,5.4642935345308,-1.13085887004787,-2.04749047320651,-3.20088737522769,-1.93915963223968,-1.50711634489576,-2.01598406687257,-1.27382352569623,4.09705682129626,-3.38718120359221,-1.03932572488214,-1.47324465737122,2.11790394583984,4.10187142519559,-3.6679071378699,-1.56247614768366,-1.62510973835078,0.70447856691154,2.08440913995936,-1.6883266762115,-1.14614941238137,-2.92524811993368,3.94462714829497,-0.445903291517224,-0.0176568600032041,-3.11325853832366,4.17192295940917,-1.58745970461606,-3.84630978243035,-1.77426023822959,-3.23873794053499,1.11874682295997,-0.909580499961516,3.78430938274099,-1.5294515492482,-1.8976927798886,2.67453994389019,1.083639307353,-0.248895241892198,-0.525060612221676,-0.00307313276152599,-1.5474798524366,-0.860276102065694,1.69851559903035,-2.17999561610995,-1.7826810293646,4.50261883876858,0.570227612801854,-1.14435119452581,2.63074007299082,0.231977818794973
"ZBTB7C",5.83809143269388,-0.0807798666366425,-0.185479769310557,-0.945639546221855,-2.09532114915402,2.46776099133601,-0.732358727767385,-0.755705027840381,0.503279229404128,-1.56098245208675,2.69249944623746,-1.8313346942026,-2.33713099897954,-0.689748114193639,-1.86027359424012,-2.30230380935062,0.127110344983694,2.22390100546717,1.92802463494997,-1.42420892000201,-3.41595393728658,-3.64544295750033,2.58334301827409,3.9108096993884,1.99943587124357,1.38995158835846,0.553241694521761,-0.550002451671771,-1.99465808739012,3.12906678230431,-1.63684590961154,-0.539078466308377,1.12781947788875,-1.77677958501312,0.736673365334063,-0.127481951494908,2.97361030250842,-3.59981417626671,-2.01330985968867,3.15340061803435,-0.601655384724753,2.41925517703969,-2.84099568768211,3.01691944004181,0.64135097619242,1.93256204363468,-1.95691423686683,0.143576353359705,2.04638426018946,4.98898615276151,-0.652425048862533,-0.275882798385098,-0.223371523353196,-0.540270483150146,4.40686883848475,-1.69666730572599,-1.84247596272,-0.260802292302238,2.31434291577054,-1.24481644755715,-2.58982732330515,0.909193434812852,-2.34801074284287,-2.23752776435811,0.138771393204354,0.047565750570337,-0.862906654409763,-0.179613873527283,-0.818774896515376,-1.95010537301626,3.42560905791378
"PICALM",-2.33562941919016,-2.58344655036347,-1.83939870877459,-2.65772682901688,4.15026459615628,-1.48257387882567,2.0972000196735,0.66558517485075,-0.615654698205695,-2.91884538221477,-1.19624642465054,1.48740154808049,2.73822959941949,-1.80745746408089,3.34407395715275,2.6367919054502,0.158580802344713,-0.649919287261186,-1.65467630143745,0.753479852126961,9.09604713264772,2.03216939051952,-1.57014608993221,-1.35985873296644,-0.161398705449159,-1.36750839462218,-3.03705307217014,0.450354188243592,4.66330183295938,-2.05761660784524,0.649247012420219,-2.86713324938352,0.130134682463146,1.88924807305036,-2.73127349060734,-1.34699580329545,-2.68819461685468,1.7556305814634,2.39130773184597,-1.61516153306105,0.266016595105966,-2.55457857843007,4.72551249738425,-0.988363533342748,-1.39723635564075,-2.29801829024174,5.73700230189822,-2.02331208795104,-2.7575703625067,-1.42583818407151,-1.19918676215532,0.635565341409192,1.47033036265115,1.83260295337165,-0.794160831474296,2.3469244546188,0.927257617717633,1.21479701561289,-1.98742019698957,4.7404494910215,2.08285738392603,-2.02353770518581,1.43873004235648,8.11724731873754,0.778855696069437,-2.02942593192982,4.49840735226463,0.173966426397488,3.39366449519928,3.21388369886889,-0.4680885324119
"ZNF750",3.65159497180241,2.84201531218642,4.10461442535047,4.24975104160377,-2.05270111116207,2.91935956369679,-1.86124115144137,-0.139048655590142,1.55620262601872,1.48754098451936,3.60848551531688,-2.00753317445852,-2.47409443738861,5.07317363938639,-1.48365749788108,-5.46612181077278,-2.97453268406969,-1.12200003277025,-0.545813220021312,-1.77425558416056,-2.98136128922148,-0.0388460460903964,1.71114982195121,2.57800201816956,-0.100001017109032,0.115227979463464,2.02127102900815,2.9414522520203,-4.13813837125956,1.33850790008757,-1.77738457427228,2.68482378339444,-2.69657529921202,-3.63657853977266,2.80415200690123,1.71694151242356,2.14450410264548,-2.96709120964389,-2.58736740310667,-0.107903841636002,-0.0420424347950238,1.8260323209901,-4.29111497183853,-0.49712979704553,0.272611487474321,2.01318840188292,-2.94025483598047,0.258763740557152,4.1989525477112,0.162639401336123,0.557782594239098,-0.955625765160829,-0.297814934924134,-2.48297872245759,0.326251904983651,-2.03887457087059,-3.03853520187805,1.32073218609952,1.40660779119166,0.960663537520629,-0.0822386034579656,0.669985163478045,-0.480630668004221,-3.63961098123111,1.0345730258446,1.77164660999093,-2.64323786326165,-1.3673048864577,-1.09669447482387,-2.5799145184807,-0.340802501710597
"PRAME",0.970511852251364,0.360849310565638,-0.526258937330193,-0.540660082118869,0.471634278576352,-0.714367611881289,-0.195028550689468,-0.407496802687358,-0.263126111106402,-1.93495388073364,-0.932780999401454,-0.671163155283843,-1.34202860176139,0.410520700862557,1.57709112923852,1.21994124277149,1.41582226581193,0.349438403562563,1.65148991316635,2.07697338926123,-0.00626265579311065,-1.68453667262169,0.0227705290203648,1.33407137685929,1.91758170381331,-1.2524371309624,-0.378148353336271,-0.418446237480914,-0.69268667300878,0.413100283193896,1.64022359863812,-0.40213128696591,1.55921835127073,-1.51296516644884,-0.1680237908601,-0.185790628437512,-0.304058282101923,-0.217195985222231,0.711870693183835,-1.82048935462469,2.6274096951344,-1.74374975020264,-2.21058958254113,-0.442929332198533,0.93842655954467,0.750684805005219,1.16159096179038,-1.99330368650841,2.17103578515407,-0.240030155293792,-0.430232428020915,0.733499347410292,-1.13415814787836,2.02896457158956,-0.674306101523599,-0.888593612017066,-1.30252081428037,0.0862641546083879,-0.397604321911064,2.32440748560589,-0.513502030593728,-2.44166693725255,0.428061755335267,-1.59953105096294,-0.728207716114592,0.624221193576704,0.936048485272511,1.4253720491113,-0.218970940666632,-1.35357727546867,0.821482225357592
"POU2F3",1.09579063316601,3.64606194069559,2.80919066555761,2.80645104212619,-1.37623717508474,3.09075233533324,-2.57817195390378,0.0643623709377573,2.09270628130105,0.972941300959177,4.72310673206707,-1.2479294866407,-2.07548597069395,3.51442676148112,-1.18123397563585,-2.74168332327557,-0.295005261579963,0.00803009594723131,1.6231732670534,-2.47084334089014,-3.37603940195775,-0.418260267268185,0.304538425424708,0.287149148251881,2.64553609456208,1.39694962584611,1.35529549125418,0.286306910004776,-2.74824681267307,0.820796264471948,-1.92156511962255,1.27564320508476,-1.36888922538481,-2.32736881260678,1.47041836864412,1.6284495895085,-1.38749098639527,-1.57792367853464,-1.79381567766555,-0.345525751602245,2.27269900292329,0.119450980462437,-2.5735909368525,1.04718485652945,0.269509128508539,2.69212551410468,-3.87130217117064,1.70488340016805,1.03386045795426,3.96061985951665,2.49385814521501,-0.20395701195817,-1.76914260755357,-1.87635865136923,-1.3346954589904,5.17979881464659,-1.99281036117457,-1.47259913643916,1.02308140733769,1.64309836325164,-1.99101169319627,-1.31614165842985,-1.16591473700897,-1.89170820044345,4.13747483897608,4.61124862105592,-2.854284635484,-0.0600477351729629,-0.469046579179481,-3.51699078786929,0.913000500265447
"EGLN3",2.87674150275452,0.525669442245363,2.10350309320946,4.32437010857734,-1.5130329304492,-0.957472244085927,-1.52370559559227,0.866617247584563,0.590599486451641,-0.361828299851116,6.11070985956269,-0.925390327375984,-1.97968665825012,1.32273371054814,-0.638370168386125,-1.69950651450509,0.0277043560249367,-1.05802486313524,1.59630149236703,-0.457622304922937,-4.14354092765051,-2.97977198457771,1.45358034134988,4.18488017908725,3.45294296161275,-0.851503843224499,2.0200156823323,-0.466233879629833,-4.5809068350521,1.76537087634398,-1.37707520342356,0.801700946179979,-0.375520396926947,-4.36431819961623,3.99890367397836,1.47560023782217,1.15536480527753,-1.6738612980605,-2.10029160561332,1.89675660042886,3.89716423548306,4.44083439138886,-2.71819886181373,1.38057190645502,0.906890576219627,1.83783813630287,-2.73377703558713,2.33084350538255,2.65232548990311,4.28213475247097,-1.12492197324732,-1.81340052330965,-2.01446250171436,-1.15682634959058,-0.514060583780854,-1.28932469809314,-0.798917081337384,-3.37759164972891,2.12641615205936,1.04429796973778,-1.36606539818994,0.946866971705256,-1.61176409799525,-1.96532630707723,2.4771527654119,1.94807182399944,-4.1710085754915,-1.04745780328058,0.308211794307194,-1.04977351418625,1.04620035811046
"ZNF682",2.11590091824241,-0.264809124747393,0.707463611021996,-2.3314545816062,1.06820197384547,-0.46487495477848,0.897874920475149,-0.915589845755913,-1.88171381342867,0.564344304328548,2.19561082641712,-0.164523047790831,-0.341762696836124,-1.75170747977918,-1.53563922518416,-0.14147982214738,2.94780876341133,1.48378143770674,2.80021680221231,-2.63320898139883,-1.78120357045521,-2.60099383346585,-0.29429697719489,-0.925886318602409,-1.90177567813192,-0.26708491845707,2.06441066084489,-2.57668826685441,1.09478580752481,0.708111250143448,-1.50069627530916,1.10899516056797,0.692390250752458,0.478516905135919,-0.0820062037587796,-0.0676568290039117,1.3473187673506,-2.03423076791598,-0.421280941376711,7.72653014234802,-2.76915524006858,1.48117610944986,-1.45414299645439,3.19985797861292,2.26931091983163,-0.467351263107639,-2.74213383633118,4.72825176709337,-0.995806297358326,0.41225740785617,1.94888375413066,0.426665208704088,-0.399220204963348,-2.77719305764899,3.63525803755529,0.651516510016351,1.49535890476112,-0.233676735274216,0.315255923156805,-1.49076810957614,-4.34961782729578,1.70219783626917,-3.31685132250215,0.983927884300893,-1.46887915416454,0.497981614075318,-0.828494809527216,1.12911038298994,-1.54802008865788,0.122066385215352,-0.913066078283557
"ARRB1",3.88223997700063,0.396837449719328,2.04430207625097,3.31730239012276,-3.07871599001828,0.737503733548628,-0.896409037539575,-1.62410574847763,1.68548539269511,0.881355854905253,1.48606376885268,-2.9036471005476,-1.38381600712889,2.05924250330841,-3.56693771199847,-4.00796468958165,0.896273392354852,-1.64249654950173,2.16222022486595,-3.10951662769648,-2.65667356714999,-0.346791114292492,1.1185053808496,0.792921324014107,-2.73520297951598,1.83710686244046,0.763324188567838,1.71360754849392,-3.0105774991737,0.798922109436705,-2.13658354901461,0.892242652580869,-0.523569408069536,-3.27137049645471,3.22115695875545,2.03494842262166,4.30082330349482,-3.77532105347281,1.39378935761883,3.62135323404881,-0.425735554334077,4.72150515581442,-1.50364810032934,5.68240552192834,0.577868867422091,1.73325448677427,-3.34196405322741,4.8134015380193,5.262935618705,2.00235690930187,5.62237432743715,-0.819363671164157,-3.16986529728569,-1.84005975063537,3.33449114448165,3.05133293508756,-2.10208908308068,-1.69097381186441,0.960745866310357,-1.08070049547879,-3.24069034403266,0.681513539155437,-3.06985472094448,-2.19170912839924,-1.31945410348553,-0.286651608471141,-2.44039680395107,0.940855874934581,-3.37821349913421,-1.37027077738378,-0.807915027801349
"GLI2",-1.53430490709286,-3.27803880610554,-2.16420493445923,-2.11039591005553,2.00752943461965,-4.38144762215339,7.71509417639698,0.873815449726091,-1.66363828327195,-3.23133807537213,-2.29579753478587,2.14839220885492,3.39036071165369,-1.81581365426555,1.12477374695413,2.80372133390187,-0.513274734813588,-1.94518866213838,-0.451062906332085,1.78830933310139,8.33940411320907,-0.560668877808385,-3.46048632938,-0.416852266374288,0.242323098337316,-4.46241624231868,-4.00320921645178,-3.19587313470517,5.80598768027059,-2.21852453048372,0.285374538887659,-3.4641981483789,1.16128292881028,7.62323989734926,-3.33567155548225,-1.69183375573938,-3.48127244469613,2.38868470845744,4.42163069707285,-1.4931211064339,-0.658843781829564,-3.38270927554153,5.99591405141639,-1.72586470279185,-0.119818706541714,-2.08397995319364,3.76871518996398,-1.89378578097442,-1.5258366648854,-1.59043272435484,-1.1894794411307,3.48009484838382,3.01647008267305,2.54327151442722,-2.39576313150665,-2.4496420346158,0.792962398085109,-0.879532726857883,-3.15185769595434,1.22607348718374,2.49577553382654,-1.96176601044376,1.5725711348849,3.33714411295094,-0.877268368461966,-2.46235019010714,4.06230046750214,0.860754146477227,0.807010094800673,3.93413490649885,-1.83698112987205
"FOXO6",0.620959223731194,1.16270671318558,2.40871562881784,1.54075783052026,1.96242043119155,0.615515645518798,0.440451778330855,-2.29548085335071,-0.410043000410423,-1.5155423694356,1.18176715625014,-0.805735797928603,-1.37638289986808,2.3099710220791,0.751002165065984,0.0261943543997156,-0.0227938962804714,-0.660378605150054,-1.44350481831926,-2.29371740643873,-3.19820545221951,-0.105142374848168,0.767874877002066,1.62139172951843,1.19204944077861,-0.0251826138439811,1.35142368353317,0.129950999241567,-0.76745151846194,0.420407962187019,0.676931423932323,0.25538049730312,0.830116771897344,-2.42983919134422,0.174871964039431,-0.772129536107872,0.228284290861556,-0.678345783071796,-0.483308048094258,1.58266960786158,1.98052739066065,0.791982267707237,-2.27531643062799,1.77376304831923,-0.75814579695599,1.80280897033687,-2.07512192711983,-0.152888758164545,0.0983347284980337,1.22546363934557,-0.134708088480325,-1.1565262248782,-2.30218601521016,-1.09057403439648,0.146906656541533,0.774545807917849,-1.34983372942408,0.896770913512058,-0.0665857927246791,0.0668511493709855,0.0446411237618033,-0.145382737194554,-0.130326045629983,-0.43594355093319,0.876914616063888,0.437739450437763,-2.16116165755414,0.101192307088347,1.93832168944937,-2.63338396039954,-1.39432285412853
"MAPK12",-1.65215027217631,-2.41912344219252,-1.58511624801938,-1.36628659484713,0.924432971019454,-1.02941113376084,1.03236386510018,-1.55950988819431,0.661398342559168,0.979666153196764,-1.38608812343422,-0.267104774190985,-1.03692637636719,-1.4922634674798,-0.965355183496913,1.40587082051016,1.75786607099956,2.63394859466777,-0.491366916036605,2.34750318309375,1.91726868603778,-0.444294226908788,-2.29109650804647,-1.35267641289313,-1.68952368871862,-0.908821293088759,-1.47593762328173,-1.40436884361221,3.59978464112446,-2.0301935312889,0.206767161097931,-0.264795292444148,-0.846126388145604,0.247441794493618,-0.964005799108702,1.15011324079001,-4.34021482432447,1.95866662352209,3.64674315568451,-2.55952760790088,-2.54812751749198,-1.77716935694637,-1.81973154662141,1.67269883163757,0.184519195787716,-1.2625275168088,2.10824752803536,-0.0484605146212591,-1.19082268762314,-2.30633474556948,-0.788300533607499,1.36202396427648,0.0796597223281449,2.38907021702667,0.661473949766381,-2.94032002290198,1.71955280925771,1.14216563917387,-1.98773157673113,-0.789598568849474,4.26116066903142,-1.32930345212358,2.18305683901252,-0.0269916591876585,-1.79887847800772,-0.46248530257462,3.00603561628027,1.14256156523051,-0.870794327897879,2.06906839549328,-4.21638450202818
"KANK1",-0.289715713401742,-0.203665204468844,0.53479486365529,-1.39631259863545,1.83668598299878,-2.75882886920743,0.830279372005389,1.41946354943524,-2.90962827439018,0.903675260759749,-1.27347553322357,-0.0937137600346675,-0.829010541276161,0.823014548075685,0.071519948025009,1.51789314445209,4.28376158925076,1.25936548856842,3.01144087576084,1.04833087677488,4.03784119915736,-0.812690514560227,-0.121959936272593,0.551845728864908,2.25283446845649,-1.92138290316065,0.41471678433393,-0.327671431817224,1.49025407538412,0.185840094493043,-1.9601446850788,-0.443002312552174,2.39638316762662,1.65875995747028,-0.831423661586093,-2.71537008728783,-1.31392788936207,-1.41998770255328,-0.706859604453095,0.105348738544953,1.63096221875727,-1.64884617148257,-0.512913133873802,-1.86268949701351,0.735704354477578,-1.83083408898356,0.150499125258989,-2.38073253678164,-1.27076450664114,-0.52326842457315,-2.78602059759639,3.20985409065489,1.17024765124905,3.90429248972761,-0.471664924741505,-1.5335776580613,-0.44925172962988,-0.639215813611646,-0.800866161579931,0.56081660726193,-0.480124182376021,-0.485517155901993,-0.605672367449699,-0.236411785664204,1.66249183737712,-2.08839137574874,1.19988027220266,2.69397213679442,-0.710816066279413,0.0512458374363108,-1.84436501637938
"SP6",1.03517838206353,0.77791383109329,2.69283900574357,2.16276805270582,-1.32616160471112,0.104878467911205,-0.902463238339337,2.44091461175059,-0.895568499263237,-1.15172985181728,1.82011136968045,0.283817443043043,1.10005196823353,2.98858683929212,0.348961066077333,-0.773514133527222,-1.01735361766159,0.64884734981598,1.63059949859494,-0.54940257759274,-3.53769225924741,1.19873268356405,0.372376421691051,0.0333172547157377,1.63634243893627,-0.47631614472276,1.29107184900973,1.8231276615432,-1.29402604600791,-1.1152493164569,-1.12194537572967,-1.0664518569081,-0.174946874908638,-2.7964792594368,2.63495475975574,-0.0641530088799024,0.478665177154428,-1.29260776597667,-2.02759127244477,2.01872991105558,1.84058277125636,-1.33164244209328,-2.22161184217816,-1.81124965728695,1.21010877818493,1.44713327476371,-3.9397498810535,-0.521487822594895,4.79146902189975,1.88253865138763,-1.36157234745742,-1.79951900887945,0.286770104899883,-0.750429257512183,-1.16154675155235,-1.58828037033891,-1.85315632771081,1.78436643227239,0.429072760302787,1.0351177431216,0.788185895087777,0.576538305582183,-1.04927744957885,0.392296462776131,2.87139228646822,1.24805745730426,-2.09213541877087,-1.34494871399517,0.580043797870595,-2.4650927278891,-0.868731324347319
"NFE2L1",-1.21957569187825,-1.59494944149063,-4.60767188991407,-0.722644301572644,4.26159103831894,-0.493741744122791,0.317984881274429,-1.63753414825043,-3.34330149673795,-2.30060841341272,-3.73779640346305,1.11127947277494,0.507983828728605,-4.44737789251553,2.49659690234157,1.18837069308895,-0.00373462253751866,-1.38162238567657,-0.73425414727151,2.83653343560012,4.79620375088327,1.08032600977723,1.08189414067302,1.01122407984486,-0.0545306867296725,0.238074154841251,-0.78010706324713,-2.82012743330642,0.039845524317872,-1.78658005857398,1.78860937515911,0.694381416241429,-0.517616477156238,0.625162670780553,-2.37225317912842,-2.24458484983554,-1.59016874879236,2.96511017043648,-1.4182142654444,-4.56178752582169,-0.426094543424994,-1.97728001322652,2.21433183700201,-2.21022309368604,0.68882174581654,0.513479135600266,-0.561566220171854,-2.08896473529098,1.47427376493331,-4.66736101285282,-1.96766378978718,0.150221652689559,2.61002323357451,0.16027789477414,-0.226381253373593,-1.8971662352125,-0.419963311819707,3.67105396054825,-0.534199991885259,-0.955207675898968,5.52512854611549,-0.833160497751336,3.9236617268022,0.3940331144861,-0.607994670794157,-2.28790258106931,-0.458026516891879,-1.4154142441853,1.97881105706584,-0.652960491830895,2.99022017891967
"S100A1",4.64537664206826,1.01718081512545,0.536206342118153,-0.83392825430117,-1.29627828535597,7.43221138212714,-1.02866329789886,-3.56625221187057,-1.05365043081412,1.85585017479992,1.81868603857915,-1.79849978979696,-2.26505592124528,0.350135060340937,-1.73319828547065,-3.43403369060089,0.418129638288417,-0.0404134801059927,0.392540090925921,-1.8833557315639,-3.1897890664494,-0.492800079467238,2.58529144433157,2.85309724276062,-3.62569922630912,3.75404017176658,1.90396181276701,0.440499833365838,-4.28672236697026,2.18095971760581,-0.287159171422337,3.49606387239347,-0.236964050336113,-4.69595138135686,3.01562244513544,1.17542114700843,2.66593949085789,-0.0579249835786189,-2.4913464805341,3.32484108134085,-2.0777539145313,-0.354750987652953,-5.00609289463455,-0.384834449645437,3.03400844541008,2.81955043711157,-1.91279063896395,1.35737404107632,5.15225460682752,0.471753826114819,1.78969124644605,-1.29753622910307,0.787239356280409,-2.99791617136389,1.56955512870609,1.55134757054712,-2.07627819767276,0.949571201244707,2.10339153876747,-4.77736094392228,0.619207452434912,-0.169287492345217,-0.710595040604816,-4.14131548722102,-2.78857522632624,0.971584489838933,-4.80349748332227,-0.659903447971166,-1.93043309810456,-0.351012827039344,0.0560651099301084
"BHLHE40",1.44778319035781,-0.663776925587197,-1.22004136415607,-2.42654886054671,-0.328302098600788,3.47275295610951,-1.8875698944538,-3.21708572924151,0.640762259771845,-1.09932885593604,0.654708752622257,-2.12653462279604,-2.24735082954653,-1.70690344049412,-0.467195959515435,0.930674545679174,1.00323718462738,-0.991770746437509,-0.560171171146278,0.277101826509797,-2.02302230798317,-0.486135504691234,0.204547395955514,-2.25356463388378,1.89355287752592,5.12207095533329,0.0194966519194359,-1.20501506771851,-0.845175213725026,0.835062827296091,2.18894684784333,3.98374627074772,-3.14979419951545,-3.61038193144855,3.91229194813224,1.02308597787783,2.11158661143363,0.0246399923924898,-0.0566508914988495,-1.2156078454321,1.8198144269266,-1.04734371015711,-3.1936488767526,2.88281426293312,-0.562552966755237,0.559819699230214,-2.08536072853451,1.15739099455527,0.288474797128216,1.61507415447588,3.05026766623013,-1.21015490535859,-2.37055419918418,-0.419921245186074,2.79240229036075,0.305538287479021,0.185676675677561,-0.805032285816013,2.15180547076252,-1.25386214472274,-0.340254843801634,-0.198015432039643,1.92276981484664,-2.07667699909261,-1.55190546146941,3.38574174372193,-2.00406981335515,-0.376993363542458,0.326772188394721,-0.188441587743268,-1.76831919110086
"MAFB",-1.17631516378538,-0.179008402131435,0.340934047726692,0.43598471455533,-0.529816454135978,0.591764137058427,-2.71531598980918,0.106728814368424,0.596044239263824,-0.0748390640181872,0.286425709332887,-3.18256307152606,-0.310117911863099,-0.784026185849294,-2.3369089372098,-1.43604681429894,-0.255263180763569,1.77849731950588,-0.674620688318318,2.2776166281002,-4.89016693363304,-0.258917545706429,-0.763797025176282,0.528993021737435,5.61448466961057,0.373036047797245,1.62804783031581,1.40118243260532,-2.23589291580816,1.04852578462165,-0.594232255778464,-2.23513647242974,2.60907002767096,-1.12637649734136,2.22296685753332,-0.1171498364694,-1.08289651916671,-0.709103795678307,-1.36016119464606,3.43009022251508,3.12304675677754,2.76391621723965,-3.14376023232075,2.77646381603634,-0.24372181989945,3.091796748894,-2.26783584653304,3.49922097456937,0.578824240637972,4.66044057777802,-0.24280981325694,-0.913370034434164,-2.11975004953213,0.383912899864134,0.0108911260152025,0.917278200832265,-0.704584008056177,-0.589522881545126,0.114475393392035,3.08769341365871,-2.54655919747203,1.92342135125237,-1.21133266867895,-2.92255614931253,1.9875657025576,-0.160712217061276,-1.06111521868861,0.788217191443349,0.275037191053847,-2.8735216434562,-1.2077407640613
"MLXIPL",0.438886528325914,-2.6316958814516,0.00498658136484063,1.82394246627921,-0.998521320377907,4.17975275168755,0.365294771216253,-1.49616692397029,3.69234373983081,0.893579219470159,-2.04744409397412,0.000585093260857954,-0.59853673013615,0.322404332974412,-1.76294942121227,-1.68130521032992,-3.61861681393608,-0.225322241142601,-1.16878089367763,-0.403750393560459,-2.9495659608535,-0.0661032888851927,0.40463567475457,-0.987154267329809,-2.03193414607198,3.42852426366839,-1.32193401641509,-0.440646043894827,-0.986320834298677,-1.11067215295799,-1.27200288188746,3.62128183824093,0.552174329874394,-1.74894008977933,0.714819918447602,3.22662708485539,0.169779149298063,-3.37621562969966,-2.25815313633174,0.822939258783974,-2.3712849825206,-1.86186055319917,-1.24053968652816,2.39798331872219,-1.34721358804518,0.330118694877326,-0.871848043050861,-1.01292710674046,2.88541644823672,-1.23798983063557,2.34265531940934,0.492941115458643,0.83644892915088,-0.762672769459673,3.08361369393522,3.32593448709628,-1.88600131326471,-0.790947059569995,0.188196780875186,-0.527791871849858,-1.00891915774625,1.23172940807964,-1.14120909052707,-0.243569807559885,-2.18455050956478,3.7203922508966,-2.02786466207512,-2.87059544155986,-1.91507911637977,-2.4547455596147,0.144237847763976
"ZSCAN18",0.0744534677554453,0.130841465029277,-0.749741311924276,-0.556541162491499,1.60822694658609,0.496905432574331,-0.00630972258912305,-0.972290054026985,-1.29391282564197,0.84235549193841,-0.0186774672764446,-0.455309717919883,0.103442824443582,-0.102480141354009,-1.04012256262162,-0.901738265169504,1.04184698558743,0.374226586197138,1.62712177893973,0.456088614526418,-1.8933386455997,-0.971945606181298,1.09619367386701,-1.78605845090533,-2.7555759779018,0.395930483510448,0.547870024841729,0.0927902530880026,-0.348893098862843,-0.458089055859938,-2.2904933833685,-0.578619507316216,2.45823893970573,-0.124406152624391,-0.301642349944888,-1.73441962311216,0.732096935365881,-1.52993925582303,0.134709084303895,1.36617229572781,-1.00736649947566,2.93771586937466,-0.565052005716821,1.18241822904962,0.420000188765249,-0.271380546411995,0.674383967490828,-1.0415237604254,0.505681021249472,1.69733554477239,2.57436591243913,-0.476818360589277,-3.65205599853082,1.27324130553984,1.69394712838608,1.12662292718328,0.133466133337076,0.0567473443618197,-0.28042482630301,0.79179650937136,-0.871934560081018,2.07912317122707,0.694225682482037,-0.430314062647677,-0.40475167709719,-0.128234417007423,-0.279401026889571,1.49346833907664,1.56694620987145,-2.99718279554195,0.837173908296764
"ZHX2",5.0317261178783,6.42523245807486,2.16236288231575,4.91302637836251,-1.39996690528819,-0.440341746110882,-1.26961330335089,-1.01253592035844,1.85953268364996,0.144165607197245,0.320561964667189,-2.78910755786747,-2.47537648576854,3.40469145356878,-1.91360319987403,-1.58053996295194,-0.46795477762239,-0.384578749973962,0.297919006108955,-2.45542767357244,-3.94949917527141,0.495909536376688,0.421938137913597,-0.524120985032039,0.192870297543001,1.08737896484616,0.043932682263171,1.3468115909988,-2.93221529199516,0.926860661585927,1.34794316542141,1.09908707885399,-0.357900210878088,-2.11104905310717,5.82960138565936,2.68876522041335,7.96448321097246,-1.69910983542611,-1.37054688690698,0.267416702364821,1.23238055080341,5.79862205747994,-2.71880101307781,-0.474783371342523,-0.574439661469846,1.60664926447972,-1.6561040229751,-0.710098784871977,4.22405779880879,1.8329006022848,-1.06148100379748,-1.49267617969339,-3.28786694688875,-3.45116367957389,-3.25422694028934,-1.02590576582012,-1.7707896939202,-0.39426435672159,0.474300043338994,0.321506005028981,-2.37968324966322,1.21042666341695,0.609918582246325,-3.08765371555303,-2.38853008719932,-1.43705080793993,-1.7457078984806,0.219586962931769,-0.0947755631290219,-0.785733822514849,1.22518573119897
"NFATC4",-0.047864552390138,-1.12415958266804,-1.89435079953686,-0.677085496704044,0.635406980280538,-0.643879390355163,-1.11652327994655,-1.09445273700074,-1.14701694350129,-0.353293140008607,-0.0799359213846288,0.679261699570477,0.98203458997665,-1.37776287609757,1.31304430310079,0.373418947771186,-1.08037153658857,-0.813728784217483,-1.21915607318274,1.43361999065345,5.53169411746628,0.0776847493317299,0.894787144454115,2.5201726991471,-0.277200236222514,0.0764641653295365,-0.113381100502501,-1.66341685734355,2.21489103206161,-0.311160396707913,1.36016181141943,-0.493365554409784,-1.26981201310242,0.137981758847187,0.33347905875674,-0.341085031920648,-1.41084801539394,-1.20527695561518,1.51827211518872,-2.19513861552939,-0.240447190484444,-0.959546847645734,-0.345562954953153,-0.908025199930867,-0.0865364018946792,1.23579397186445,-1.94038008460606,0.0983353865916364,1.45699020143043,-1.96399376426144,-0.615091037098577,0.256173787942043,0.377488894940606,1.01734049274027,-0.274548082077952,-0.799971200251349,-2.63829575896137,1.21854084625583,0.603900155212319,0.845422963730261,3.55562158229019,-0.212576351331985,2.11636606550765,-0.725577552220509,-1.08907241860688,-0.452636854809569,1.23575080660744,-1.41518663382911,1.87093912707259,-0.231387621539097,-0.479876058276023
"FOXQ1",-3.82919779552743,-2.57112554013181,-1.38944817422249,-1.56499931141047,-1.12611177871361,-3.62203883666324,-0.544192025539196,5.25732323630382,-2.12623270050811,-0.514279195388917,-2.6118383029219,5.89056668146127,4.03992723310696,-1.49929944144312,6.11495740492592,-0.386410146804971,-1.67972229832591,-0.834555001140554,-0.712132638350794,2.48222502560564,-0.741160468146497,3.92281160887339,-1.1877902885539,-1.37772776581591,2.17922575006689,-2.29413996717477,-2.46323455756513,0.860103032855265,0.903829673414309,-1.70719863671688,4.82433416193918,-5.89110961679699,-2.29842644794919,-1.76084722343549,-2.17307015143482,-1.47146006305538,-3.48472489445515,4.41941230415339,1.17062529514644,-1.970783708488,0.0459686805555974,-1.96861573461961,4.91098708760764,-3.44096582454288,-2.06957031218653,-1.0631708226812,3.21887887238398,-3.72178511619315,-1.76166942449131,-3.59674423464678,-0.614169000518525,-2.81365031071991,3.70988175679192,-0.263226970908928,-2.98589187087022,-2.69732853884033,3.52980700098181,3.09331572106142,-1.42186696978649,1.66588406280786,4.19184004839978,-0.873729868306228,4.79783319569677,4.72000577742277,1.80087306454022,-5.81550386092153,-0.387409967443459,0.258227674466483,4.75059389129235,3.05064781096769,-3.1924947063879
"KLF6",0.545939428522147,-1.93553100143364,-0.787126522304449,-0.616543631442181,-0.267523483972383,-0.98791123851598,-0.141259999889348,-1.81823267527139,-0.827597956805508,-1.03815136547624,0.218148504608136,-0.308579106733184,0.506332905400812,-0.226316236444285,-1.01014190243769,1.03663742116368,1.58132067775408,-0.797931918086339,0.409999086611457,1.28849569138813,-0.896098458788446,-0.403357753384775,1.56440786605281,0.420649246952224,1.71970307413992,0.247745874810035,0.935800274670949,-0.0740794698670165,0.741700295028735,-0.0965865326938384,1.83697673696176,-0.943731675043636,-1.06014493740108,-4.80706175399287,2.43508093105508,-1.36975830066932,-0.960338116672151,-0.573920738080909,-0.151351013920391,-1.66317858174122,1.84014428506687,0.520640811134995,-0.420471732005994,1.24702817337664,-0.415053710662408,2.27610700139511,-1.4826484912714,-2.38836774926052,-0.442687450932827,-1.92754798301184,0.75107799184819,-0.837719390583629,-2.16764515988869,-2.41355641524129,-0.481444084012356,0.274573177149541,-0.815456689730611,1.03450257266729,1.93423123206128,0.659131396729295,1.21439408787684,-0.308763658971998,1.2323548974132,-1.80017317282559,-1.39870073447406,-0.0408509398580117,-1.32883038346267,1.38655717758961,1.38778093694714,-2.01465744010439,1.46971253491589
"NKX2-5",-2.78389610993431,-1.79980075405509,-2.74917078632925,-2.02129253190161,-0.921967745732372,-2.69265417936988,0.746415678600138,1.04229819902222,0.349470247949077,-0.77969146495032,-2.04111941856352,0.0939765394787196,-0.0939214661790024,-2.45642263366981,-0.544403192654022,1.33830079134006,1.39987835994832,0.8157782771012,2.33044602736451,1.57923032569834,0.684639274766664,0.787970560041744,0.545122039095276,-1.79840822340501,0.0364672048923438,-0.931984310922531,0.207504697709257,-0.21203368390687,3.02583053504045,-1.57720968256302,0.209894455919476,-1.82629847341767,0.0276221143364967,2.32494809964223,-0.916058638176412,1.59322419753061,-2.26344715556554,1.29114657176712,4.05882931325914,-0.787511879322062,-0.70087682913989,-0.968605796352624,1.21071466895166,-1.68925348190853,-0.141481094028349,0.849161546957108,4.0914937778039,-1.76597038984638,-2.05347294110289,-0.798681814792791,-0.783389772144275,2.59489008649329,-0.998403327394122,3.50771837867793,-1.28130032429712,-3.44471696686777,2.7606522741741,0.0670751693466191,-1.85550592523305,0.934873286103561,-0.726184599184891,-2.1178775719723,0.844522151241082,0.51812727351356,-0.393981890290626,-2.94678564885276,2.36934861811099,1.62022827540501,0.230854658717757,1.58475976459255,-0.280822556589533
"ZBTB18",-3.47626787679269,-1.58122652303023,-0.202303418088331,-2.09292915478919,-0.0508719245912845,-1.28932085447445,0.586646437575563,2.44016421458395,-0.354005653678611,-1.11500889736661,-0.357679218469087,-1.2250845204932,1.59589544498376,-0.804418220483494,0.00463897971288118,-0.344036299982096,6.08457792799644,0.534106101696442,4.19285891397856,2.02678947378715,-0.379765464955056,-0.900175045234989,-1.52303387845978,-0.407197175656718,-1.87051643652761,-1.27369318770567,-0.482305099043288,-0.680026332672205,0.709089528189946,-1.47419036867624,0.205497290460684,2.00692755095954,-0.748106664590928,2.44532275857913,-2.81371558036026,-0.252995929308282,-1.583377643906,0.0947135101962981,0.229222868669235,0.0993822678695902,-0.529608240855577,-0.351718234515448,0.491037132461626,-0.882513107441655,1.15556439203785,-2.03072337641495,0.335548656067233,-0.130186587790458,-2.24336853714643,-0.0135400382007694,1.10414665231373,4.80054429611739,0.236305326497312,0.416732505557901,-1.50837293143655,-2.03202517390348,1.72038898067018,-1.25911555623306,-2.22557806782311,0.598414592593746,0.170393746043977,0.0737866363874047,-0.058899026723605,1.3650794575032,1.40664376948317,1.08617034714888,0.35864857224426,1.44115704391744,-0.461498744966645,-0.123687341884747,0.392073501320288
"SOX4",-0.187786113634615,-1.21000870416388,-0.722951033541265,-0.0890786805560645,1.14321154581939,1.68383330214571,2.36346777789358,-1.18063596955222,-1.80655206205113,-0.158865087590605,0.431488272505335,-0.370186781611998,-1.0231807310359,-0.537422385268316,-1.5988214519021,1.52111461058132,7.76009000659863,1.60632295958779,4.20544320632852,0.0647764423637977,-1.45115184568964,-2.08451762213956,-0.114872371233986,-2.51580526415126,-1.07715763831009,0.940415778221492,0.257271858129772,-0.989075524108938,-0.719909333682501,-0.852426425392254,-0.797607460713691,-1.05067889611625,3.09102777823631,0.0152649385612423,0.329562133115869,-1.20564625201388,-1.95428270632628,-1.60655348239579,1.38741996587717,4.15231470424254,-0.739881661900082,-0.0473519332667701,-2.7086462934009,1.89704287528308,0.861890276596855,-0.441423415098911,-1.3106140641306,1.92579353257918,-1.38605933178993,-0.803725637892757,-1.73007702027907,0.948311776390372,-0.146004609713533,-2.24167604726798,1.08464778377775,-0.27511966508827,-0.631867200235781,-1.10482629080075,-1.14238213286255,-2.53726695781086,-1.75870680663499,-0.0954083785036251,-0.0215066497318393,-1.12895267677245,0.417090367517679,0.733499986956002,-0.0948882564049663,3.07267909388429,0.678119900486418,-0.0777408389706013,-0.321110590975235
"SHOX2",-1.79455139972809,-3.23655954429484,-1.12907078870689,-1.41699725715006,-2.59184646829794,-1.67316685159487,0.604272588200162,-0.237800230741284,-2.20797762111465,-2.85060625830113,0.0570218240206057,0.624940308640646,0.827730002819072,-0.612024229619591,0.828088319549527,0.580307250056569,1.41690290010002,0.842454313769841,1.24773566993469,0.987283478741072,2.30135118615229,1.26058200099962,-1.55883659736181,-2.36955619532554,-0.774620314242757,-1.51038192011962,-0.29408061495157,-1.65043780061303,2.21668987656387,-0.249341713666686,2.21894181590382,-0.855279500689861,0.210295078505629,2.60777013719917,-0.354194626276541,-4.50865686835257,-2.05349630469853,1.59738424875373,1.31207648498664,-1.11643427813235,-0.74598486072752,-0.987474299656129,1.17807560829888,0.148319020426313,-1.02095624704999,0.509676008342138,2.92935074901643,0.158148811065385,-1.58802487824986,-1.45188016820365,-0.641993041238612,1.50074846261807,-1.80350259340793,2.92348337711033,-0.41481282690788,-3.36793711353915,1.88262867234488,2.19645958655505,-0.267234604387665,-1.00499339086749,1.89897526801775,-0.316449578348482,2.06817553777414,1.02466195951913,0.293808860312607,-1.15328158341017,3.99880290554101,2.0749438287861,0.946917133530484,2.517488991768,-0.861848133450189
"KAT7",5.78649125705562,2.6071315557586,-1.03718204265368,-0.275085728678754,-0.211085153376321,-0.0475282972973545,1.05373090155862,-1.0179593093783,1.7951422757874,-0.165304599273563,6.89562124825844,-2.16440659391772,1.12840734340945,-0.857364542993374,-2.33395467187292,-0.476383552057624,-0.447443836579915,-1.60867897687745,1.22579047659137,-0.985348861795755,-2.03173815416616,-1.91920993421152,0.857766419921134,-1.05564241857029,-2.16126884344028,1.2976592592941,-0.0812671098335594,0.479990621707124,1.35628220759213,0.481338283966372,-1.6507584270608,-0.479339425845401,-0.861213694066898,-0.384908643836647,7.00078288166312,0.888896670783261,5.00290453422247,-1.76407261371706,1.00290633634362,1.77546374722216,-0.848024023318158,4.85768506150219,-1.88786781798187,1.70216562493862,0.135208632763897,1.17314106024506,-1.56293477755599,1.64536549394146,-0.792377699313933,6.6048609148432,2.39173551178084,-1.46141651581731,-1.90151650005964,-1.27821067862369,-1.34495734810201,1.83169791463209,-1.32882074245578,-3.50270671843924,0.887473570742745,-0.918938227667559,-2.0788383899363,0.0799144848154479,-1.96282727630385,-1.32083640528761,-1.32906033476554,0.473646958422791,-2.26111711239216,1.12994790572822,-0.85787213235242,-1.47909027130842,4.26230270523962
"ZBTB7B",3.7516899487079,1.86100400323586,1.96050280449608,1.47374727208952,-1.96557820050723,4.45623423950084,-0.659615253921093,-1.02636156079937,0.277331610104616,0.868552697711018,2.90145394520652,-1.41131670776808,-1.2765466909503,3.1332858214672,-0.762710768742313,-2.9934948562278,0.130371430143373,0.227708231253319,-0.261845772550303,-0.228729330671773,-3.20782776370923,0.958170942643526,0.365795389919766,-1.29106885176946,1.59214039204485,1.07987104802238,1.31774823286412,0.871241907175801,-2.96943180417596,2.57189939707642,0.972320750510295,0.537533006840194,-1.65524278795931,-3.55722578506272,6.14507366046282,1.1521730668334,1.63778089618313,0.105902399052568,-2.23683603805416,5.32024071384932,4.91082383982321,1.75521760220348,-0.520246332906949,-0.551944687755617,-0.350515985238227,3.70295520133765,-1.65814031236282,2.67822406367341,1.7921695217053,4.42271153753399,1.54956192785652,-1.41543307692312,-1.09957599963288,-3.15343392366728,-0.553702583339779,0.404638210937731,-1.39684424809338,-0.915270769308674,0.834062376478261,3.59325023274262,-2.42154412779176,0.171009430189206,-0.534472207377672,-3.85346147249289,0.860530237497603,3.67882474452836,-3.1976355337159,-0.267146424699245,1.17521032117223,-2.07413298655942,-1.84166280867974
"WWC1",1.80506537328814,0.00383919310056156,1.03565714189737,0.419309812163712,-2.71166128059792,2.33061446739073,-0.699919436734941,-2.1876738539854,-0.165728841698787,2.05253162864874,0.0887129875567936,-1.2694067252292,-0.281171466893757,1.29676410713901,-3.38594621073059,-2.12953396825933,-0.754312102099907,0.956427955435045,1.06780022997898,1.85978503500201,-0.582853458438294,1.47759607673747,0.77672751896879,-0.0162623574307148,-2.39818978623593,0.988127945694092,2.64244517206294,-0.219532157651439,-1.57046866655407,0.988323324964941,-1.74864392604503,2.35897143699279,-2.03339572010869,-3.59391042249406,1.40519611571652,0.683683387011537,0.230534049079912,-1.1719924732742,1.24448588911828,-1.45094928249017,-2.52956015280379,2.5414213157727,-1.83975052701271,1.88223181573357,0.146888113670066,-2.12398714008441,-0.0299114541185576,3.1117155836391,-1.06322256931954,1.53114847778423,1.77063330943073,-1.44948603616313,0.0144129637276726,-3.10616419290493,3.59144406517314,3.71276750540486,-0.123489380141269,-0.186288133496123,0.250239676303704,-0.61253912104793,-1.13235329341033,1.52239429452331,-0.488675725410512,0.259298084611273,0.0217955729353857,0.712787048843257,-1.87152935334169,0.510091698628982,-1.50673638827786,-0.577740896986092,0.767930763382175
"IRAK2",-3.63737537300793,-2.86899038540427,-0.176761858630733,-0.483309782809391,1.15687902994591,-4.45452747900447,1.25679761633938,3.08165375593375,-3.17111323869731,-3.35749018161732,-2.13078791663219,3.49762246713214,-0.854036695004365,0.850549151447985,2.83902085216495,2.36194888740901,1.02843340384608,-0.165996425846366,-1.4537079988086,4.70093794490874,2.71516171375864,1.25684616825756,-2.31330994877373,-1.82276596883609,0.947173244965322,-2.75981740725451,-2.73041044449418,-0.103747074167395,2.50675684986946,-1.80351881143742,3.12484139452583,-1.38850786136188,0.588420312387677,1.35542159710438,-2.82814511661745,-3.70404855849737,-4.40612564091676,2.79661521407481,1.4933944050883,-3.19691248333816,1.04378899331618,-3.71453304652967,2.83808299805168,-3.36542565181287,-0.303565082562425,-0.168167908985101,4.14082213472983,-4.62727661978499,-2.18652840135306,-4.42785182631008,-4.54219617296374,-0.316643908246136,1.40193075743761,2.59058947463397,-1.80549838511834,-2.74850034666721,3.68632726907613,2.51049453560543,-3.66103112890181,0.371441806907585,2.15707433964631,-2.85591396738295,3.53953194073141,0.603621348123328,0.713497948525842,-1.93915778231286,1.99627804279343,1.35685990436042,2.88439213044433,4.07764596740761,-3.70316531445538
"SYK",-1.56272738296945,-0.0988988216919937,1.01258652689487,-0.0777093438656768,1.25685834940639,-1.31332954988112,0.27139651604932,1.90532230928592,-1.99635563385955,0.790339920677874,-1.15484733816792,1.50092934428499,-2.25227898357292,1.31429790561283,1.52884060395337,0.343935915504046,-0.0907261759928842,0.408172934915227,0.111487970825443,1.06817845254353,-3.34193133762742,1.82832903263947,1.29115086483466,-1.06940110664222,1.59756574328167,-0.23922038080983,-0.69328955595375,1.14860471723128,-3.68322455509005,-0.0382115504091446,1.81269572079364,-1.04757464434394,0.604087933147368,-4.84340886560486,-0.249709531112276,-2.52538370698532,-0.166106214764231,1.96826153316589,-1.65162954207826,0.237154132524529,2.70946613567429,-0.846394486735016,-2.90574499408075,-1.05442621807442,0.751643450417696,1.53102434007411,-0.965801561121473,-1.90123003047535,2.44804041281928,-1.8182550141555,0.103934419214515,-0.141962383926959,2.56915966766096,-3.4519747442965,-0.69467239756529,-0.909995109085259,0.885839942949734,3.49435367238792,0.607369585716143,0.882636681926792,3.09536789772338,-0.110157307796809,1.79683637733556,-0.839767282142155,2.5655339950797,-1.2636450699855,-3.01403393517613,0.742729105602709,1.9872802196037,-1.29570450023404,-0.926016478813582
"ZIC4",-5.05166044840703,-2.20870210460504,-0.810456278377244,-3.56343879998352,4.78806323974539,-4.22012438748478,-1.1708247881558,1.51344369641278,-3.00395756610299,-3.71756226767148,-2.41681640048893,2.06321665041608,-0.124647458322894,-0.890366444400295,1.48697560966599,3.368439258509,4.35880032968708,1.41347977324451,4.37136305172117,3.42357776991774,-0.878822570243586,-0.447344800006257,-1.21235760043805,-1.95544573177771,0.234376465032773,-2.98509217861152,-0.163157579263253,-1.40982260061584,1.9057363138843,-2.01741102633366,1.84840321427842,-2.68054554432577,4.48564196998904,5.38377681618854,-4.10050912427432,-2.28287141909343,-3.94744186935553,1.75647836408564,0.511402204327393,-1.01048402946358,-1.02322824480283,-2.92812029613504,1.58012084244041,-3.46491983625039,1.92203484070046,-2.05280601130124,-1.262402590168,-1.16854668311271,-4.19988178476086,-1.57100356386163,-3.60080095102013,7.28863087876644,2.47434228259035,4.64247102151719,-2.80786629795005,-3.43982274436036,3.63638802528314,0.325286314517228,-1.57738601881874,0.569592397084147,-0.828651266384674,-1.69609380561236,1.26571892599854,3.14497563516205,1.94348693086106,-3.13577137533975,4.01030725617668,2.76113260892361,1.21222497022674,-0.127698783966666,-0.757365700449917
"CBX4",2.40446973296135,9.96054647976121,9.38443002170956,3.30057540631531,-4.84480063743938,6.73631418871915,-1.07430310647958,-4.09020847622989,2.79096093340638,3.1524089169179,9.15624804250285,-2.95209824040718,-3.73016860411183,9.21069457195163,-3.87820983350041,-4.00028841592564,1.07366658304157,1.02352495570124,-0.168181476156958,-3.06170488704274,-6.20707845595582,-4.31160584617166,3.83831744942448,3.27857593386253,-1.01276477673016,1.6658073872666,3.12493398601563,-1.99001303155168,-3.48161785281785,2.78271316606787,-3.60943273083829,4.84689689242325,-0.998608863521602,-2.82918002479074,4.62975451395176,2.61132646346647,7.11106107295349,-2.9288890359494,-0.295227107788855,1.25731132469441,-0.755355940304793,4.06554877142121,-4.38861953117756,3.95854624835346,-0.275354760719322,1.36580864268256,-5.34768718672441,4.75075367814647,2.89402444235887,2.40909135408327,3.37097930125707,-2.80214757972698,-2.02053606813733,-7.39755327497915,1.62069416522563,7.31734334483398,-3.37765876478492,-2.25460173521499,3.82218973748527,-0.732922764002901,-3.38998068110993,1.54517017242527,-4.32855269887744,-3.06964846261538,-0.932608181925832,7.99701458259409,-5.20625684729242,0.0361841598021152,-2.93653321788264,-3.73442738086346,-0.835085496680492
"LPXN",-1.53934573427931,-0.776286879435096,-1.15617480885147,-2.13407040932202,0.710784113776682,0.0676731077136299,0.477570668392189,1.39410739295493,-1.5648438643427,-1.46825309154167,-2.08129571120656,0.840641423627322,0.011345104504133,-0.305213637476374,0.240050383745477,0.337652841329634,-2.72280856883109,0.682841187784324,-4.24547995571408,-1.72488819059215,8.35409501223901,1.47168847347402,-1.1840017351508,-1.30876810818128,0.519135542186376,-1.27449951396383,-1.59617059651161,0.671554664948386,1.29664876560224,-3.23118419516836,2.09639489255534,-0.0117604366250982,-0.432828220382184,-0.0990202239853402,-2.85018678718076,-2.38476043210708,-2.17762349300101,2.06991176951125,-0.352686076332121,-2.55800211934738,1.29168573572534,-2.77184191398312,4.52034418582399,-2.99717960775888,0.389630003105109,-2.06317442475182,0.781075917009253,-1.55904102208029,2.01141860931566,-0.904271336119411,-1.50361190461946,-1.10357598700988,1.39323467302235,5.29159608704948,-1.87512535022275,-3.94838060495736,1.30781145118869,1.94167543827602,-1.17752117655086,-0.124787671267047,4.46209568463867,-1.78473324292325,3.49146774888624,-0.832993587959044,-0.534403242810784,0.443520002535867,1.36893762870238,-3.51680297754052,2.66346235989721,1.69795354251292,3.25648108632603
"NOTCH3",0.401213211307637,0.176069784419785,0.645766345103095,2.10233255710844,4.67389256830451,1.02907774523693,-0.259243043122508,0.570756269696069,-0.57859790752064,-0.0383846821231448,3.10241530461726,-1.27519291014299,-1.09305073335865,0.832279204309406,-1.50225351201745,2.01490619646857,5.66200430050529,2.23703764448055,0.435801942363908,3.38949855775354,-2.42273059624721,-2.35012852035439,0.739156075234736,-1.35770616811024,2.90901002353009,-1.63367155101397,-1.38199220222983,-1.0379333649716,-3.47409731315539,-0.88722363304613,-0.1416012832824,-0.0287352329877685,3.92329801403819,0.737665117882891,2.09014119209685,1.55116293125135,0.0909427367445794,-1.65316318832944,-2.22943815666559,2.2501576640468,0.893467376451452,0.0354238580803159,-2.21382663991832,-0.497810744686777,-0.299637625062447,0.574598435969615,-2.18582230451058,-0.109023174774084,1.6423140313354,0.160916162143281,-1.32807479078017,0.450229690465254,-1.64075190925139,-1.53156236016361,-1.45108448235296,-0.841907873721947,-2.55535229668058,-0.856276681840925,-1.93199500222068,-1.79470610380102,-2.09566452622688,1.1833139810474,-0.0184881709378657,-3.7286587158351,4.09728958783035,-0.0700020259450221,-2.57834062569698,1.44275967117015,-0.0843907477686253,-1.9963824203827,0.294594440600956
"THRB",2.3385288672716,-1.68525887385981,-1.02003116185978,-1.06634758346558,-2.12635392255402,2.81787058567869,-1.55304709861364,0.774508645241765,-0.926032746504419,-0.87024294568791,-1.12896824780151,-1.24027951440607,-0.980828063399289,-0.377327399975735,-0.000444548630999262,0.541650155138748,1.1024529335242,0.0557083062351611,0.846473333033479,-0.798914093322608,-3.27069544265137,-0.139638248697732,1.06866889508275,0.724092806127714,0.96907080795994,-0.683179574561167,0.146858142795448,0.169472837303809,-0.793465892450291,0.908957740137332,-0.339644338289522,0.601093132833548,-0.545600921481777,-1.47867214446084,0.554943407944237,-0.681316668108016,-0.133795165089656,-1.02350824346481,-1.33257388525436,2.0512478042725,0.306935599485586,1.69851753528417,-0.506781159239875,2.40769710372233,-0.957402071423004,1.13153429606498,-1.18288062421265,2.20681284491986,-0.1768697811391,0.899766107993519,-1.44423547567999,-0.857453164665322,-0.682226709001278,-0.311281041073551,3.61086361827734,0.402624849822089,1.25280301185921,1.71659568184835,1.47108816893547,1.21697956986553,-0.705278871181283,1.59156793315572,-0.361965299030801,-2.63616716879773,2.0288671049727,1.12778730227625,-0.789919310905451,1.06371291025413,0.472573449437517,-1.47211492499248,1.51822467935092
"CDCA7L",-2.48407908328739,-1.16504982283613,-4.04517679192351,-1.42313117069435,-0.12738080971763,-3.57050234791512,0.242715923200632,2.77057683963224,-1.68060599239448,-1.80934760224056,-2.08542794546928,1.32863523512025,-0.705270150344776,-2.9638048112913,2.25559025384798,1.02216347892856,3.67578791596878,2.22987313714036,3.41840908077664,2.87929944809212,-2.22441501141009,0.379090208843684,-0.336684776731236,-2.3250053060313,3.56551835727333,-3.45407098163955,-0.505362836149307,0.93192070323589,-1.21007907653014,-1.68532258185536,1.4441851735922,0.109905310071126,2.31064064132489,-1.62310859435268,-1.8931671714115,-0.499401587061782,-3.39410891925233,0.589133443179494,0.833322138312197,0.657604020263592,1.7336821342384,-0.178083542915791,0.298755737081409,-2.21867200052926,1.03142218402563,-1.60245287801516,1.43580185965527,-1.68562508463338,-2.20069335058611,-2.2613781816429,-2.63913242379895,0.23884725722769,2.19141877004608,0.662006995114218,-1.97378909843464,-2.0698115040296,1.99722546746804,1.40746100592664,-0.667282017057714,-0.81740855452556,-0.869842117145292,-0.83497747345609,1.67092166450169,0.366452212223775,2.97389269780014,-2.78322974937248,-1.46630085781802,2.70787707357069,1.83930680780293,0.308603962486612,-1.72963511519382
"DLX1",0.161826068286838,-2.42681189359298,-0.665833784024246,-0.569645878956102,2.11559955920366,0.724615980177489,1.09623765786039,-2.94772073758437,-0.624101316321363,-0.508492135801315,1.16393844432424,-0.550623858980559,-1.64664420916888,-0.480156972154229,-2.89592584446942,1.87696696433927,4.02273829346279,2.43603748086596,4.49367475253714,0.138594928751559,0.776736599365549,-1.954214206332,0.0217511027046233,-3.43012810416637,-0.719960422295365,-1.04164916607035,1.23495757545947,-0.733560321110286,0.810290707268691,-0.405559295318915,-1.25927280821312,0.859287929189501,2.3631493769945,3.7812761263929,-1.33928976231396,-0.574049349699248,-1.13125374212329,-2.18546632687088,1.90057096851596,2.70755869122691,-3.61302574518146,0.190793262837869,-1.84909582045811,-2.10532123942006,1.66638337507473,-1.38949810329879,0.368814914724128,0.246955351662391,-0.9452207033914,0.598066876954324,-0.943000120756063,5.09122033239084,-0.690810638075998,3.41441442954091,1.45779815976894,-0.738361115284831,1.45975447950006,-1.24184184312006,-0.790011908371845,-3.2171929433319,-1.85418688883705,-1.19434466116003,-1.42488070270491,-0.870417765197232,-1.50890625342048,1.56062259245422,0.621971367829569,3.1756798525876,-2.67373831202077,-0.0627300835896707,-0.763919884991101
"FGFR2",-1.69692354884924,-1.39623680447095,0.296317540366127,-0.27716088404376,2.49467087425047,-1.52112249197467,2.95811563004357,2.04758893943787,1.47572832956947,-0.446356891514646,-2.2472691808343,-0.788792630321281,-0.209632867792201,-0.767832701089974,-0.281027071958381,0.859334661447639,0.718544455641731,0.224249100043569,2.99554728833885,1.5164123159324,-1.64218767176764,-0.522046566303321,0.173389839900508,-1.50382849662913,0.0194011322637828,0.120030914458977,-0.519656724802624,0.937674195095644,0.838636840931443,-1.85527274588944,-0.175255861165699,0.552973858268775,2.01465411785174,-0.867896100007353,-1.24491745221508,2.01774537564974,-2.13668398057903,0.475018676954416,0.832051868764227,-0.050587511507753,-1.10911874160195,-1.06897925649421,-0.735036573027474,-0.908492413523698,3.04191388731284,-1.32427567664575,0.57445385364617,-0.877134328938323,-0.15082363134226,-1.49153591021286,-0.190930054940553,3.35182157795183,3.52190340138155,4.0650716402408,-1.33557804072743,-1.09122864107999,1.1149871962846,0.677816539874681,-0.919905527253359,0.648260535253883,2.09420448510173,-1.19269002207634,0.166927902011736,0.741058649037165,0.436613076063136,0.106104951029713,0.851444956765312,1.29192204655234,-0.703640835992385,-1.03003970316925,-1.66549306555276
"CREB5",-2.49285275743688,-0.589769552252311,-1.51794852246386,-2.14376556167363,1.84362475498905,-0.770787255270763,1.34326044960113,-2.54643429141861,-1.6044559798615,-1.27493179047702,-2.8280621031824,-1.61795556723646,-1.06602129271964,-2.12247769105589,-0.4827187479694,-0.662343834573393,0.658171985782046,0.588654172903466,-0.979137006086585,-0.397524840759038,2.66455960696824,-0.571947343729968,-0.280537398836158,0.0116064518408813,-1.59228733528877,-2.16027212518388,-1.01931664745515,0.332537580181793,2.87071894164786,-0.914204894041087,0.497097925488551,-2.76492431959139,0.86395636505993,1.68876032123933,-1.54813286920647,-3.09680107636348,-2.59950134561281,1.76669355996869,2.26041074160089,-2.01049650536343,-2.11949064733559,-1.35705340462229,-0.0664283864029626,-0.886607995238486,-0.874193996785015,0.950108984436123,3.80652404507896,-1.58805257076872,-2.76840610403314,0.361705701491701,-1.53733847665023,0.730863144347703,-0.63890886251742,2.29167209654423,0.0476071159651132,-2.18474593840419,1.1847703439716,1.86044808972262,1.05884017927317,-0.0144901535009111,2.44827288907239,0.0526628543306573,0.341185845855465,0.867768344448489,-1.61384598471143,-0.0957911317515755,3.44228412719862,1.58050650993426,-2.25210770439544,4.07612894358986,0.672457454089868
"TFE3",-1.3725868204961,0.0670526280420002,-1.53258247392675,-1.1523284265865,-1.23516513748287,-1.66493691374521,1.65058902330979,-0.755628072057703,-0.681339716721025,-0.258158886474439,-1.1779798865234,-0.238547779216139,5.12689120774527,-2.64625036183728,0.718879922333875,-0.883540935391454,-1.85905306103378,-1.24770678178964,-1.06679152379585,-0.636241164733298,1.46131321545208,0.969547384159223,-0.313240239632413,-0.408930184867681,-2.6908670060766,-0.337087433685888,0.500705693021269,0.657676586731423,4.83449484633388,-0.936479615809295,-0.517312105863098,0.420397619837797,-2.48658342976131,5.79832245064568,-1.06391274074807,-0.692711268855845,-0.643859320785061,0.531464919335854,5.80307699482081,-1.91754125503192,-1.58139476780537,0.471230738801597,8.37876116201893,-0.472547451009946,0.924067726778748,-1.35859800329074,6.65777422614594,0.181018072873571,-1.1772382882846,-0.569651108789935,-1.2081001473803,-1.19427702970941,1.02194781305523,1.33496266739989,0.885049586132431,-0.315623202082418,2.02594130392221,-0.313195816361748,-0.323391020341638,-0.91359244760824,-0.0317636065285964,-0.348318223057854,-0.469045685108234,2.7422799923766,-2.1876261863327,-0.23083113161818,2.20238181561351,-1.38116150304813,-0.645765289632572,2.58913538845781,5.47111356277801
"RELB",-2.26192221243632,-0.890897444820269,-0.185439722742404,-1.76869543136341,2.09031821239237,-3.71274339402441,-1.50741038218718,0.53920937118046,-2.34657294765435,-2.54842989487388,-2.38752178751624,0.0872370228701053,-1.1430051917333,0.129522554272144,2.22989754490363,3.78028722074715,0.938969992176347,-1.50088906445913,-0.986732706737668,5.49460656901987,3.5517495769261,2.61022356131919,-1.66986494833853,-0.904610575259546,-1.13151405510929,-3.88872595811156,-1.7138759416971,1.07730813975041,1.46848619770105,-1.45783594868416,1.47258518745409,-4.83448793387223,-0.67437482566754,-0.76106855225928,-2.10632080298869,-0.779809430850622,-2.97019719315292,3.00551307998308,2.96135754894829,-2.20662612415234,0.79275325078865,-2.32036230229987,0.984864845874188,-2.0949765490471,-1.82247159516789,0.289319864525795,3.29109134794951,-2.85074338585846,-1.93130772668098,-3.31888070414868,-3.68621319187097,1.20271643109655,0.340074439555719,4.06576004359797,-3.04100676438681,-2.01259365513875,3.22222525154125,1.09571948211928,-3.29054439633138,-1.35378832164659,0.865386900756153,-0.489067430161355,1.69560143514525,0.233507230873585,1.79711936888005,-4.56850185802073,3.78502276194274,0.445057413894504,1.519305254005,5.85759119779133,-2.20751586532143
"PINK1",-0.997955604027713,-1.07718782502871,-1.41320533758713,-1.08376268804647,-0.191361017060078,-1.79700303459267,-1.23096294893132,2.00666580493391,-0.706126581793036,-1.86180397630836,-0.440148711985765,2.42157892862503,0.957880875244265,-0.462465755340212,3.21156666556773,0.870248557090643,-2.14799411516501,-2.05835748538806,-2.02499437010462,-0.13262485569287,4.48193327933861,0.76417178667391,-1.57917868026839,-0.0448955481329091,4.16680483463662,1.94892915566566,-0.874213839381489,-0.521274193809138,1.80856039137893,0.374290847176929,1.6473929034759,-2.76183822302213,-0.363514816272703,0.98688453444689,-1.88447124919121,-1.58612089467374,-1.23717263101481,1.298746824086,0.168188071907884,-1.86509822241106,1.79366292730981,-1.73935002861973,3.29359611765223,-0.0254691634151021,-1.11663955306397,0.754204134343298,-1.13297797865876,-1.14657363167918,-0.802659970394442,-1.1555371280558,0.231771632319286,-2.33264549034607,-0.743295189991574,-0.74806319935667,1.14431106320278,-0.554035801330221,-1.27671017889014,0.0103860165943947,0.466532978323397,2.59241299016565,-0.0242390844186482,-0.91152604143918,1.46350434072174,3.34586354155906,2.430923461085,-1.47779510768387,-1.56643006215285,-0.622159233813951,2.38321879141645,0.717865093720373,-1.56804640714865
"EPAS1",-1.43294337478276,-1.48917305431096,-0.759152763279937,-0.770278287235737,-0.767817914755438,-1.94609623054734,0.493565724089492,0.990926731838752,-1.79244710743848,-1.46355710272006,-0.647454927682064,0.054136137152701,0.703709450513262,-0.056693525359708,1.28395824047553,0.230056992976934,-0.560332338561848,-1.51679672352094,0.228780175263836,0.691248854362911,5.75705060599761,0.489662967957126,-1.50269569630031,-0.874020123298512,4.21120598096415,0.089219809063437,-1.14721061159909,-2.65942564136405,1.93201658613174,-1.7581642228326,1.7126193067179,-2.98966068334643,-0.198742269918688,-0.171420361055707,-3.18825348449649,-3.65666988264457,-0.973817305916455,1.48998904548887,-0.131209561311201,-4.08404194111488,1.92035742694269,-2.38627597609234,1.21774785697937,-1.16683826750389,-0.8309101714324,-0.220237432656158,1.84511509993037,-1.7405828993115,-1.13050136772956,-0.137363564978955,-1.50423401619762,1.34959311678415,1.40441872670742,2.82465011994762,-2.18085206780739,-2.45258408388607,0.897880404785176,0.946606986499771,-0.169413872075706,2.66429185059397,2.74674928803637,-2.04954028280741,1.71564163333671,-0.189170181391577,1.79186417037281,-3.86930527512955,3.54927431842165,1.74883104436135,3.11479477823209,1.60452621020105,-2.03574644813579
"ETV1",-1.63666472426877,-0.331888903210241,-2.07560377326716,-0.824758647768193,1.67365268141,-2.22019890195732,0.533325202713499,1.10903906714656,-1.1378323530894,-0.0716373162477211,-0.440179805237509,1.6746758480682,-0.356544877366002,-1.14157284425317,1.66867982651934,1.67723433006126,0.195493447183735,2.0899631723717,1.00266687621816,-0.53868601571619,-1.42330830917276,0.973504616790924,0.542325116625266,-1.00178994538618,-0.473388950842337,-1.54336594831036,-1.3461912612421,1.30901973876608,0.404895274223073,-1.66576491859553,-0.603838524475852,-1.1252876162071,0.76460660018158,-1.51315484709613,-1.18777944491898,-0.260348875218698,-1.73847639221109,0.696709234159455,3.06293493323459,-0.15434930332276,-0.349936859730712,-2.0118856605608,1.91652894313126,-0.675889592720451,0.265070419482861,-1.18318079233242,2.46609178745183,-1.9940369710058,-0.399738634282797,-0.374984513463088,-1.09101587140536,-0.349555941969293,1.17946073131255,-0.652553011036135,-0.30242204022507,-0.24165833205309,1.43037448904699,-0.740359162186469,-0.226991955583734,-0.227820563019154,0.292305636756522,0.853327232999685,0.324633809696424,2.87785872358746,-0.982292383990601,-0.650752220933022,0.431812733830802,-0.292703737098009,0.560314327907725,2.30862994795279,0.773523968870488
"ZNF785",3.33395024623087,0.947995485710757,0.7100999577204,0.688128236800086,-0.846691504269012,10.0778551067622,0.28911840404648,-3.77265708944262,3.70549644653759,2.98202507346891,5.41302033906416,-3.6255923533275,-2.55400547817213,-0.203323471287667,-6.04008647529408,-2.27637260955682,-0.304383217296227,-0.363753375817644,0.210806311578308,-2.90819111907536,-2.06781310545701,-2.93435358714682,1.93920262824533,-0.661681047980948,-1.63482445681214,3.22197969484378,3.92994923101178,-2.16541176452375,-1.30614479751574,1.45900898090698,-2.77994786207922,3.3196515630085,-0.541360678492582,-2.04091846583482,3.48026405679319,4.06163127913536,5.78065405449809,-3.62341075255127,-1.71947159057618,3.73099944521978,-0.0439951645943776,1.81111220568411,-4.73788933056929,7.86278764339554,0.283305062267089,2.22174143362934,-2.51434412433963,5.46253592984721,2.18715388176681,5.21362058010638,2.98299000472825,-0.658450591840188,-5.13923416448222,-2.9299217195399,4.96972152153255,5.50738589291055,-3.93231151147447,-1.78613620363277,4.08128695745013,-0.995978047141943,-1.44818889884187,1.25655359804317,-3.77133184901689,-1.06279894663431,-1.79443213477684,5.27832419562627,-1.91600800439355,0.0801660777267519,-2.03509025794278,-2.45503334648065,0.0463407576457879
"SP140L",-1.74060816950942,2.73777485228984,0.717715746589524,-1.60524511051867,0.588288774601328,-0.137947118068153,-4.03400882635398,0.574985794397351,-0.157175266414324,-2.59411942448984,0.397848068278522,-0.194287354957465,-0.0887719187578666,1.39398960468729,0.165782262840434,-0.64364692188508,-0.373188413021504,-1.80008044063163,-2.05322721325265,1.06944174353085,0.0669943596938544,-0.583711823191827,0.171710155686397,1.70500484365206,1.07460816616549,-0.422569393337254,0.257630392196031,1.31691049327669,-1.19378390525118,0.128351550917703,1.0916750387322,-1.02617712570385,0.399506388867591,-0.831236882116805,-1.61416894244136,-0.309417173166406,0.993369792365607,0.231038043026273,-1.4677594577955,-1.64844631735934,2.16161196943567,-0.489440640426817,-0.997893156976042,-1.81372189817325,-1.71220468263543,0.513830703647508,0.290686661211393,-1.5942947506865,0.900962723437901,0.0472549592966222,0.807277882751288,0.670676545779624,1.24202337807761,0.96104263802761,-2.84939599046805,0.0971866858768468,-0.429419321505818,1.57576714968928,0.0593831353351894,2.21882258175374,1.46565320590719,-0.164787575701177,3.06745126425042,-1.13005411130063,1.96013851010909,-2.44683495146818,-1.90649049323428,-2.41950233595382,2.09241545002472,-1.95815680344395,0.625138184302151
"ZBTB38",-1.55538025890734,-1.13303377154253,0.225562427575295,-0.565604470668939,1.18821656334347,-0.705894218593503,1.14912014951028,-0.611516535854486,-2.38580397139108,-0.888058051192477,-0.764555111057887,0.372216561916705,0.488032485499945,-0.516133660965106,0.979983277315108,0.137979030767048,0.315241171311768,0.456358985672163,-0.633359654893766,1.25891702068446,2.84340835712188,-0.194538838533746,0.660893911672197,-0.716768546641309,1.40019472299338,-2.12914606106437,0.315147591352183,-0.59968674992038,1.00548631637839,-1.09033317268445,0.0975434934000329,0.0772689458259711,-0.447709237079725,-1.38459521830307,0.119817159428176,-2.96482004929764,0.795627841499187,1.36551406954841,3.94408546987581,0.190497130569898,-0.38082335514703,0.627414955491567,3.77916484682878,1.24416832488673,-1.51539371698129,-2.25429414767747,1.12247228036307,-2.13914617726336,-1.68368753025736,1.27859609461476,-0.570448909683532,-0.824107755278944,-0.058399032503433,-0.0566484633608042,0.145934645157669,-2.42237704636478,-0.409819172515206,-1.19205672686818,-2.85031665207671,1.35319921637922,0.839636893527816,0.00668081695846092,0.11265030968998,1.20817706901395,-0.823905178770273,-1.30827682494709,1.39175351218273,-1.4501633568685,1.33617980646127,2.96554587742607,-0.490085767224849
"ZNF888",-1.38171385856454,-0.380042433628758,-1.51099638127106,-1.64889639641536,-0.938605803925263,0.386158330890483,1.63137363342273,0.28060393494685,-0.53168109140824,-0.541771438270795,0.865330684701685,2.32064304733782,0.189669871984377,-1.9657878585247,-0.425432629767546,-0.938844065954993,1.46102145137489,0.726510767751551,2.29727188401581,1.49077656734002,-2.1003469921101,-1.33170232055252,0.205572047080369,-1.0655500420334,0.369484823140982,1.02335924861583,-0.389157346078578,-0.938390626105642,2.00666600998479,-2.03500865745513,-1.11068402151741,2.18410028354231,-0.703615742963035,3.67336950413657,-0.876816075058433,0.181683708084307,1.96451025852654,-0.35331069569068,-0.102543099021721,1.84615220406723,-0.0217878800550594,-1.72588729477579,-0.971207583904202,1.25669020730593,1.41508288424214,-2.5289967616179,-0.88318168569654,0.392938959835161,-1.9116661116154,-0.728163090979244,2.0504974016166,0.950273965494226,2.21544981608804,0.300237342272283,1.97609957585026,-1.04610482369162,-0.886385126860744,-0.580098706966046,-1.55185269059834,-0.342507168810709,1.54122800218895,1.03241902713482,-1.4386896960611,1.37714164555072,0.411516490889026,1.38499412312299,-0.118332157678829,1.07240778903455,-1.30035239154061,-1.65076370658338,-0.765389426666074
"ZNF626",0.813704420812553,0.976065075012258,-0.197336089321368,-1.05749022498139,1.63915793071751,-0.951867705178519,-0.155284010639141,-2.19917655622179,-0.632720813024322,0.11802454579012,-0.588375818905874,-0.365132894296424,2.63309047475405,-0.318430775168825,-1.42537356153665,0.560217007455849,0.00897775236699843,-0.235830068764134,-0.94561460341868,-0.76390484989281,1.05859001513018,0.185586845281613,-1.20599506192396,0.194470500224,-1.85409496639851,1.5327087766218,0.400740532759767,-0.460176153546183,1.21389263519202,1.58483196034775,-0.31184310830861,0.168829819460146,-0.386234779448782,3.27839709588782,-0.384406206478269,-1.77044068646582,1.08571568495899,0.0962574965518673,-0.345724439080462,-1.26005336123264,0.501156091631864,2.47368910837616,0.56840086450132,1.33089143475276,-0.941942628276439,0.0426907503505962,-0.0725506583640828,-0.0362255485275699,-0.931883240751435,0.275305803053363,1.90872946624279,-1.19850158398144,-1.12823031930422,-0.944402230378296,1.03771511873517,1.05352491423083,-1.15704595838539,-1.55435478841658,0.782569217886138,-1.20187200957176,-1.96041289168681,0.43174602321358,-0.261884922685516,2.24831783384393,-0.531435338699745,-0.327302318185827,2.04762044138933,0.0486168217052958,0.360609863713211,-0.134637376209472,-0.167062172496501
"CRYM",4.42676358019428,4.41059923820716,1.72037675875686,2.57918831003088,-3.07548468995884,1.65113608247509,-1.94634000319571,-1.64881934008342,0.716412460323097,1.78461511856429,5.67831413703724,-2.4216601354939,-2.52121954583459,2.45205176250354,-3.42873419275092,-1.48453016997331,-0.222724547802591,1.65886522645007,-1.16306357331039,-2.56540151913594,-3.13027388422775,-1.96367210314284,2.40948456474782,3.44291522488625,-1.68896916243912,2.555413350961,3.13816163878982,0.450247122540779,-2.69826925672835,3.58772707419063,-2.92082810622928,2.19196550190037,-1.47130286013356,-2.48076424739418,2.21565022622542,0.671434013404826,3.35336782991775,-3.21012295605765,-0.757739377981181,3.81801333327476,-0.873247446403137,3.5009307617927,-3.87398152152418,1.16927595404915,0.608974469369832,3.1005512315514,-2.30565845551098,3.92005536027749,1.18922909206498,2.50487781294219,1.94595903729547,-1.82415062482151,-1.44006786365666,-2.11841580773226,2.3400869448975,0.128732336172895,-2.20210984395651,-1.3449887843784,1.67094624081044,-2.84518720643688,-1.32674544871755,3.63335908808726,-2.6400215617153,-2.8886070359526,-3.03531413994375,4.55900173751737,-2.425943832933,-1.6023034907772,-3.27167305955391,-2.32100943987566,5.50528834717722
"MEF2C",-3.55094251071692,-0.415692795496473,-1.47454164522536,-1.0610957913453,1.27303103628621,-1.07075325098384,0.0197331669622546,1.93537438784558,-0.809887539166873,-1.12254073314817,-0.42740251246801,1.13466860014949,0.554784446282011,-1.91415685915613,0.949872185922235,0.268658289562056,0.922644981192478,0.659185428745916,1.92952024426437,1.59919518995819,1.31208544383438,1.21988241766155,-0.336412453017417,-1.12708685712735,1.63542774898314,-0.929135647030844,-0.935971998449992,-0.352569245951983,0.789175658051845,-1.48088569364797,1.0752515808135,-1.20171857775009,-0.343118963574823,0.94415393645973,-3.64654976371685,0.789870907253102,-1.46736267111357,1.23237175839797,-0.364556508714824,-1.33358068812552,-0.525017359258271,-1.5368733090935,1.14112076722156,-0.679555684718593,0.77463232818663,-1.13056378193431,0.945278492347129,-0.461077030757976,-1.22581863956667,-0.669035528223769,-1.01906748143997,1.82435269297714,1.20133831855745,0.609689793878248,0.194356168651903,-1.16123479699348,0.68764611466184,0.4944955302567,-0.887703954269056,-1.49791053190924,1.80335774540377,-1.09167422972788,1.01931400973969,1.26134430892784,0.103098802206298,-0.986422652730464,0.9663873903939,0.114582662391781,0.22691741894964,-0.359443221142182,-0.431282838443229
"CENPF",0.0698836311037429,-0.136634771416735,-1.8539853298222,-0.00738112944948974,-0.871494485180005,-0.0355541863210915,4.50557519373221,1.79665019773321,1.14599999676665,1.54377354142575,0.982440689107882,-1.43925778847616,1.4262115922798,3.61997712961453,1.65906830099513,-0.487543912608116,6.93464274465602,5.9873727414863,1.45429005142754,6.74652863189228,-1.34358679724328,3.3633969725102,-2.260621301553,-1.13393295430799,6.01226625848032,0.907332454582435,-1.75154206436573,1.82373276606658,-0.711851437525947,5.38069461528764,3.11038403887109,-1.63149672371405,5.3832288736292,-0.288913923384881,-1.56888389603455,2.31693708698234,1.47041279904152,1.34875222382652,-0.104719119903019,4.45084911665467,5.24221484799093,4.21596113499266,3.91490575647579,1.5018519841901,-3.1138217296188,0.423676841707954,-0.0761081293615383,3.67813340852387,1.88518348390796,1.92280205468003,2.20196373011333,6.01972194299665,-3.32891969997453,-0.48389534020575,1.98080550268432,-0.0766284379390498,1.02679505939516,-6.7580986773847,-1.30338724140052,6.20012166590546,-0.979922986617708,1.38052893034255,1.22967512790117,-0.110521551679084,4.22730187509275,2.52008340215213,-1.68850058204951,8.27037963769632,3.35265939122301,-0.762357767227248,5.32835025272054
"PRDM5",-0.993219431430999,-1.7225937349753,-1.30179775727457,-1.20802519943755,1.76278740942117,-4.01858468295506,0.94405970035824,2.04701641390729,-1.11325804549596,-2.20735373957366,-1.2715895445589,2.86523507861262,0.91629842058336,-1.47942193698405,0.297962374395794,2.01492357209922,0.111646961712956,-0.729619584479132,0.466624742293641,-1.75077710258544,0.833351837863559,-1.88750062196823,0.109087243785649,-1.74449939047875,-1.53126228740757,-1.09862418391949,0.864052275753148,-1.58976303363588,1.36650409217412,-1.32314783084193,1.76834176753586,0.168479503728973,-0.0963399809980834,2.9262131436114,-1.69816279910839,-0.333784639762879,-0.383701789184242,2.49127226504242,0.778682670653089,-2.10426638722709,0.346266376630787,-1.55704541472266,3.10738587849677,-0.240582532097411,1.65111179896225,-3.45109509196268,4.25908019541241,-1.54247318604373,1.0360625886065,-1.05529852336231,0.63798260565175,-0.852769673727246,2.22655182063661,-0.381054883855048,-1.32011906767474,-1.49562991637014,1.94120069959427,0.428842129872292,-1.50713774156962,1.14430977793298,1.93823040145032,-1.12129456409368,1.78896290335378,2.09905862761509,-0.364486496351222,-1.31166188557748,0.293932400048306,-1.32735057887352,0.801882141022105,2.9574172161445,-1.05991982521078
"CREB3L2",-2.28087543424731,-3.031686451748,-1.42347921270762,-1.99330432530789,3.89327512418694,-2.10898429288041,1.13189453867571,0.678527506524885,-2.3807733515625,-2.13825070767533,-1.4946790876548,2.25890602729332,-0.0685839042104168,-1.36970471407011,1.92347870021648,1.9634396833246,-1.40159781950443,-0.0654452582655747,-0.919785822707434,1.02572033577956,4.0669204104461,1.00740063450356,-0.653181416407483,-0.781464122444012,1.74400922923717,-0.265826059886189,-0.330066029964965,-1.8355980337768,1.48994609945124,-2.60625205817144,1.45246083967916,-2.14135350039362,5.35094246690602,-0.0685290902116077,-2.54254448270127,-2.24940647799054,-3.21661277512831,2.48512151358649,0.0145552437122499,-1.38560237674877,-0.0898859588711922,-2.15648346394398,2.41022902960246,-0.418599735203875,-0.991856693040014,-0.591444446712149,-0.490179044111812,-2.31232185290445,-0.313228384612949,-2.61569778846068,-1.16855513758704,-1.41969373698209,1.69271503140187,2.50017241536702,-2.23014737918834,-1.4270962988749,0.961985927198858,1.2143677037534,-1.49024611377714,-0.174388151737883,1.4950611464357,-1.60034332553124,2.24844884802954,1.50989328338603,-0.731868651973877,-1.43828692531579,0.907760046787995,-0.973225004949747,1.7492123988323,1.14679312981315,0.0131132244905882
"NFIA",1.03434683332746,1.70277293617934,2.15467395849656,3.93155196633921,-2.23083853197752,1.66269162345708,-1.9320168522523,-0.0701089292666279,0.834164599329436,1.50287136642361,3.0828472722282,-0.125711233058386,0.890148341809852,2.23697711718816,0.457518922318441,-2.01776139547659,-1.76510812141227,-0.807413779854852,-1.35282310124296,-2.06820647436302,-1.93813616384008,-0.149280812193149,-0.297126187780725,1.35683960052437,2.73653454386592,-0.545776843616531,0.206378245990671,-0.390927143255513,-1.31960405687408,1.89648813192124,-0.893849023081667,0.226244285324332,-2.16479232213254,-1.26837758610842,1.37944668353054,0.300233382125415,1.24335219499456,-1.0741191206458,-1.99325295177241,0.625028552477731,3.02792012166716,0.0394027983613398,-2.81975183091282,1.23060897360269,-1.82959201025495,2.20199476690268,-0.996889097857485,0.247071698904507,-1.56231044518873,0.850883957759221,1.26244163804057,-2.6994813922314,0.0608202702768451,-2.90478054299815,-0.841824998052958,1.68232520454011,-1.45861443064717,-2.40399971055366,0.532086967450938,2.17260755043039,-2.18581150728691,0.180380703582726,0.028392928040807,-2.30020022993572,2.29372178877359,1.95692811118053,-3.37407465493483,-1.28223409664992,-0.936459917807748,-0.781873668218669,0.707941603268556
"SNCA",0.189308603985119,-0.758483891539211,-1.29826287409174,0.0275316971637455,-0.11297734829763,-0.407276047319568,-3.84899854859976,-0.829819128631599,-1.3552609581498,-0.627789178358234,-1.96635931269926,-0.0494934916968001,-1.71534413442739,-0.775794497867715,0.388614909099719,1.44665999661427,-0.255953678857154,0.191289205721001,-1.72389182644896,0.678570246648506,-1.40698354637415,0.611652907448894,-0.161904910723396,1.22997690168543,-2.84396862318571,0.520533373702831,-0.48630273217301,0.366559418206827,5.47038077104929,0.897434626057884,1.13523028972534,0.299378353512605,-1.92331630090301,1.93646685611428,-2.25326700391098,-4.46039736103715,-0.155395277471621,-0.0830713205190592,1.31129999589022,-0.164602951858237,-0.673655850442371,-1.82634222599596,1.37087181282028,-0.657718322583742,-0.861895616970996,1.14791891805005,-0.942962654928396,0.914648082020697,-0.96095510618294,-0.729177822854426,-1.22924933411691,0.39633363248794,-0.596351209642805,0.948138400533256,1.11777666047061,0.684767802768324,0.796116656655822,0.264543458236312,0.29168024482336,-1.20536966999602,0.937553309760977,1.78687081229491,0.352922323585322,2.43356691146727,-2.16410495288966,-0.0866467256440869,-0.515194195717355,0.880516830463293,0.0211496523798358,0.501262603010123,-0.0165795065753975
"HHEX",-1.7563339609043,0.479668358113927,-0.874430020037226,-2.19654636529762,0.848506818635872,-2.51235447961828,1.41804380238566,1.73990752021827,0.183054548969861,-1.11944557439234,-2.14673434311255,-0.811822937476078,1.33881263541887,-0.508839963834658,0.811719970855014,2.70060274611196,1.30621627196193,0.755525598600286,1.48625376931279,0.454938135186111,-0.29109652017419,3.15901140920425,-1.13330801245934,-1.70596097047133,0.781135554614267,-2.04718335095097,-0.591210572992327,1.85728396868188,0.279534350183843,-1.73575519076468,0.428511452744483,-1.10428904383037,0.350447456467513,0.528694882703983,1.73799282980837,0.683846125666664,-2.04267538503154,4.2913224919159,1.74199114830586,-1.19811949314433,-0.701913906476469,-1.36339006095136,2.73602068337545,-2.2834235564501,1.18678365379435,-1.06757247281678,1.43740362623917,-3.41918429410587,0.49257312195131,-1.63165710755811,-1.10693957027725,1.06010364149978,3.01094925849934,0.455846953730713,-1.2756962579004,-1.9565672158057,3.28814803946164,1.10803379732919,-1.1322903531603,-0.780973897902015,1.42480311066899,-1.22948975072345,0.84128810456897,2.32522581183198,-0.320842657530685,-1.15828293883979,1.06236204815035,0.847167873277715,0.361649266101434,2.77637273101378,-0.118139077404727
"TP53",-1.1592344527873,0.0708863664467699,-1.10485735955269,-3.98846813461759,-0.537448178770302,-1.45958685019506,0.179161340694862,-1.58213156387704,-0.307891083693144,-0.266426364779728,0.766600444202601,0.0986637537901487,2.80190637726105,-0.354804794412937,1.33644605994,3.07078704720546,1.28593922487015,-0.102671202248663,0.459395931133203,1.63548702290794,-0.851871655686408,0.941484619603219,-0.163951988345462,-2.10489515816878,0.805352831404775,-0.906085558300776,-0.702577068133165,0.67431582911908,0.0581195444567339,-0.490504367775517,0.128589971182456,-0.196227633056482,1.41976108188477,-0.700970095489292,-3.05231767788207,0.058421401196253,-0.64557666976008,-0.70729381480662,-0.362031035172343,0.383586795210895,1.71125742807979,-0.237566841026262,3.35770568815132,-0.724421676576013,-1.06433773504134,-0.622544460144781,1.69215998111916,-0.209489122714292,-4.13060150601481,-1.9960380532024,0.4058894556925,0.950387003911514,0.0140134437066891,2.25104365144702,-2.96904696180821,0.746071254198372,0.368143920994822,-2.27988619016157,-2.4770660665829,5.54146202896235,-2.04942671626456,-0.529396764138846,-2.73373001788901,0.817830093871526,0.9444753426671,-0.49207619237273,1.9603604807037,1.59433309497234,-0.443870210573639,-0.988839296113455,0.166951028742035
"MYRFL",-1.37430005572953,0.216713323417998,-0.607085571983222,0.000142932796709294,-1.3988848418485,0.1124777997017,0.406419565170639,2.59362653561025,-2.50120285484946,0.41064814849363,4.25992563202609,1.25578956490135,-0.231979321060071,-1.0313267563749,1.60030213330877,2.34293239578791,2.61171845531084,0.240568606741356,-1.43111722123067,0.374848736168826,-1.36565323677199,-0.8581793539894,-0.480895303741714,0.292403636049665,0.321330269269269,-1.14637943814378,-0.674518103579295,1.56706652802954,0.758978136023624,-1.37200009002081,0.0982424347402259,0.619897686440628,-0.980995873109522,0.00230108532203582,-3.87582049901078,-1.40130055035235,-0.736512417226782,-0.233175649575425,1.83086154600692,-0.689059518146532,0.491426942062343,-1.77206633929715,0.826772638235991,0.972285802413726,0.743780532722848,-1.97875614938261,1.05779391742485,-1.05525600562802,0.485798697066638,-0.627417996634816,2.50356317984154,-1.28094981612232,-0.436928304325371,-1.55135357738362,0.0694871958653808,0.166206696008435,0.29148359542894,0.100678120794106,0.540599071512536,0.592892514970036,-0.538988020593392,0.675419022367329,-1.00692381227351,-1.0155289589713,0.894735051616226,0.245523316440972,1.0157505190024,-2.52992626157016,-0.559453033269842,-1.18727716573993,1.13183503010186
"MBNL2",-1.74277903233758,0.662736349422921,0.0494816996800547,-0.121571912118184,0.692902471299654,-4.64440021204753,0.564896033868289,0.868021236010232,-2.83888999261844,-1.46553971492779,-3.30206581404879,1.00851366309815,2.94046865711327,0.227491830331217,-0.15784830644067,0.439470414756074,1.11927166542567,-0.388736014485266,-1.56832256482246,0.5669262052733,5.65856727725891,1.34504232063287,-0.911670181841352,-1.6297397009539,0.958631622000652,-0.899343624157576,-1.0129743335621,-0.258750749089983,2.56852186189751,-1.06329134961247,0.290559130492617,-1.76897033081474,1.94268256601093,3.34799459642143,-2.24127314654922,-4.25217838494513,-2.0203879664019,1.09475444334392,0.580284801678331,-0.850642933411771,0.993075279058451,-2.91270656017458,0.99562613900095,-0.720521051756303,0.201538564205793,-0.56091276946258,0.613306917699492,-3.2452951455532,-2.87808296804945,-2.21295244710089,-3.07470873953043,1.27825957316101,1.48342548643973,2.55305464465165,-1.99746646666874,-0.77594918272052,1.99575640921725,0.866265074975414,-1.0647077338142,1.35543126898866,0.119798536742312,-0.632587825598192,1.3985266194727,1.53307194855678,2.29314864401923,-4.39221490261994,3.13314265385394,-0.879153785337822,-0.373267495534221,3.85670407110126,-2.75375696654533
"NFE2L3",-4.11036156052211,-1.33185476009289,0.656934348703502,0.0463173144398541,-0.497333169968865,-0.802915419786282,-1.76348202734051,3.78555416123552,-4.13683782338134,0.334101022193105,-1.80699837692373,4.7308528101196,5.97846653913367,0.997537869080875,4.04746898354104,-0.296018821896315,-3.28176417613402,-2.45347865038618,-0.465868650396508,2.72872231868938,-3.31703374072464,1.9252737235964,1.0744494781836,0.221364005817683,0.345860447622577,-1.23314361590894,-3.33495861648168,0.789183369187086,-1.12400898483868,-1.04229780748603,1.56988476811024,-0.766996793347754,0.628791309079898,-1.81665114141201,-3.67022474837067,-3.47720314881467,-4.77881879105537,2.43604736888824,-0.293563144891837,-2.34524142656251,0.721941160688809,-3.1399810575916,1.9282364287217,-3.28704720418917,1.29678815744307,-1.77542964144218,-1.39974730225059,-1.52713021424218,-0.688355283076756,-3.20858178207525,-1.35517927602165,0.460275198534157,4.50173923239966,0.894677544644991,-1.88247939104859,-3.38220602360775,1.28220673204115,2.55737518198288,-1.87185531632095,-0.0338776540153516,2.62277588795387,-0.0066649690556802,2.26157598386389,2.3086518100912,2.02743637797646,-2.5430995880432,-2.80386453993521,-3.95965108892759,0.729016047735298,-0.110443774542932,-1.79518958852031
"BARX2",-0.392706916766443,1.56093083101439,1.31121519779632,-0.497736946931728,-0.249196051191348,0.0746685310720214,0.968964150210434,2.49005967194,-0.39347276213092,2.60320631702768,1.40049127242752,-0.653201648174027,0.00327749192877961,0.921803308437733,-0.198933146369087,1.02691950301866,2.07774461463659,-0.13825297618165,3.13231031409353,1.52530007063448,-1.03482884466945,-0.328981141482073,-1.85958484384548,-0.380033922823827,1.42253249248675,-0.910809569822133,0.520071655974499,0.868588382801637,-0.0396988980643418,0.106424435656035,-1.90716116702402,-0.444970289806938,1.27098189472854,-1.08725147660789,-1.46517284107878,0.0384872698359862,0.3402838315747,-0.57625966713471,-0.251954083970985,1.06010108090662,1.04304009179078,-0.090922284465221,-1.04851786676522,-0.938631921156073,-0.390297299089468,-0.46391368676879,-1.8693311103128,1.34216536162536,-0.467264294114055,-0.411543992994234,1.31540821903875,0.810492626376162,0.0590404679565801,-0.605434378701264,1.20483263803849,1.01116977227103,0.493579953970607,-1.87362392873292,-0.500168218315135,2.82090021645994,-1.1321604127654,-0.801464966831978,-1.28805399364069,0.189402025283339,2.80083091859463,-0.229796778775769,-0.343186013178206,1.96322925532674,-3.00666446611379,0.237080885749013,-2.61304474342155
"MEIS1",1.01060589698901,0.11700537880466,-0.375437443982684,0.018256580982973,0.562840875541582,-0.176279360307637,1.34730963018051,-0.709516123268312,-0.20488329685777,-0.580824080327085,-0.761585001256454,-0.793510406020434,-2.47226828619335,0.142026504946837,-4.04565388549024,0.0474482032415405,0.441326557615084,0.953118335995478,0.39706032832694,2.66944442111078,0.355804017945058,-0.170604890088554,-2.00632393488609,0.95065475801335,0.999425920317124,-1.67377656590399,-0.250754643634244,-0.856032425019154,0.78434018100376,0.453990925428361,-0.118906775895148,0.180076015423715,0.420120699511993,-1.01717363952772,-1.38378999034005,-1.02063680669581,1.81531557121304,0.636830565599116,-2.95362922041088,1.92945147784629,2.61945650205698,3.30997210513208,-0.0249959132162079,-1.71425392160808,0.187557706300069,-1.59987655987592,-0.0373516355166423,-0.0107975739307369,-1.29906358072553,0.423691009574547,-1.16737596473722,1.23116303540922,-0.418193436462378,2.41621121808593,-1.89977503578533,-1.51213323179731,-1.50236771308604,0.12837617615458,-0.656651683228533,-0.560559135893933,-0.563889920041757,-2.08918135828243,0.056632650589254,-0.343452317946863,-1.06769783717978,-0.99110945240805,1.71028835787044,0.383577470402145,-0.107409012962257,-2.60556425809747,-1.77749501609419
"SALL4",-2.34461952402409,-3.06648284504625,-2.61220475373207,-1.6293548151368,3.17576031207229,-1.39326371492024,1.81817476134483,2.25661342911038,-0.00578322898177997,-1.80594273188273,-3.93503508822647,4.17266921431923,1.2264360004744,-1.84683657067414,1.34380016338282,1.74243936716773,0.35777127896851,0.330435658537077,1.04710802653491,4.33025150952384,0.396462168594947,-0.101816384142511,-5.89737384740106,0.446967896177607,3.41923078821713,-1.04717851121537,-2.33497089994995,-0.828580087836808,2.17435614665058,-0.897459851089259,0.30169430363338,-1.30636620230039,1.00974160413781,1.05135641904366,-1.8897798059762,-0.777927124298219,-0.813380207937412,2.55177249980048,-0.397390299891476,-1.03938967899621,-0.924509701184137,-2.50355219080339,-0.255646960102638,-0.854514802756248,0.58677065906583,-1.6440526067645,-1.96109467104264,-0.486705571840695,-2.50971569330338,-2.19769588786492,0.0370327716409,3.37400077973635,2.6513645417966,5.18256918574246,-0.00849256696396822,-0.708754684508724,3.05253462444802,0.688356343123173,-1.10984413620119,1.07400241004465,2.60861201983632,-1.45800291064432,0.885249841963073,0.399723151905494,0.745026980433539,-0.354768011882323,-0.607673068017108,3.28745528341438,0.0132238457702631,2.8918994782051,-1.52874960400594
"KHDRBS3",0.689405506727506,0.89478597650546,0.700021370642489,-1.55040075439979,-2.45865444381951,-2.18605965996927,-0.946076853426471,-1.25700412521754,-2.81115467473389,0.561295160602295,-0.724770819260111,1.12126922291099,-1.75332971174103,1.72877988639344,0.140325096014743,0.867795510121382,1.41829344333197,0.903872815986997,2.43704931985293,1.08370111581569,2.76263566390915,-0.535125452902187,-0.016787720061355,0.348100592378686,-1.5476338130307,-1.22957785770877,-1.31469286928476,-0.111317620080443,2.22228289153198,0.874509364316048,0.289681770855438,-1.24563853367384,2.15818561187328,0.0662845044232569,-0.51100494730062,-2.882750831538,-1.1249517591971,-1.63102487664959,0.306369805045416,-1.06076071548729,-1.33813236234069,-2.15279608484189,0.199739513149766,-2.42439779318118,1.80850418043574,0.273728596687922,2.32788031302657,-2.45676539849021,-0.229993560042222,-0.912590036948156,-2.60811129999798,1.42140547217365,-0.288759052305166,2.42115454407895,-1.98856337982594,-1.67027803020335,-0.947945078579043,0.307247264536619,-0.172163800854963,0.0252434402831764,-0.429675319398463,-1.13898514103525,-0.101970037984337,0.3521144145826,0.0589724834145177,-1.75201980531689,0.737785222826353,2.43211858875339,-0.449521839571766,2.73254127038274,-1.66200425149613
"YAP1",-1.28043225972086,-2.02084637603904,0.683500935598765,-1.09409279882118,-0.936839884456423,-1.02433528640831,0.344205648085208,0.182142213977042,-2.13450375651918,-2.3627210673081,0.444212275966143,-1.87219476173892,-0.0386577960662306,-0.428642631613975,0.400768163261273,0.635321612123002,-1.48694408834941,1.13569112893704,1.0902428618798,1.30043661140137,0.617988872915527,-0.515742771801386,-1.35133519869414,-1.76884861477552,-0.333411476392304,0.259595645194057,-1.57845959812825,-0.69810453457061,0.334386380788865,0.0859883602120425,1.53821278490063,-1.44922743444918,3.14654666086718,-1.28461797379966,-1.74240298948477,-1.51883392753536,-1.96328723338591,-0.149883537385074,0.0836843487581054,0.795076129975334,0.526887567558904,-1.70139653722628,1.52525244213388,-2.03994213266328,2.65008307121217,0.484594230416197,1.19472695560002,-1.72868319455878,-0.227378143266371,-2.76734209689557,-0.739572055593188,0.581151146041287,1.41600430262591,0.461134078686643,0.763167786840851,-0.795602698284134,-0.4996929390506,2.02837933793308,0.0952656383871557,2.29860365312826,0.958838942533586,0.426635868837213,1.00760126323526,-0.730118120005057,2.32144144053983,-0.837373464284359,-2.01622184899153,-0.881142509664583,0.693077379773018,0.51683344292106,-0.326481418624213
"ZNF667",-1.01851259787187,-1.85069925369286,-1.40265550316205,-1.81778764691058,0.547991802181405,-0.864732277182284,1.35517498281066,1.434651636407,0.236355710769426,-1.51423109466102,-2.35785612585927,1.13070703970215,3.80104783450331,-2.22034443780726,0.32176081401973,0.50513342577696,1.45583848243449,1.13341802361601,0.338612331366427,-0.673923201916512,-1.92944243839695,0.54141816546929,0.912747225658783,-2.97450596690723,-1.27516381918195,-1.34459761325532,-0.500284931205892,-0.51674077917803,2.32276795043771,-1.93910018262585,1.41423643151255,-0.819138382370859,-0.272591553082096,0.664123035424421,-1.22831760359993,1.02123770021266,-0.118245837176406,0.847333707358339,-0.997803844284457,0.666502396818344,1.09260226994762,-0.00233055140067425,-1.02143517673369,-1.01189558209977,0.339092074594128,0.39860978907245,1.25923453926209,-0.320476997355061,-0.878300810589975,-1.42193444322612,-0.623229319310005,0.520493613561738,1.89640347121048,-1.30654910095178,-0.757876817383862,0.577782034699958,0.120502840966768,-0.0800651883812708,0.62548798201192,0.780513730343651,-0.278149821972748,0.616331047551267,0.0566603252835577,1.56341513614662,1.04415119580123,0.75346922580672,0.628550098249051,2.45696105182007,0.0678504310367571,0.717042172682239,0.0228918462622931
"TRIB3",2.5985545776338,2.72279889493805,6.47112101801448,2.95985070074528,-3.63311912300485,-1.7329937649645,-1.63543626699102,-2.12245720456514,-0.777821757260574,1.68503150836036,0.530029189287497,-2.62120789000663,-3.64214604032268,7.4897917379076,-1.83425978732173,-3.41324603775006,-1.19188799092515,-1.34969717701409,-0.98563109418337,-1.54246576404628,-3.48424260100584,-0.449179353530121,1.80169181232575,4.38285991578249,0.142940458018589,1.56654486718864,4.0676649504807,0.576091993837848,-2.68962695866403,2.96300629122932,-1.08350370909945,0.788006201161342,-2.08984015783042,-4.98744838620018,3.04767860087328,-1.22959142912033,2.13264439190237,-2.96650581529322,-4.10836319721171,-0.720357164449844,-0.240950662322725,3.46997756550728,-4.15230287620988,-0.581473830266194,-0.314121611553497,2.58607769135582,-4.04555471827462,4.77771054801788,2.76223821260028,2.33022362972814,-0.349694187201563,-4.1004084456787,-2.32719916518599,-4.04234772505747,0.581248654306289,-1.22536018715754,-2.2714147039807,-0.953373934732466,2.30822079299395,-1.25259160942764,-1.29014317356818,3.01711322617574,-1.5529384438305,-4.49517727739872,0.495451246097112,2.50687876342468,-4.90244888764844,-2.23776164075027,-2.30559254914668,-2.97807171945365,2.53881168180505
"SIX1",2.91619435643406,-1.6634740369198,0.266006936313651,0.188578073737508,-0.112721843217531,4.21400982218887,0.445392044704185,-0.668188495567463,-1.28587463066936,0.498593441126699,5.07689100635551,0.1170239997283,-0.899714392542229,0.589630649751794,-1.18156752411931,0.0652937957733521,0.264572141541418,1.57759656241363,1.15278188468362,-1.61900176919677,-0.573763997832669,-1.40114229778419,-0.0661191112082418,-2.77350384935202,-1.19374491974685,1.11418535147795,-0.782400929573596,-2.1258746944932,-2.78395539941758,2.26579036053191,-2.11011998078514,-1.12904851737774,0.943543877165822,-1.12365563222682,2.35320925620036,-0.246878585284141,0.472518154654748,-0.841243259267407,-0.0373721619397895,4.94647524753498,-1.71672054667834,-0.376593662811113,-1.06412586320183,2.23349835659542,-2.24929097276463,-0.705302437683162,1.66148644282374,0.0933676567173984,3.72895501877391,4.58083109301745,-0.288462621381483,1.01924405830594,-0.887261960648426,-0.189338924105415,2.23994938137632,0.915464866598788,-3.80186235107554,-2.66293460224637,1.07057289577019,-0.243690331583611,-1.91301570132321,-1.21307829664164,-1.88628412065707,0.198839517707791,-1.69036364606802,-1.10503356984643,0.378218166319049,0.0377295601320784,-2.44882140913114,-0.539432130928892,0.14190319250215
"EBF4",5.45213648413963,1.99727926826439,-1.31630260479828,0.708417495498758,-2.36151235914091,9.60618087872905,-1.49064369423177,-4.85110705551117,-1.31264977453114,1.33009046684628,1.62720825480807,-0.928675417448514,-2.24305649024251,-3.10349706669421,-3.28789936900768,-2.22457987263578,0.913421943556276,2.71244025465625,-0.474068182679199,-0.790068928243084,-4.99079820596877,-6.37020069592536,1.54599872685731,0.116362637626349,-2.9522083396654,3.61409895437565,0.808084882085035,-1.04007935285227,-3.86025852661255,1.26612341045564,-5.79175354941709,4.5204640230625,-0.509612297451475,-0.523505360294535,2.55914967596831,0.602801318200065,1.38133816055124,-2.65911966125987,-3.99380932951261,2.45973255207297,-3.0664362137774,1.12355057595612,-6.85012462889845,1.64807896685652,3.25245516697887,-1.79300500850972,-0.976394548207399,3.93350317660871,10.7781526275052,-0.498796976039972,-0.490187022368792,-2.88549006305431,-1.58359523578297,-3.92470348206797,9.04318356915582,0.089397964259322,-1.74387886623154,3.81549710321688,1.74929068491551,-1.84202769009047,1.13351588942001,0.630668073949159,-3.08230651546351,-2.85411213984196,-2.20476526861201,5.57486295668659,-3.14151025933672,0.907026131721041,-4.15546712048092,-4.61720875148172,3.09419512994601
"SATB1",-0.493882072946759,-2.37910442095664,0.77937908831114,-2.00043030690559,0.771602795965457,-0.527369831495172,-1.55174683413159,-0.0346089579849635,-1.09359397370716,0.659262521409897,-0.354675422418336,3.97488108406174,0.13433883645942,0.731311874493908,0.969296976575431,-0.140354750961789,-1.21850230677284,-0.231652726525947,-0.0632336174181001,-0.976968986756007,0.490678758149636,0.123515473888632,-0.722214426490077,0.666586371220971,-1.9799959017461,1.02741115811598,0.538734274990768,-0.65702515091392,-0.524462099276339,0.626400022088987,1.04547544846643,-0.618164459086462,-0.0323641168888248,-0.414039915066482,-0.594114016102846,-1.20013587251862,-2.23802035958097,2.3999820899851,0.158629330405392,-0.513501915114889,-2.44174588327363,-1.51837762311329,0.492296210048655,-0.76060165278388,1.03148180834426,0.993158805953223,-0.654230560615372,0.0833171618405682,-0.496912432011263,-4.76612964602351,0.55860474866852,0.255303171278981,3.26194647998971,0.00152236401080991,-0.658111584369189,-0.496981324234219,0.854569936124798,1.64570910788543,1.0079788449185,-1.98413261133243,0.873207893849708,-1.59570939589825,1.48268269127273,0.80790567687737,0.21352187689855,-1.47107012989663,-2.30037660825413,-0.0722772236182924,0.762246075516934,1.67712953218326,-3.22011906714225
"ARID5A",-1.86720896688283,0.371649288798774,-0.457729628405677,0.303978891645022,-0.29333944954525,-0.942212713712696,-0.731430003971953,-0.559159870780191,-2.33314075104026,-0.24247316990279,0.295224727257444,-0.448676282180858,3.20056703251804,-1.81992064000533,-0.815616026808948,-0.491789019841592,1.7504253514872,-0.150335202591251,-0.790288108739875,2.84535692793946,2.70760929257516,0.883426739807512,-0.0904920402131529,-0.623683947933005,-1.45448585356472,0.435860755013817,-1.41851958370272,-0.548773017838839,0.494920286989828,-1.32311899116801,-0.36727894035691,-0.0927307368172829,1.37415306935012,4.08706624700479,1.75622600921613,-1.1685450844766,-0.853506920160861,-0.213752516934769,2.36713213951386,-1.41364654217829,-1.2711430354761,-2.6585632122008,0.440683737294218,-0.024471971760139,0.659352847866837,-2.68284659806791,3.72037700745006,-1.00414327372324,-1.05262380854754,0.950132140596686,-0.300885610137323,1.0247478496748,1.48029253676358,0.88016432884633,0.0827511195994119,-0.650530454410213,0.825250428238206,0.981749179935692,-1.28010915930725,-0.303823702796453,4.85229472223866,0.357606570930373,0.308064042219737,0.00269818869130569,0.534340891991418,-1.38664324344248,1.33260543852878,-1.53798266096343,-0.893648916288511,1.37895319529488,2.18962422531545
"EAF2",1.45635665897574,2.01512906709744,-2.61085900366655,-0.302999330601877,-1.76013768641833,1.53387988740885,0.548168968874096,-3.46176130129304,-0.811396151444398,-2.46218770860514,-0.752704975303953,-1.26867083448462,-1.34721758607076,0.641547060516133,-2.86631037835464,-1.18149279103984,-0.265992603387185,1.82298836134778,1.34001516628012,-1.30102403105012,-2.75055783074335,-2.86467460348225,0.635986978897522,3.27975179597035,-2.16532230234852,1.54895003773665,2.0538073039779,-1.05124839314723,-4.01973170032997,3.2393138522791,-1.11422930834435,-0.0611748376087194,0.71060902925846,-2.12514774784088,0.905194147922569,-2.39724503285555,2.49004996198994,0.98058400951302,0.204239476683125,3.97500180125232,-1.19049805511692,2.8240601729796,-5.69483635853812,7.83980202413118,0.850305910072755,1.30528717183214,-3.91712542806233,3.38206290172311,-0.688184709679199,3.42708229722139,-0.467730565540776,0.0334807622718936,0.250647828804076,-1.28116522204032,5.32566435737287,2.81879447426674,-0.704024780964424,-0.493393968837521,4.3756428071073,-3.52243607634987,-2.18595006847208,1.96702647719369,-0.301841666109803,-0.449692396387972,-0.862727122711075,4.58168124145641,-3.94498773650828,0.647083317705653,-0.983329404021243,0.323709189303369,1.68763640121053
"HOXA6",-0.248338522846143,1.53927200053959,-0.475525405566081,1.0999589495101,-0.977898139480674,2.32926903476784,1.74937265994008,0.0479342359392554,0.289595930402321,1.76072574565769,-0.129511528311351,-0.865197151986677,1.39255027936644,-0.080036192656373,-1.15937813067302,1.9432308812498,-0.535626607062113,0.840677711728066,-0.334474476462055,-0.876404498666697,0.744293656458094,0.718624881117823,-1.76470050184472,0.900387817122382,0.00519072945905799,-1.5476043578486,-2.00895764682324,0.222797157600729,1.10643147730277,-0.237838168231004,0.697965460341143,-0.821120480352979,0.457749205343157,-0.816739736187946,-0.560387906681985,0.271017925502944,-0.0772550314207421,-0.168334471276123,-0.166716087467665,-0.576507600112744,-0.310388047377162,0.571339707914229,-0.29806323165507,-0.346637390335207,-1.30609098723316,0.063632421328026,2.12514309928305,0.107074128305634,-0.0386343273547047,-0.869170345171088,1.9978471720626,-0.0879280452743541,0.0319721590161227,-0.303866271877858,-1.23140230906108,1.3095431268258,-0.218773391580466,-0.222399701298641,-0.259206658514245,1.18222957231557,0.231245899969505,0.0777724845723459,-0.701402436280463,1.30194698741119,-1.49456942150231,-1.50038265222608,0.637017230076819,2.79280794924897,1.81427205478041,-0.0354217925265378,1.61739195177359
"LHX2",-2.20219414324588,-2.66550718336978,-0.439572448729037,1.6539523222948,-0.329972176353002,-1.39629322001395,-0.783718487596961,-0.32981499159027,-0.529240544911175,-0.0846741956978438,-1.65669174641903,-0.300170974667325,-1.23388411570739,0.189383328539773,-0.12281903493103,0.86734954603604,3.03941275001502,1.88653218226017,2.01493898998198,2.30631222030788,-0.356156430602552,-0.380412903725773,0.262319998649039,-2.74415356037093,-1.84868443714531,-1.85920478701474,0.714325140601587,2.38801562883447,-0.56025760310965,-1.6866556539542,-0.822724954823098,0.650167083168661,-1.13837809019178,2.7822952797432,-0.603927495919875,0.242493654886856,-0.728346067781024,-0.488031573809766,1.80442738659721,1.98924800841772,-2.60050519368225,-0.554778809688981,-1.54154221226878,-1.16138590491908,1.55506006805574,-0.462039820065885,1.40410769078013,-0.252924242455909,-1.74950633127364,-0.722168589831997,-0.772692942797983,1.91517518594873,0.7548530278246,0.572479023774191,-1.45250397104165,-1.18844288981786,2.53700356883903,-0.438279485119644,0.25779705613423,-0.635373485050935,-2.49020485698444,0.4029970345409,0.314801198155286,-0.185468999867181,0.941667333229752,-1.14729870325287,0.811670056448865,0.346072314243616,-1.61874602330952,0.629116860708275,-1.4752682301784
"AUTS2",0.918348880540234,0.390850423188147,0.931004365745235,-0.969814598785719,1.5272261393536,1.43780801681492,-2.01292614684902,0.8938702812032,-2.05888901053656,4.02615929948559,0.322256195079874,-0.340326666165528,-2.21628458303852,0.706259540346149,-2.95429760509065,-1.40195016729461,0.358538212177831,0.213428451584354,1.81803645826614,-2.0913085656517,-3.36249033148413,0.379063443571552,2.02636532224101,0.268712460060649,1.3535040093704,0.403227361820499,1.9831196608398,0.0692589641488225,-3.14881633142068,1.56205396770425,-0.170209161633615,-0.394994785457038,1.98167956538472,-2.25961903379692,0.808311922871876,0.316610371077718,-1.67220526576102,-0.256581138946077,-1.03740783498432,0.319067374515929,0.315372774913005,1.28859348403819,-2.64596601919478,1.46079307859553,0.273345428164823,0.716974698702893,-1.1164034225356,-0.145763673493742,1.32161338105191,1.16185293001014,0.616339743833936,1.15672153214344,-1.77140485691588,-0.156563098476945,-1.68962200453286,-0.728114272594452,-0.177843412136101,0.219164056092651,0.156944199445235,-1.46274153710157,-1.7733698424479,-0.909563593749331,0.643913623235277,-2.40263232685451,0.542785315888014,0.281939058344867,-0.990838602845723,0.231600371409789,-0.0830643522434893,-0.705424109319294,-0.237113396598665
"ZFP82",-1.4196564502606,-0.196134372160507,-1.67259022592012,-2.56957719846232,1.32267171245715,-1.66848510912768,2.06212834285628,-0.427889218124932,-0.222646558913985,-0.828625633380402,0.233408550384972,1.23954871342976,3.334396147422,-2.10847508024811,0.302310453019564,-0.451774595276704,2.19184665031605,1.3787409710686,0.124753560052672,-0.00303286146519676,5.56428698912396,0.0922205108817382,-1.05558388916615,-0.17062576581096,-0.54681527846013,0.292531246264383,-1.05460162660215,-1.98667339078684,3.83612768423528,-0.88719312084051,-1.36700092191905,-2.32662533627067,2.97410231720028,4.10507099710264,-0.526011257089504,0.15705575486182,-2.27396527992735,0.320132162597351,1.04363164941546,-0.488590604672718,-1.85397919525004,-2.26196621283911,2.46054410195277,-1.18630692810502,-0.20794855746021,-2.18331901193174,2.73548621342326,-0.607348791819564,-2.40626211946787,-1.44796023298808,-1.62583053581027,4.03368459924267,-0.780442205869506,1.6397259841807,0.639173510879584,-1.35827387407531,-0.590026737325922,-0.974168684143846,-1.47638666687329,-1.30054574755098,0.0226892217227698,0.333587716000218,-1.85320265303092,3.24556500632405,0.0595482838572843,0.510952038227823,5.24050500342897,0.637605667944728,-0.97356687153766,2.70811542213551,0.155711448924795
"HOXB5",-0.630242003026629,-1.11685821021562,-0.494902930030818,0.557441048887634,-0.0648717503285895,-0.38398568728133,0.130272851535115,-0.713441093299839,-0.827404185514023,-0.170361849225874,-0.785748346290186,1.42380522846349,0.192940188288395,-0.455137943217872,0.741142004887536,0.181690145631301,-0.440552747955068,0.703265595237254,0.544269314204711,-0.0877688746138237,-1.38979906848788,0.374256769032733,0.754133830538118,0.885429384748433,-0.165188534952371,0.175605918806228,1.4837461021837,1.19393862840064,-1.33804097460088,3.6829270198627,0.110994732950481,-0.419883114028899,-2.47141165041464,-0.6630839027872,1.39227921873095,0.980106246337016,-1.2446831295491,-1.16415972418806,1.035670973969,-0.8403725166475,-0.267955409260274,0.597718819985127,-1.77242664139903,1.5269054141227,-0.364938416151645,1.5422787701821,-0.861353271266374,0.274286445370645,0.381678205131945,0.320443581452567,-0.0350909562444726,-1.5929985483943,0.186657662912179,-1.35117333622166,1.87614580893696,-0.171911026333342,3.21886860264358,-1.13488336701465,1.4940298730223,-3.77597204202315,-0.303308999437348,1.44604962967609,0.220099244090314,-2.14305750438802,-0.0148826159107584,0.0947499452146952,0.328307398353248,-1.61852072972926,-0.284517789388848,0.510290024838989,-0.90763990049834
"HOXC6",1.04590326567516,0.272467353353231,-0.0796962935633827,-0.0524759518814293,0.793295799094977,3.12017282116197,-1.01406085805636,-0.45217486125227,-0.98851586804617,3.47698021034187,-0.380576898166422,-0.831354892231209,0.578507582912437,-0.191423563368256,-0.966716617672969,1.44512483005269,-0.355162213497454,-0.644393744699086,-1.93356955350081,-2.24774395140201,0.141691038754393,-0.757139757558221,0.425879122705006,-0.865164999371256,-0.251516603549681,1.48687075666552,0.0500477966221254,-0.59827029345079,-1.02285361894125,-0.402221781814678,-0.99588844009733,-1.00657350198656,1.28753421090888,-2.64522086810574,1.36855004468088,-0.534290328650529,-1.03211612253372,-0.868919484437756,-1.32579158766806,1.28854257511827,-2.34995392065607,1.27575243031094,-1.61632669814845,0.415419353274189,-0.518057132518917,1.35941899871721,1.55335332472478,0.25972217442191,1.48993692079646,-0.0900770467755729,0.699355644371869,0.951295142815947,-1.30728100712654,-2.40408066944434,-0.38393372471665,0.70162164614845,-0.722837396477642,-0.0182964629123421,0.265131881752448,-1.44767756514872,1.17074850809179,0.0599691269367994,-1.76496668441331,-1.59655300629503,-0.738908061714545,0.974928315227146,-0.495914710300655,0.622388669651442,0.528816461253939,-0.99342079466559,4.37844249106941
"MYBL1",-1.30543623490925,-2.28444294634395,-0.398584278396865,-0.655233868779513,-0.755263295381445,1.35153496438989,0.786709880242095,0.361643835865447,1.5249722299826,1.05551107023734,0.0484959595685976,1.17131235170838,-0.996021642423064,-0.763030652320647,-0.900350123033545,-0.598970031110097,1.73743468322494,1.10095658771408,2.4684387178387,-0.283579533452411,-0.481021730842213,0.742298606854574,1.02199913745955,0.757152848859538,-2.23371251467734,1.57933112730092,-0.847762606350241,0.278461511302946,-0.177619805537925,-0.453955271057942,-2.34198856559061,2.54091594451918,-1.09159133183756,-2.55847337374516,0.421151932846126,0.75317989564692,-0.443959281898937,-0.466236317682909,0.714331894140104,1.08579946614537,-2.81058503376626,-0.727552658735102,-0.874549401607171,3.13616457517876,1.130843697798,-1.7785932263124,0.967516425604415,1.38297228512581,-0.258912898588322,0.813757258912663,2.06655743846165,0.88696668583411,1.13806720913017,-0.666692927646566,3.87108888570634,-0.138446230915374,-0.0108396542671747,-1.11011348678961,0.458789537599456,-2.82603518103093,2.0035860661697,1.35044192585694,-2.40213333715472,1.18130834252565,-1.90580011394753,2.91922651598574,0.374579868335396,0.0502574780012296,-2.61895900938551,0.226357610076131,1.18851566381497
"ARHGEF5",1.10327849893656,0.884389062501086,-0.531760075355795,1.64293143204161,-0.494512420980581,1.81418539343297,-1.04439183908402,-0.272840607872522,-1.85564392045603,-1.33415862034926,1.76871017636791,-0.491713385184578,-0.166713772907498,-0.437718363336613,-0.866088580767563,-0.021964334766207,0.808446869334987,1.58627844869703,0.601404850706813,-0.523230422729788,-1.46325639055327,-0.737069748726693,0.242834709939936,-0.998448260064308,3.76417171005613,0.265589859265394,0.323584547372981,-0.589056877047279,-3.04361195493016,1.69390094853334,1.23900880876789,0.703563984180712,1.34199436122324,-1.7756842467481,2.01306020848017,-0.461128792072315,-0.852657459053088,-1.21438871951631,-2.73668712502103,3.00971934059591,3.90873768735023,0.146671850080048,-1.57955068154157,1.22329625890077,1.41414051834095,0.742325356333517,-0.772930634438712,1.01428745265434,2.75395640812936,1.64900289965314,-0.536802199574011,0.03731175484075,-1.13088830807294,-1.56437375662699,-1.98114474570975,1.3381231547946,-1.8711451979409,-0.245253497393064,0.111456516041959,2.11608090385509,0.932404482626098,0.650874236415282,0.69877559648842,-2.23297207137298,3.00382711249098,0.0110720899185472,-2.28418034828342,2.16967264831218,0.786529880432155,-1.23606258141068,-0.68223818399053
"NFIB",-0.26566538913628,-2.52352586009842,-0.19496022193897,-2.41614339917093,2.34669347442501,0.640799329889998,-0.367409220970394,-0.122415366686905,-1.91241501578186,-1.19949856013777,2.66413805622027,-2.78436698873081,-0.963862486759836,-1.37661121122269,-0.425685622679525,1.4327218204138,2.92292470490601,-0.327435358260148,3.2853022934518,0.945248903013732,-0.683179845539663,-1.38860853534942,0.273894360919535,0.273409525244072,5.27442164175013,2.95982145980429,0.559446899196186,-0.421254330522595,-0.349799927208728,-0.231489455246703,-2.68084045080615,-1.1662451319712,4.00558627937775,-0.404325556202651,0.094845579260262,-1.10781620448281,-1.66877135506296,-0.615933818465053,0.0187374977378787,3.70692248893428,-0.675506892205421,0.0266324265354124,-1.57069444675923,0.523976545410819,4.1689628519336,-0.169503999913104,-1.47549766278003,5.30595696263487,-0.220137933270351,1.88403739891374,0.946962653108781,3.54509319649148,-1.99138254508044,0.130407975650411,1.5070301004262,-0.167252349670235,-0.5209120652562,-1.37730266971986,0.581214582136391,0.350788931159861,-2.09980504011994,-0.673135838888398,-2.3613765355165,-2.3517434173862,1.08560620009368,-1.30490583521406,-2.64658646220305,3.09114853021982,-1.53901976911911,-2.79349704236294,-2.40016746219402
"HSPA1A",4.76206050074416,2.84089231376672,2.87648642316462,1.19796393749208,-1.71236667097291,3.2036107950001,-1.23787115153071,0.611816390720678,-2.95385423477064,3.02147713486809,3.67541129339078,0.83612830097611,-0.811962694544546,1.58422771719141,-0.639643450933788,-2.38055006635122,-0.182918011569579,-0.392504178251985,-1.85506362189501,0.996479770745938,-2.44242246927449,-0.430969521400917,2.32481814377111,3.97822385000853,0.123050446006988,0.777892690282208,2.42024434080667,-0.0816705831322308,-2.33712280991,0.338822584668103,-1.91293722298831,4.3918398142959,0.397375429299264,-2.63104945063432,1.48705887366813,-2.1091074395368,4.31726844229907,-1.11698395718852,-3.12004296795248,-0.601014130774087,-0.856024991531942,0.807927191417581,-2.17171707680671,-0.871580715439732,2.04570906472174,0.107136957092117,-2.20233656423592,1.87916917328974,3.84341514763025,-0.546516873671525,0.896299951099649,-0.721732713038707,-0.591841235310666,-1.92205492136332,0.336332263237363,-0.769669804236418,-2.37396982074679,1.70707202289941,0.180893057410792,-1.20319354871478,-0.552883754648928,0.197108183209339,-3.15888578766662,-3.47392816036454,0.138625920807881,0.806706468626368,-4.98283491099207,-2.07975754977472,-2.67204226484908,-5.46808583049999,4.19526203063372
"FOXN3",-3.39180021399848,0.328033821236819,-2.67406305947088,-5.29696044554025,0.69630040930762,-2.07761202295822,3.62220660605479,2.62392889003031,-1.9001366177586,-0.626524809240915,-2.66515230970009,3.07537546730448,0.791759363629768,-2.3122580552596,0.444413582569291,1.12830922166932,1.0458226088809,3.76323770069476,1.55613930246278,0.860158448332409,5.82594022999198,-0.453190539607156,-1.48571618852094,-2.54880950145222,-0.825862035949927,-0.629658087220118,-0.325710240755503,-0.208707982503514,6.5672737856123,-2.39255486109933,-1.44098152593607,-3.35032253187453,0.161302372637713,5.66149873599012,-4.91570989084217,-1.99375344594027,-2.78305638938564,0.830895233581989,0.796230246517956,-1.19931495129238,-1.84291966745268,-1.53301663886141,12.3943162816432,-0.716072670081099,0.0930687746663592,-1.55665346691637,2.31387164064388,-3.33083682638874,-2.25355336319808,-5.76655118449489,0.705787479108696,1.81111444774068,3.0802045791495,10.7177562408073,0.0570715061419941,-3.5152380101408,1.48847109264186,0.383408006905437,-1.23059663780561,-0.629156734323137,2.00787599982342,0.20799173421929,0.111203264895918,4.45804962261564,-0.246591211965415,-2.63493393007418,4.63015939935499,4.02307835447428,-1.0883881332051,5.21976316715209,-1.63977375443136
"MSX1",-3.50128890375947,-3.03150859889676,-0.412785979145151,-3.23715485838258,0.352266512709786,-2.01093376537373,0.978352872994333,-3.53223284621064,-0.239541060314348,1.79457485651542,-0.57197995160824,-1.00372525629621,0.674086186931235,-1.57558651338168,-0.709591909448165,0.912671056962349,2.35049764966947,0.316742980959286,0.928709924705797,0.201236616359235,-0.136392178056145,-0.118080065705519,1.41644856667626,-0.743476922803829,-1.83295443662022,-2.26720339050727,0.523369666621961,1.71776196098099,0.369468395000138,-1.15593025690764,-0.300493832836713,-0.662917999895799,0.778578980406742,1.25311691754695,0.0516145594607952,1.42275508781855,-1.27049775478571,0.330781450021288,1.57059526539261,0.107944705594046,0.578217354920424,-1.67455456756151,0.209580120365447,-1.43119558991083,1.02899188018871,-2.76330498653252,2.65423928746706,-1.20251844271971,-2.08213911766562,-1.70168968167191,0.368904411454845,0.990562620195378,1.65612909431177,-0.427310770661739,0.115996791425113,0.179054877659188,1.95900548757096,-0.788378318987898,-1.02373163003773,0.97063094123525,0.284396921499457,1.29654289490966,0.398547290909915,1.84606599906378,-1.06495134712842,-2.23410503578945,1.23827569201679,1.07583517601347,-1.33186088828778,0.785474177060125,1.2030879615513
"ZNF43",-0.0272311685898852,-1.04212489598525,-2.94247365941169,-2.22449529273836,1.3505246419114,-0.0674067818555455,2.64395092602909,-0.469088225016995,-1.43016872527597,-0.987723055285623,0.587443977641152,-0.450042949185848,-0.549201149711995,-3.27104169649333,-1.46974696972514,1.1859656505086,0.622796238583245,0.24800184297109,1.06441645214395,0.328477371398114,-0.645626615106152,-0.404888359876618,0.0817598728716148,-0.783185169550015,-0.423211127952446,0.602837170632577,1.39813899391272,-1.46937575784797,-0.206582665013848,-1.27448991453426,-0.332495861074932,-0.791047959580859,2.67187995522317,0.956097715326642,-0.199391147932094,0.269394810262075,1.49450860120304,0.581867025033362,1.15136276696581,3.16377680871701,-0.44980823898796,1.08126882374573,-1.62890079463015,3.09941919513946,0.406557744258081,0.61349872903583,1.64874985682084,2.62383833521302,-0.554928483380432,-0.57303827937046,2.0281708864483,1.1877148086628,-0.641427428750788,-1.1979125965969,2.04914021577718,0.653377743857606,2.32810382874768,0.245197702702561,0.0601932185067565,-0.595101584847591,0.203671268941716,2.90278316480796,-0.393660646054122,-1.36631356966069,0.384489354467591,-0.721558745852531,-3.32793678216738,-0.233739584327447,-1.89979053223648,0.867993047555976,-0.120097726029278
"SIM2",-2.13068427858103,-1.03662888284317,-0.418126891424099,-0.203155022600997,0.697348666352048,1.41895497955132,3.50567447430803,1.34632007621491,-2.05677076512618,1.24723214021857,-2.78696171701277,1.56526484795662,3.35922848439112,-0.00158351529973392,-0.00970748537144825,-0.489983799000483,1.64614943702672,0.0658489950578917,3.63477626745834,0.496856946399783,0.818370666689422,1.13043147036495,-0.132619717445758,-1.85753334761125,-1.69091486370032,-2.77286397688705,0.509995811228208,3.30070654689648,-0.204146085313239,-1.92540571811049,-2.50343939807352,1.6889673946887,2.60820166559677,1.05297127186694,-0.114981083235401,-1.58567960681692,-2.01701541961925,0.226963694224261,0.184320743328855,3.08908168767663,0.514027648878664,-0.0836383965893333,-0.0640164023908152,-2.36831475225308,0.937366519421654,-2.09448000669606,1.91885937911749,0.0183922773939214,-0.669567191605544,-2.35155874259352,-0.368709576848804,3.55157476372386,0.0754393409527701,-0.58637857821532,-1.57305325122622,0.287837278063902,0.983236683937647,1.03242958058694,-1.01721583456103,-0.269470964788685,0.567523474901589,-0.710731917203432,-2.00632126709752,-0.371370896102083,0.296523500100431,-0.413390986864339,1.16669167686897,2.97051348732996,-2.51168877021851,-0.0926268508784717,-2.32651848648052
"SNAI1",-3.07926172652402,-3.42827405726824,-1.94321658666412,-2.70701258227003,2.71131241123995,-1.63026147385159,1.20609882187041,-1.00508080190116,-1.32154950679951,-2.84103391144225,-2.90253904583036,1.22052905198511,0.396326883320536,-0.976084744815559,1.38946930157656,2.9260459421478,-0.161132188921303,-1.18037052336794,0.51258373207307,3.41419057166338,1.27086470927207,-0.178871028862409,-0.50529713025165,-1.47530501682566,-0.132795716441252,-1.00596637664797,-0.999466549790066,-0.868786156763456,1.3238718411057,-1.62073647567791,1.92846134335512,-2.41742210490748,3.01452212312245,5.98598186906402,-1.49194664321178,-0.925639226725501,-2.0345938510324,1.34288480524656,0.793740349096022,-0.548092772323992,-0.563930772214259,-1.65652884993382,1.15333217870265,-0.344709095294882,-0.142511749309461,-0.870840678020974,4.05119524613947,-0.873017004448182,-1.41637518562698,-1.17352649233454,-1.90281778221054,1.96771484707499,0.0742636507250703,5.0648430336053,0.0912703738937377,-2.1671870373375,2.99259581621283,0.357565346159118,-0.293799042151888,-1.054658053498,0.546978977539783,-2.70125129587973,1.73586152795364,0.648589471486037,-0.733633511067792,-1.81796869510195,1.00025251375098,2.90965459865798,2.04646888519304,2.62694292595834,-1.80787331657231
"ZNF469",-1.52091588941752,-1.63652644438875,-1.71668144845382,-1.79748862795699,2.37057306142029,-1.26461581849232,-1.25401111523919,-0.648775985836731,0.224811599674843,0.33745000991122,-0.15116176785677,-1.5190703779022,1.5520152879728,-1.68340985915372,0.922475863411266,1.3823509374985,1.73574028206037,0.100371673483688,1.01340639425988,0.4360473490751,1.46767645672182,0.679220029606854,-0.243856098417965,-1.62730147562001,2.27136361169843,0.24310764198768,-0.465777064013738,0.344628326623533,1.04429947728201,1.18142675579223,0.746084061645971,-2.99700028779417,0.318230277891761,0.599777419065066,-1.77514269621776,0.619417657592832,-1.47549226180785,-0.0471835865215792,0.176524442037003,-0.0759453289474951,-1.06201072434056,-1.52655288423069,-0.905604764024239,-1.44217170436483,0.588765571698527,0.70186736065799,0.0865924947042464,-2.20818644711904,-2.5266408754428,-1.50510357889154,0.480597653054194,1.75670393452485,0.684014904835122,2.08835354725844,-1.72880112307221,-0.837551453226817,1.67223766427424,0.423976521821011,-0.95262374146294,-0.433315672914933,-0.253550066636212,-1.07107314485762,0.0404689775196741,2.02920943573127,1.30163650373072,-0.507205483395327,1.61057166750833,1.07640471890117,1.28722070162758,-0.30643504714844,-0.721075760978355
"ZNF300",-1.33671273599983,-0.257850913501978,1.23825056067448,0.286669659496072,1.40181615867693,0.937058088495408,-1.29935234111325,0.601553166498292,-1.60004499833037,-2.69107262679688,-1.2020970309691,-2.10135029585407,0.378063497601228,1.83945780560912,2.62759379248864,1.62202829862838,1.19230048197013,-0.64962013447612,0.719800515205744,-2.00396349045031,-1.47119039271014,0.592472530170422,1.15240968381627,0.529863146027964,1.03074436670956,-0.98148362587285,1.20537600689002,0.894118597944756,-0.0769211223901555,-2.09463424486666,0.72019340250908,-1.25561595283907,1.27439531839691,-2.71063961733459,-0.14031233145561,-2.03779685110245,-1.71070973901087,2.13447516646341,-0.386885193689605,-0.31801384316038,0.461133365590542,-1.2322002470862,-1.06720304318257,-1.59446406003556,-0.651939330710984,0.915388768237401,0.829762396077747,-1.00019564271241,1.04277772401117,-1.21592064486654,-1.2933756775274,-1.34818467005001,-0.713908696203138,0.767178271295856,-0.83123390331103,-0.510127856257481,0.624851237237683,0.120401587574048,0.403234286213152,1.35456071234426,-0.387316064600326,0.477476701769628,0.716344930294103,-0.69363870465288,2.09114922673522,0.727242783338179,0.642927143532443,1.25655581714664,1.12160887219952,1.43798380478228,-0.78534403621143
"GRHL3",-0.175337794162517,0.114421894495529,0.0798709280145239,0.453924026264183,-0.0896096149948911,0.611629504401261,-1.27664521244824,-0.274772145497695,-0.40186517777017,-0.0651981161463242,1.85691429247871,-1.89420770119202,-0.830405072840098,-0.034691229308814,-0.451235923265089,0.774040873452668,1.24554259319249,-0.0155736106632217,3.55887579249133,-1.96929170286312,-1.70939968032663,0.303617616673034,1.64855316411792,-0.979428526890623,-0.944105047989611,2.02513370012068,2.17179851493373,1.89490592858399,-1.06705279285381,-0.180074352441833,0.584402330575442,0.799793294346032,-0.68241549784852,-1.48419838921012,0.845241391163086,0.504576142849958,-2.25913448355522,-1.07872932156989,-0.470413649699632,1.55547906281516,-0.65784344969486,0.198714336246815,-2.00052923666526,-1.4020798288436,2.2213989516359,1.24606803238713,-1.13093294220826,-0.00303059302773753,1.21553360042266,1.1909830167817,0.704187964192533,-0.425228449215604,-2.16076825112683,-1.59018543751675,-0.828030691453845,-1.10406577439139,0.384034287269157,0.764407520138443,0.435894432080979,-0.824068082663552,0.913882292401786,0.638398971433244,0.314625072463468,-0.990118815008171,-0.1558132412562,-0.215609868532727,-1.58577554377134,3.79507775581089,0.263471220942243,-1.09997143557102,-0.316346540514398
"ZNF737",-0.878146250469295,-1.05227953556229,-2.66106903113627,-0.0863866215481855,-2.32745834481337,1.21697646167525,-0.287935315888852,-4.04979052344404,1.40167398627391,-1.1334238462985,4.3121394529493,-1.10203467681532,0.0492738227442236,-1.14873576674506,-3.08653621785775,-0.588192263433097,1.50741451063762,0.16737523452972,2.9825534622536,0.0824978936106064,-2.81691799998213,-1.33450464750441,0.995026602738976,-1.66323252219494,-1.90957686284295,0.582173133536492,3.33146058575735,0.989746695221441,-4.46741810027825,0.873818543119144,-2.80697814935395,2.58734203286577,-0.265651779568705,-1.17309209383119,3.45063703786616,2.03221362450749,1.93300157113381,-0.211888017042757,-0.135211723479539,3.65643922758894,-0.749589147603353,-0.221100914489914,-1.04668934523837,1.97175384953028,0.649569084549451,1.10367430431232,-0.0197429998706677,1.12395771332141,0.794985914668612,5.94636496269281,-0.7849851118018,-0.732587461405343,-0.468156877808427,-3.19353347219696,3.90974449996599,3.52434853089334,3.70946032706446,0.847978828795798,1.56344026553383,-2.83857562659946,-5.05642469174315,1.41447702842185,-2.7714163454179,-1.33429505519276,-2.73938217122249,-0.653946363227708,-2.8222556936415,-0.168770638561533,-1.28385436850042,-0.644689961897251,0.308820939229693
"IRX4",0.684093983905617,0.317318480426293,0.115330685020454,-0.495316162304275,-0.309176571943762,0.45034896565779,0.153101944004954,-0.260049082147688,-0.435367295200969,-0.0505218730522131,1.07369606646776,-3.02841629550831,-1.51728680911583,0.712964292801009,0.59780510005823,-1.12719736372772,-1.00877536642415,-0.263770066604854,-2.0056997001317,-0.728282464538166,-4.36551033561964,0.677307174569717,0.557640411963847,0.13598928212897,0.580425310802533,0.146601326712588,-0.623979807049488,1.71456963463179,-0.658107355359024,0.130086358739581,0.565384370781907,-1.37038778358866,-1.19845485593048,-1.1236010689921,-0.399681881292288,-0.467039719450517,-0.216289835421012,-1.27375765647086,-1.12673131295658,0.42176722447727,1.80724327074638,0.988398305679863,1.67674661911216,0.213732480453752,-2.32872805824208,0.843027597246321,0.433649987037371,0.00390473784001777,-0.148894818273206,-0.0756741243087018,0.0668912511462873,-1.89325993815703,-2.90518902725025,0.263013160078351,0.537873207727993,0.637280079926229,-0.200058261283002,-1.65974118351311,-0.284298745180383,1.41356252638332,-1.76412834837712,0.432794283119922,0.48743237105441,0.594768785475474,-0.304291647467148,-0.799149080637505,-0.487665932110362,0.880657024116293,1.1380075083863,-0.280616089156453,1.08633560209543
"TP53INP1",5.33172231805943,3.88233646441713,0.625568284322421,1.49750583518033,-2.78258799474817,4.74104785185569,0.170812817781192,-2.28647505691676,-1.43456624962023,-0.910162388673656,5.98356033854789,-3.83373897310489,-4.85707467211269,0.312744511925038,-1.72796276579635,-3.10843781942099,-1.13859303882867,1.2696040723654,-0.975099362740448,-1.99419758969491,-2.26609011985836,-0.617299877344313,3.09807993574071,0.389290469128853,-1.18508344691958,-0.862106466935037,2.28255579566002,-1.1429005626896,0.0848576207691828,2.40723048850589,-0.197145057907758,-0.469264849633161,-2.0656619534192,-1.5677773825167,1.3583430232712,-0.43529703215999,8.38353230261377,-2.84259691294512,0.741801250214402,-0.284495536318001,0.424772598799797,1.07059629772985,0.0266937299622086,-1.88925201325174,-1.60055921954548,3.14800781227386,-0.77172677341355,0.0430776648728513,0.657350239089049,0.683659189436726,-0.443427030081859,-1.21034833821196,-2.46093887956398,-2.66370110395256,0.096404853521876,-0.358598334533518,-0.268873578172082,1.53518725484694,4.02405541480987,-3.35879653686066,-0.543800851030062,1.97004095906868,-1.18590283184006,-3.23529986684873,-1.78762485572908,-1.154069388522,-1.44298520759452,-0.397718256459446,-2.19140869930661,0.270756994338031,1.04431472691291
"ARNT2",-1.96968512074958,0.245305530531582,-1.10918344445818,-1.06331089588185,1.54571259899939,0.143035129279981,1.74158338168607,0.212217252722277,0.144752613028101,1.78335476883012,-1.9730963305503,1.9010334297492,1.10447887922429,0.0969709810812955,0.443959733570932,-0.674883359359306,0.41146472794376,-1.07761044112373,-0.637249176445419,0.636813796877552,-0.900398477331046,0.839212045868367,1.18550803651643,0.285801463089348,-0.94694760910511,1.16893603502404,0.171013230421548,2.41570727188007,-1.17661898590601,-0.296276326376943,-2.28308312403273,3.74718849106553,0.142130092049139,0.579853621447093,1.44566229455922,0.342208998509202,-1.27231526831748,-0.937045919971231,1.26661438830486,0.273795821423828,-1.27968701430831,-0.842683785602159,-1.49640569747985,0.190771138953286,3.00313166714489,-0.641940805298361,-0.472294016818722,0.0609982863848914,2.24286162160825,-1.46811258165301,0.520775087776602,0.136020821381403,1.71967544037316,-0.904494028872434,0.811287548744128,-1.01405876926195,-0.565193347554654,0.212554631380874,0.135626449347013,-1.20636358421356,0.132846695677493,0.492587241879087,0.301572580726541,-0.735546480778971,-2.47752518890553,0.454775425594781,-0.961141600231225,0.117967011746475,-2.09991403907644,-1.01269277964259,-0.615823463169966
"TEAD2",-0.813146304608656,-0.0288570226362283,-1.6171063621434,-1.01336558066954,2.24167313255292,0.173300524149038,1.9342352146297,-1.42896048723578,-0.118182088695872,-1.48551525305043,2.05628080329164,1.7735602036567,-0.00692631245555608,-0.0737709873356896,0.197590289243099,-0.589406965233653,-0.237096498919862,0.482454466056221,-1.30690806777118,0.177461749488864,0.605201574889943,0.603264141589223,-2.72576422824421,0.968295986303538,-0.362894277139888,-1.09514429114954,-1.82626602841124,-0.0683853908703718,1.40309219233062,1.11546525818893,-0.135934931616021,-1.61738809139054,1.32939864916915,0.0818987314774449,-0.0310049602896019,1.29821462938275,-0.399365637323239,-0.308469408527209,1.02611397932301,2.03552088500067,-0.626848808842281,0.237389715793241,0.842620597236844,0.604102529289641,-0.0185102231319524,0.216978475948827,1.25525225530044,1.30992843809479,0.0239072504292342,0.0354905742905264,1.68024701758137,0.404793343132763,-0.359966793312528,2.62070192008412,-0.803373505108304,0.0980274247653829,-1.44381970728378,-1.29322318956986,-1.09797798762398,-0.458086282183714,-1.15125475456232,-2.60210786212564,-0.0277711960878326,1.98134964287164,-2.11370474099841,-1.71872547312487,0.501131150643077,0.7644206535271,0.433950641509121,-1.15298096620901,1.76421504176134
"NKX6-1",-2.37075243804077,-2.02409790301065,-1.07594577373831,-2.56096494317592,5.26334635923469,-0.134221491093,0.648897006436056,-2.48348549212501,-0.657990328995525,1.29178511928422,-2.46099277765769,-0.769900990113557,1.37653896143302,-1.29154410767897,-0.418338068945924,1.86214682667878,-0.79364919659636,1.8402094349613,1.28266758149146,0.402347895820382,4.59469353930352,-0.468600794066652,-1.7030709363314,-1.25694359187882,-1.26270706004674,1.34242244804521,-0.0266864574016082,-2.42525605355623,2.19027398768941,-1.30747975341621,-1.28844685084645,-0.238392050979647,0.231995097761485,1.61685056141931,-2.6003693989962,-0.554470086588736,-3.2532849001827,1.13525715444685,2.30815459788646,0.0163190143345479,-2.76492814016302,-1.82324658578773,0.39754155099546,-1.86449305275757,0.58014924882531,-1.49363628607777,4.53047034992307,-1.66107951882467,-0.912711625772559,-1.47238926725845,-0.317704932139509,0.780193611339275,0.556808500848588,4.43926246031467,0.404392673951294,-1.86347555044146,0.519598434166805,-1.16039678868787,-1.11602037035814,-1.25625837879051,2.00133140703472,-0.403423776372536,0.237335648765587,4.04069017897864,-3.30822059033464,-1.36668821464109,3.82600652189473,1.67218626171486,0.55015536053582,2.03567014593561,-0.570473703437692
"PLK3",-2.84998948284861,-1.76510626397221,-0.705546203176667,0.248850072836103,-2.09299619935602,-1.70113440506677,0.23237277397288,1.25820319789961,-2.90248128714672,-1.18756076792058,-1.77888149234706,0.00323269594317907,5.39680310385806,-0.136223463972217,1.5429808301274,0.944685476196962,-0.923604288974615,-0.654252834972676,-1.28684887917729,0.670212326811131,3.84291302112137,4.75751069984492,0.522511418122326,-1.91406999365694,1.31224841378157,-2.5603616411373,-2.94719498780438,2.50317730399518,1.29436236215219,-2.35589582343056,2.39082800518877,-0.714670875550088,0.650675959805957,-0.0538560775785576,-2.21158883971957,-4.67746534974059,-2.52210704544019,2.40963360742114,-1.13780800516143,-1.49635922879037,2.19556906525094,-1.87965895646244,7.33664137396785,-2.53827784545485,0.930938152214659,-0.927430941913718,6.5153408492156,-2.28490153143704,-1.1434508985391,-1.48242695669225,-1.17930815472228,-0.300302245709799,0.989571744266373,1.86615078951494,-2.48647258473522,-2.55456364559996,1.10610852543603,1.65827893858872,-0.804050232202638,2.05274228554286,6.22200291902197,0.0226489568790406,2.28504587659491,1.80026352319269,0.404155829635834,-2.69458988083013,2.33729853494828,-1.06866142568607,3.48324563922615,3.3880913709997,-0.666525610511858
"ZNF439",-1.69260116680547,0.781401946363273,0.0977834883264477,-1.25905028687887,-0.382322551432832,-1.25665865304198,1.26039817723568,-0.171257867365877,0.720679263110512,1.77506450732236,-0.497700731284085,-1.29627102334108,-0.147126578690623,-0.806678626193936,-1.43324348501816,2.52506446938869,3.60110759981443,1.51655683410599,-0.807709944983676,-1.00970915729484,1.69441707787261,-1.28435687841321,-0.10193656454652,-2.08475976381682,-2.70643916441773,-0.563301098501147,-0.380359331676107,0.400461659975114,1.10682903039228,-0.793900208387457,-2.40038443115271,1.64741798701212,1.83978114961084,2.2460235502328,-0.125600630520387,0.648838059426219,-0.126389388888344,0.830886670690514,1.67914249770556,-0.81681236033522,-2.08156191351248,1.74086570422581,0.65907048911906,2.67080539018339,0.445030119407618,-0.966143132603427,0.576318561155947,-0.966901705149267,-2.0671601802173,-0.917506077806056,0.138542687679908,1.8169454284458,-0.821175110738977,-0.204650204152449,3.24171138265693,1.54450518327716,0.90196025967584,-0.738414220163774,-1.09281047416864,-1.28623624550553,-4.30308405249992,-0.958736324969545,-2.21363475366019,2.2177024776242,0.200877618517764,-0.624840873923172,4.14265853357078,0.119423834672186,-2.12743453100627,-0.0856728417227153,-0.31829478345087
"GLIS2",-3.54531350929716,-2.0888118161075,-1.97660802245577,-1.83205809864224,5.18130333842679,-2.66615255854742,1.60161932067919,-1.20220684927125,0.456138286205628,-0.105710278981334,-2.2286305981567,1.63802187947567,1.70607449044061,-1.75603223123014,-0.377226929938693,3.83247662903452,-0.725146316748686,0.86801141929967,1.1116167784219,-0.589731031534475,3.34381950317299,0.299598046022676,-2.72792903980296,-2.70074711631449,-1.60951530800434,-0.513615636317054,-0.907431127555652,-0.430520681406647,4.69851038468094,-2.03583677701419,-0.122914787191185,-0.542551985594129,1.16760388562237,3.9208203627666,-3.89527632470406,-1.01678261463309,-2.91759127809263,0.743932472648554,2.50761346019901,0.115477513707578,-2.20664378223035,-2.57500272232962,1.24911286912171,-1.77425986400692,0.401712663786373,-1.06602357125416,6.35986934740882,-1.91969303280064,-2.35471407176002,-1.73217539914092,-1.65883342151328,0.890085690532315,2.01578954852355,5.54931170118804,-0.786397659425339,-0.73200980748194,2.10415614709323,-0.173121098589261,-2.05401893000346,0.935141765118672,1.46834450323152,-1.82775830878388,-0.319446008695296,3.40179503438884,-1.94820149416638,-1.58827664660287,2.30510162757522,0.821953733027499,-1.57456127781849,5.86197718016963,-1.71017662948224
"ZNF85",-1.47675226209641,-0.649588535336045,-0.082025527957555,-1.13904663470014,1.9292173341927,-2.48954429550149,3.64078007116634,-1.39644352563275,-0.109103914384263,-0.770106511708617,0.704317731337769,-0.698000013467588,-1.25620402181868,0.0602882122103558,0.241026196215038,2.5097692139272,6.04187218725467,2.05468760668032,3.64264887559289,-0.766441438932542,-1.12053172393575,-0.579699598563247,-0.252161292599908,-1.84577334017667,-0.838156445217681,-1.31901459782346,-0.418594633665412,-0.721886406203178,0.425187155334876,-1.56978324574484,-1.19514136538259,-2.90162964819624,3.06902269039944,2.5158828218966,-0.434966263675232,-0.438653733310278,-2.96151000078341,0.0652298288971273,2.51206953021763,4.49749686385959,-0.885675050322801,-1.10313445359086,0.278050078677817,0.312619666219074,-0.0685730115985705,-0.983708075121993,0.661845578488941,-1.12745368759829,-2.322051577745,0.243820394496075,-1.22051474314423,0.0366218457120231,1.79545311171118,-0.661853324866052,0.803475784140634,-1.82746644961144,0.540774000850366,-0.943493990090942,-1.24561031582282,-0.61141087806455,0.0176089558491225,-0.310334097699813,0.263422366089484,0.33005693288228,-1.4438973698349,2.60297266564807,1.84361317036632,3.82552012353297,-0.819274356277185,1.11158813955692,-1.72288036782426
"HOXB6",-0.846523629669443,0.262180131565767,-0.0751397012605907,-2.41539654368641,1.7089941037234,0.0564448048925423,-0.241208597945288,-0.303542834047418,0.325350507954288,-0.253880282678166,0.0818365905735974,1.36254787604725,-0.32974709052267,-0.715339959338059,0.917359783752908,0.658212197372198,-0.633707773718684,0.31307344654557,-1.56700609394728,-1.70803614347697,-0.256557446908544,1.13754828041909,-0.565479245412472,1.23510932785359,-0.233555032256428,-0.114408833853577,-1.19652975763138,0.530872022782761,0.816553048868551,-0.717527461962938,3.86677554513632,-0.320203216805232,0.329959521354018,-0.562258508188827,1.40344267551396,-0.169717549685113,-1.50354072923231,0.585368223003142,0.037997946874912,1.7547074238029,-1.24037096377172,0.206506175213834,-0.476822257619227,-2.03965043454048,-0.0390358405887073,0.115879355177973,0.314002524389501,-0.699042636967374,1.07139923025972,-1.52276200610222,-2.41391454607478,0.0074554708971776,0.159023091940297,-1.98682905843269,-2.30408181110304,-0.700406451518805,1.27588829328751,1.20724529060641,0.132227065141235,-3.07687937883668,0.578728197881454,0.841590823221801,1.8015642959676,2.59517173612442,0.00928500275754795,-0.0709775308324967,1.36557858783607,-0.00458136757135034,0.898271314626442,0.726981748286263,-0.792797191616081
"AHR",-2.7321353591059,-1.40487783609073,-0.992905902606947,-3.17957856645475,-0.0456280457186096,-1.25578596585301,1.43588441207601,0.235806260320762,-0.148944779936937,-0.654099229851375,0.374998403479958,0.59898765414732,-0.0859635252272005,0.0501002289268519,-0.382381724560094,1.03939725548872,1.38531839081995,-0.285106256991809,1.24179527543962,2.32947308376618,2.63628875847751,0.177911237649339,-0.0439331645059272,-1.18141215311934,3.93115621792673,-2.48845068116911,-1.19448200209785,-0.0819408645471879,0.84486657481188,0.110143683634225,-0.686091685901916,-1.49543726002513,2.45241600023192,0.983872158857509,-3.01333019679271,-0.218315022768807,1.02476834579197,-0.417440574202364,3.3433935797449,-1.01453776529014,2.13775158589225,-1.66579156302362,3.05114331319946,-0.103077523852519,-1.77288060464456,-2.62785499509457,-0.0777330889419347,0.185775588801124,-2.11907799182129,-0.259083084346533,-1.72119364159889,2.02907216492691,-1.73879200124263,1.68625612651922,-1.95969480087831,0.0457979006482927,-0.167614315167987,-1.96132968883711,-3.40652963061979,0.761205056309774,-1.77657966285778,-0.0626752022316583,-1.20592649075794,0.723814889411341,2.56883424414352,-1.95560591592746,3.90368461931438,1.19792727821187,-0.822491343752611,0.255758843776384,-1.13254911677964
"YBX3",-2.09509124481121,-3.21773397674013,-1.98246076918056,1.2452695908075,0.23520504354208,-1.81671734736056,-0.269458814879285,2.37278324998124,-1.09252786755857,-0.301742502388869,-1.54834393556049,3.05664380544827,0.20815943755532,-0.231254324209084,0.723343007986366,3.7258288293553,3.82028889619498,-0.178395648230872,1.29781331628701,4.74045770140464,-0.907337992505446,2.5969874653362,-1.98048610004127,-2.45529594265654,2.45195676571258,-1.73597889131052,-2.11881615889197,2.3684948682711,0.171347556050088,-1.99067152765596,0.774040491198952,-1.38924843779349,1.07745642478093,-1.76646729235886,-1.74280848781919,0.804312673782289,-2.06344846003558,2.14231347292196,1.15764656870207,-1.92815573161071,0.378776665425305,-1.81796545168226,0.438167308125222,-1.42023343077234,1.93200454532335,-1.7730158130931,4.15082363023692,-1.5490412731544,-0.93731404851579,0.495042860384796,-0.855216433569875,-0.761060365765294,1.81999581253418,1.24955289127667,-2.96535346085367,-2.03141183833183,2.99459180882595,0.258874677716735,-3.33023329016346,3.50925413071735,3.43489043706855,0.0790181682221703,1.97285845255028,-0.470520740438094,0.984025409550477,1.20066189818496,-0.597124696852655,-0.272310384850874,0.434649895694201,1.07062549050322,0.498084422502705
"FHOD1",-0.665034244531999,2.03877979394616,2.38431716900297,2.55225371629658,-0.783028712626756,-0.813705767196154,-3.69745579771025,3.36613193653574,2.93991998609954,0.877411255295139,0.455448560787415,0.378569544047477,-0.432971974695531,2.51719742730647,0.379604978147179,-0.921434331145286,-2.17466147521344,-0.853244081704891,-0.990268771553188,-0.95024441337657,-1.52898148813485,1.73982571996748,0.376660092801956,0.869990491051536,1.4536757100618,-0.0790691572074026,0.75005852565606,-0.952926367373482,-1.0674760076456,0.704420993712907,0.668313679438942,0.578880349754155,1.6699374576657,-1.1876410175909,2.55176006147804,4.24663298020236,5.70146504022394,-0.777005023221256,-0.386431837688493,0.627520891926419,7.03548909571453,-0.43843821054452,-0.449901630514821,0.789723845218082,-0.319990112285237,1.40254796073685,-6.07099177631209,7.95990191538966,-1.43924040114994,8.51337164066869,3.31689563742223,-10.1201985957087,0.354283795700823,-4.9495415471651,0.979719233293319,4.18094715471036,1.84513952416536,-3.47223335042122,-4.42996516788845,7.76531036747962,0.846978101899001,-0.516145014096317,1.63985373019496,-0.285238630553597,0.787517115203572,4.93727074183142,-0.725086246237927,-0.889382275893786,2.40020299663425,-4.85218257571821,1.3115181537377
"DLX2",-1.53561470316647,-1.69519072781244,-1.13656410700438,0.426956374964163,2.72540505159005,-0.802700801234852,1.14448323227744,-1.15055715024606,0.347251341059192,-0.548499996384726,2.82219280765101,-1.30017466175579,-0.5495856693235,0.636411614800917,-1.04631201185676,0.259823536345397,3.8965761882277,2.2117784825828,3.97700810583494,-0.812756210099173,-0.51046108910126,0.727700336852172,-0.658316802400118,-2.90948203156245,-0.254557220848658,-0.910614794260412,-0.134969183721985,0.665041173181884,1.61223577918936,0.21671737565167,-1.91840213865706,-1.28695761275327,2.60799370841636,1.96924719828962,-1.93581022148285,-0.0235394109058424,-2.40061866980795,-1.4771248264193,1.28786598488354,0.933489149044639,-0.252471723111297,-0.619582858575272,-0.856683235114803,-1.77548008387513,0.149202212356778,-0.48453688243356,0.475121429091981,-1.57108033536027,-1.98273336120072,0.117908867995132,-1.65195083769701,4.51204980539934,-1.3143381034949,2.59696903179371,0.657734790684843,-2.52895111975643,1.87051201427038,-1.32764266874154,-2.08651540870187,-1.0891261505605,-0.798544218932565,0.0683632211259647,-0.880043239052311,0.567063115885782,-0.0834149806572939,0.370976412662155,0.22094311376519,3.32920932963705,-0.95890914532737,1.44203654909807,-0.0143152080064552
"TFCP2L1",-1.6385861658605,-0.813127201417853,-0.0465011132260401,-0.00716168756194563,0.372532283198454,-0.0265153263589275,0.437137737900093,-0.776524297546129,-1.34628592487398,-0.995501245176647,-2.26766087924846,0.022172668774711,0.950503593619955,-0.430585005514355,1.28363051462971,-0.0963034016975018,0.39764989583803,-1.01255310651743,0.374141849290739,0.675747056845128,-0.922256256457128,2.33455100374197,1.57884127369637,0.964682490495411,-1.27236050905502,-0.460481180858708,0.859843703088674,4.85415047826275,-1.10904697358811,0.935761929268455,0.335187877411529,-0.620864597557376,0.381536031093389,-1.36651763492947,-0.949091802970073,-1.10812171623719,-2.54844295905252,2.04377640895247,0.0237532137847154,-0.819417508992552,0.377263645622198,-1.26525442992216,-0.424080838061223,-0.292580127971391,0.727931555374912,0.0511839863417326,1.40821211127468,0.776444487320659,0.519754212018755,-1.36542355761639,-0.33066046156873,0.0682514276428966,-1.48805475649679,0.562298363845972,0.835886653460257,-0.724610545261657,1.86174471636679,1.24207011723432,-0.0676774866664031,-3.65437323619584,2.33750363115642,0.462672315544404,0.688231332487756,0.425783495635078,0.064721825325069,-1.2412418340352,0.137795036907612,-0.51985740776688,-0.438327939377482,-1.45426703708849,-0.737214778435486
"ZNF135",0.310412884182755,-0.595922672673815,-2.20079256203987,-1.26716618216221,1.30195842234259,1.16455626069312,0.627459662317262,0.542561706659018,-0.19572521480741,0.234498560597434,1.01102384309092,2.23544988492262,1.32916051004367,-1.63222382301069,-0.37100348351889,0.126923283856099,-0.279540007739711,0.190660846832733,-0.332825312594241,-0.353886620146535,-2.32999990455677,0.446453004718708,-0.23201222104079,-1.40231523001018,-0.382057742724224,0.590017871337816,-0.469884451675473,0.902329919440001,0.0618516591938531,1.74932695040946,0.0264398008590829,0.125184909802443,-0.196808452058912,-0.382759107073846,-0.0937667659879649,1.42457465668095,0.0642931891857726,0.445490885030788,-0.320317272366433,-0.155744105503128,1.57409069018173,0.017528372567981,-1.21232089327899,0.912799235157678,-1.63872666124003,1.49546463151048,-0.882522483917507,1.46774633462617,1.65365699008099,-0.818135692393249,0.203954977011953,-1.01065026773051,0.755254928375504,-0.00704729718962246,1.2604754903261,2.82746129559092,-0.36594997654007,-0.854291269820512,0.462605665951465,-1.50614292158357,-0.573730739307045,-0.673809858993011,0.0932320234906202,1.69191976585102,0.229775898394482,1.01781755152807,-1.0837721100575,0.45949172903863,0.749788596995336,-0.340226153511673,1.12944711732237
"ETV6",-18.2108261412846,-3.44146127926057,-0.55111265316047,-0.536228410186129,9.09618001110918,-0.56363002788977,7.21358983076375,11.4698253952207,-0.569226550754043,-0.529731807776191,-0.431794642994101,5.17205331596969,-0.234207188999525,-0.212129689282534,5.53395385938603,7.53278275050188,3.88258483221793,-1.32865229914408,2.68798241465731,5.95294313797138,2.46825630640289,0.267026084246526,-1.5438009553911,-0.967788024957635,10.3491435696983,-1.41409472629986,-0.274007212415067,0.127507570976207,3.57707737740264,-8.20998716822946,-0.261005800801882,-5.7155990080579,4.3777947832874,1.68400376144297,-0.698862615453821,0.0929807357990545,-5.24529980197372,2.21512317858348,2.68242316586258,1.27196361319434,-0.174741506555211,-5.25670775205074,8.56469058460744,-0.717478369359572,-0.679427306854772,-0.825703080252528,4.35128716523885,-0.323125345036215,0.0205347054116206,1.02663072161643,-0.973048421362261,-0.484582545773332,3.12111529288419,6.26501293516462,-1.93255359610647,-0.458090769776812,1.22392542514858,-0.171498975183654,-1.0252399266499,6.25576864623946,1.84689842675108,0.537632666206981,-0.423926172078647,3.54637933192174,14.5986186031788,-0.974591580113959,4.03479041574715,7.69029410860521,-0.170364657929721,2.44879721248989,-6.89771649175288
"TBX2",0.768143405709019,-0.638846800654998,0.13204446509262,0.0928631728840902,-1.40309213296984,1.17325946372995,-0.421603645107499,-1.34133091794041,2.59332210644406,0.170594750630909,0.490504335509846,0.645921904542108,0.558968128557516,-0.114631043021312,-2.28328839954693,-2.20640641383314,-1.29550928313327,0.108339305990026,-0.644841299847769,-2.34325026979598,0.717874272620245,-0.812610889126712,2.38920745594335,1.01340667778498,-1.61030866885926,2.06206291476909,0.171783312350333,-0.393713937376371,-1.51302639264415,0.83775151706314,0.13062023156999,2.00802133536705,-0.464924167306481,1.00463390994439,1.4437615816088,1.70632353775848,1.34423414170322,-2.24391817288384,-2.19531249260737,1.06894294477656,-0.988417382079714,2.34873533342767,-0.723852754914617,2.60325686559015,0.239114567032066,0.857818409428214,-2.5694625714981,0.0481728788656402,1.70410905726897,0.96195045102396,0.364664507598378,-0.112088572817643,0.946543227196717,-1.89930753246079,0.482267113817033,0.656281811216474,-1.06627334614249,1.89857451813482,1.78111442518553,-2.24084376479513,0.532609424437273,-0.713759966963589,-0.281741843003917,-1.19502396251155,-1.2167330439454,1.43876615065252,-1.92431391498546,-1.96212108944782,-0.260418562264644,-0.449709928953466,1.66265571202545
"WT1",-2.17591629402167,0.31229872644529,-0.0565233976621953,0.373165922720273,-0.199388328324325,-2.23593584509322,2.80203705405282,3.03976506219328,-0.633571333872556,1.70832885844721,-3.07216712095203,3.24625811231301,2.1394967330381,-0.350957311796277,0.806360560226554,0.4816015449175,-1.13291282882275,0.752679183630041,-0.991466705793752,0.903522614118738,-3.89322240691725,1.17698683716931,-2.52443895331215,-1.22176713983281,-1.53751875800605,-1.26905262842343,-0.862212881747883,1.7216074562187,-2.13666919828523,-2.20537141534083,1.13138616077099,2.20301665404825,0.827789188702707,2.39719215337895,-3.07301549595853,-0.775005283170573,-2.53292432921943,2.04384507185376,-1.64193113854395,-1.48597708437321,2.85934541841671,-1.25241848093176,0.198791749319408,-0.320508473463475,1.11718136111063,-2.06748945351665,0.394049349155962,0.867217329782699,1.12983208333701,-1.39457917603269,0.166631640902521,1.39538504833615,2.77703080690604,-1.68557504797333,-2.18713090671944,-0.874511019369043,0.948446908075709,1.07790536284058,-1.74503355764752,-0.215135248117661,0.323230904742944,-2.02141246741012,0.414487936865961,-0.244032649159834,0.182771127277775,-1.00129420177538,0.213614010113511,-0.763157921330345,-0.505130868508008,0.889719687791209,-1.93882061974247
"TGIF2",-2.34307274091159,-0.599676275415457,-0.0939300935032651,0.866696826995319,2.63762109485767,5.97770109825717,2.02851963662601,-5.25656530185329,-0.494483676914441,6.50433607819225,0.362215508631129,-1.02583280896171,-0.29911150911156,-0.468042722326655,-10.0744777120415,1.49782525763092,2.20322530928213,-0.482339140731386,0.741752334544792,-0.428826869101626,-1.63984372865975,-1.23295566738992,0.269126228584029,-3.42422306801413,-3.78617083689949,-0.970463363837673,-2.71412032173341,1.79946396146431,0.635733053920905,-0.0405481075344057,-0.312514265405221,-0.798919123123258,6.46891370820688,-3.17744323415501,0.174764944617661,-0.00574094419190717,0.302604868781558,-1.75073503619409,1.37957003011357,8.81979996403412,-0.460882795639517,1.74413045931513,-3.12224204590014,2.82938859157561,-0.800847618639668,-0.935283040044326,-1.35112834143316,1.80548806217264,-0.406268292804804,1.36857662926606,0.254683823839261,0.546466798261799,-2.12155585590704,-2.68333970043338,2.23539304088833,0.287225675390261,1.46804555234004,-0.376719177491268,0.840033807381608,-0.0151011114631331,-4.60788837550271,-1.16259512643344,-0.177765916784848,0.415402611435848,-0.963840741876316,-0.717443482268385,1.33112979000656,3.71239965809715,-0.232234745847659,-2.14408901372344,-1.16323960640688
"ZNF608",-1.2507540052054,-1.9408840306784,-0.288501990005318,-1.0969581979306,1.43704299532164,-1.30427249779529,0.501323882833839,0.0639862821724621,-2.10529898912416,-1.43496117463218,-0.893091793444265,-0.685736017598248,0.493344377291925,-0.226218516322344,-0.577505920802163,0.0299460559550617,-0.798322708437142,1.90504544857783,0.828146390611178,0.0023025765521085,0.27230329041436,0.159951830910744,0.671768135224924,-0.837665969199348,0.306259699218563,1.23501907062992,0.329862401146761,2.52533097291943,-0.797884013098291,0.69603429653586,0.208267405524879,-0.281211871266275,2.92123655141387,3.85237932145092,-0.324294310402101,-1.89781846235637,-2.06637238548215,0.514936343781635,-0.367048024342076,1.72569660531288,-1.22225106483561,-2.46497785220789,-0.0334309716309242,-1.61105594364268,0.669541389604226,0.0515143729256391,0.906776835463729,-0.872880750261514,0.93427770473408,-0.767485037664687,-1.63245820716722,0.485797587978825,-0.592209597942312,0.0889621347694347,0.208745478197362,-3.78620246821687,0.188738172868941,0.32846838395377,3.62196793783594,-0.582488943524606,-1.18998908994747,0.995046916789535,0.356354711907965,-0.908768260212146,1.03016653349751,-0.0387285294616713,1.56576784576633,3.66018725264896,-0.229327124130396,0.0691650464951103,-3.71934276886356
"ZNF711",-0.502671611767673,-2.14228680674252,-1.25801137284046,-1.74877467174797,-0.268024153775158,3.35793067540139,-1.84207370422171,-3.09385362317549,1.32694610074594,-0.591787349508804,-0.0170985052169882,-2.73917543746044,-1.25831695112905,-1.58660068769319,-3.74552335916608,0.514458595167953,1.39531973401899,1.51696787660482,1.40326661143499,-3.60641358833584,-2.83210513851561,-1.23544034930455,1.02893988488645,-2.05795948014543,-3.52633401401504,1.56123530060525,-0.341505558382536,-1.17782826493809,-2.73568414378604,-0.158417502459552,-0.757826484723983,2.43429552396529,0.970863265173929,1.41497252331846,0.298411421021874,1.67020959375629,0.53061511104295,-1.01297557102798,-0.449374637648767,1.8002733624141,-2.16305081167985,-0.408758950215411,-2.44805621223516,3.63280731419151,1.26379760416288,0.388173499330935,-0.134968388121046,0.865801029606764,-0.598754225398981,0.873321940924432,-0.591649982647473,0.0180043437672928,0.0154190472607996,-1.38136464484831,3.41236130151308,3.20788063753886,0.682443291620484,1.96523613338925,3.11846660213432,-0.439314544912656,-0.587626324812816,0.313351859272425,0.0299350320722776,0.934062042316612,-2.02331627701095,3.83961489354332,-0.730944465663779,0.828905421301557,-1.96421633096146,-0.472947488056884,0.263170439515683
"PAX8",-0.118089518588549,-0.610703407733419,1.2128022162867,-1.38988187181126,-0.564745578195177,-1.92153537433542,-2.13779665560951,-1.19821008659563,0.798845470695457,1.15653163741109,0.0222333845983425,0.786977736855415,-0.373247015413405,1.17453904308035,3.10676665633599,-1.79392729640371,0.160018105651616,-0.588642014841034,0.0887796110494182,-2.08251117139773,0.305686469341441,-0.810123058259455,0.633739386318019,-0.695513855181057,-0.0230250753396768,-0.165380056024006,-0.688023698509472,-0.830894452385553,0.820697961427177,-0.211929903670957,-0.824146649219718,-2.15061988983048,1.46457599424828,1.41491730765134,0.91101419757733,0.568965695523057,-1.95893928972716,0.521675963983494,0.373305543363212,0.645893406039188,-1.34546384212205,-0.995961725170618,-1.0467749466196,-0.752559448243763,0.215511018050512,0.555360802350698,-1.25770433770418,-0.00601345044610448,-1.2579552516864,-0.34450173961014,-2.03290029086227,-2.05305743804812,0.0570035023611129,-0.568978213436066,-1.98008422957563,1.15866580632876,0.709877128977595,-0.526428556761349,-0.588158908994112,-0.251672375850733,-2.26520925897664,-0.890120067579233,-0.494984569402195,0.76062660936541,-0.982402516327383,1.0306423411185,0.0567871665105402,0.135851025518413,-0.530420681396821,0.045421412910571,-1.22842385481463
"BNC1",1.56790216657028,-0.327226858216821,-0.977394061668802,-0.256698745602225,-1.00640800803219,0.639890091900787,-0.336101730751363,-3.91082717987916,-0.24026899538204,-0.403893966519524,0.592862296895804,-1.16188328324971,-2.06336117312027,-7.58131689581116,0.0182044901500096,-0.674427384239704,-4.2885587543599,-3.52179923748836,-2.9498180336757,-1.46999254573368,-0.385902549883587,0.388652338132157,1.15951472535133,2.14524261716984,0.055982444608699,0.607211617532914,2.08072898335287,0.190075036366495,0.0921884023549012,1.26307849700959,0.63720650376666,-0.0808158156248417,-2.20583038895201,-2.31415531127999,0.479900628026368,-0.123883839680028,-0.0733603893348526,0.00261026285530568,-3.21565721886382,0.357633609916804,-4.64484616601443,0.368053831070639,-1.2244251872899,1.5029390890681,-0.696126616416937,1.01812763952412,-0.0782502795645883,0.10115790101242,2.04942272221969,0.0364575052516837,1.99666386804058,-2.65497078589634,0.339924425901675,-4.44640282143675,0.419648944423667,0.555601609632314,0.159679348651852,3.91759443234755,0.759305157394515,-5.71696318355964,0.348907019897366,0.147033048213452,0.767891289899143,-0.307966602907034,-5.57108292210351,0.59645788318077,-5.10690032256612,-1.5783495861041,0.37670729270035,0.400483346785192,-0.523181925611378
"CITED2",-0.557187466787281,-2.22067362917193,-2.83048956841219,-0.721311794113341,3.23694635564568,-2.85771583232256,1.13985371835247,0.643718149930832,-1.17774931027766,0.764258597039583,-0.582716161451237,2.12707371161358,2.75802687126373,-3.10543394902368,0.925629792845742,2.66214722901116,-1.38360106752226,-2.03214181655175,-1.96652850247847,1.42185998518662,4.27236159398509,-0.591430581444912,-0.464158795415052,-0.481577533638983,0.616372274843904,1.09669640297455,-0.616394461457692,-1.07314453427005,4.1698745756157,0.130049312926553,-1.11495729544635,-1.68254740336192,0.378673048641665,2.67240133411038,-3.18697584529718,-1.2452396913354,0.124371285714725,1.57070185673701,-0.10349029501891,-0.457956611640909,-2.15249886464879,-0.734847879983259,5.37184974288978,0.69231322986244,-1.514967346777,-1.16384108578435,-0.387649593061904,-0.188436670550384,-0.712788830449684,0.205304800857201,1.01684395768735,-0.0446106187277048,0.423040702855651,-0.0869473079391595,-0.114818543120144,-1.46343501014003,0.363880868079827,-0.985446047836252,-2.05352690521536,-0.338375060813058,-0.506487252920517,-1.15588968484445,-0.0972875548411482,4.60843787218394,-0.174238671378305,-2.27560494538201,4.13351353731504,-0.880512533990369,0.0535498768401003,0.911055373995996,-0.330067875065062
"HES1",0.503997567011055,1.43731906140818,2.93155157044978,0.885907751297793,0.573703530686915,-0.957946855545402,-1.32950969575632,1.1719730656467,0.718206083760639,-1.60406826164715,3.22357689160614,-0.161546053808147,-0.862383332935011,3.5163921955703,-0.6325318058097,1.52122864509665,-1.21259792316645,-1.05192557290736,1.18743972090295,1.33022400703361,-3.02954194505977,-0.854315602173926,0.74996090718054,1.21515520797598,0.92655934022546,0.94516112734962,3.29370299272402,0.479811349985945,-5.71483395067136,0.677888622340088,0.45553694292825,0.712683933174584,-1.61684320429284,-1.11201201774822,-0.209462524942456,0.273606363648929,-0.679430819745938,-1.54218419966583,-2.62016898606605,0.82909146771864,1.1962164376852,0.752458692034193,-1.5997106966434,0.752986792846142,1.86621530306376,0.917026596074649,0.362942733076915,-1.03430938769058,1.49467272645449,-1.47948577852296,-0.500545733213312,0.662616685056268,-0.813464211037365,-1.03040796539907,-0.336534221418711,-1.81230542889316,0.694316136266006,-0.641633990607267,0.88366197925648,2.33419225140185,0.563314638075285,0.200992363437295,0.134558163365068,-1.34733497478654,-0.233964098491477,0.540908589059237,-1.67304132754557,1.47499474460028,-0.418130690149505,-2.11272982820247,0.0667609280749239
"HMG20B",1.41684817068511,3.03008833970199,2.82090314113385,1.01043759917492,-0.937066262718595,1.64738917873715,0.347772705802773,-1.96740174723108,-1.71054200691062,1.06926534142085,0.54192316154459,-1.92716657975365,-4.13829400521575,1.72420511628599,-1.23047056862822,-1.48930793685265,-0.178124918931627,-1.72846699762548,0.73683926243146,-1.54122070525144,-3.15678102298548,-0.291271925646127,4.07598072720954,2.54058879855033,-1.47491996478562,2.80169352363015,1.48066730863905,0.294575722884762,-1.28678059205602,2.20449720899393,-1.7190981352528,1.67835208697541,-0.275684008580745,-1.33289913901946,1.61165886604808,-0.0309582371615825,3.03717128656958,-2.29221460430838,-2.5786651631344,1.6795130089849,-1.99333667279687,1.04582503396407,-2.15212306425862,2.40452294001685,1.30582653444782,0.955693824285098,-3.27717952545998,5.42357735990201,-0.19425035366917,4.25251340492959,0.41328524972626,-3.1588142726252,-3.30931060887499,-0.827608377275484,2.2676199324991,0.523816108177193,-0.392461234817372,-0.814344292748547,2.47884335023405,-0.244541686623706,-2.07819106717613,1.67234934296596,-1.93441579047948,-3.90790767973758,-1.90493921543027,1.69356587768785,-1.241657949762,-1.11283662955411,-1.36671688379349,-3.13882678832028,1.71116170016488
"OSR2",-2.17483645998013,0.0487818726279943,0.0969931288683417,0.130133681079368,0.547128151477482,0.933628216965845,-0.965951865063205,0.750318934271048,1.15377056616405,-0.911002503348235,0.559360357731623,0.294516716746943,0.981180820757758,1.2103670955143,1.64349534301304,-0.371302293868424,0.408779132754464,0.509754838439635,-1.92076587715481,2.52584903597996,-3.12839057937363,2.48926162488499,-1.09961372917405,-0.538504291081539,3.4376008279244,0.293875132829395,-0.547636729645299,1.15713449821686,-0.676947630536194,-0.332517967169508,2.23855265921009,-0.274599684906102,-3.1576372307201,-6.14524648770882,-2.48121599602388,0.749151739815578,2.56893219342705,-0.562389006991778,-0.642737737167386,-1.05302537001148,3.6792180376709,1.97943246387048,1.11052457927901,1.33108043976924,-3.35469731029146,-0.470232600744529,0.000407049316121534,1.24496716790664,-1.53761978959309,-1.22967414532924,1.35446637890048,0.566359258027487,-0.83487416699477,-0.756521288715656,-1.24021026733276,2.48432511702501,0.801494312086614,-2.06396264832014,-0.553593365831885,1.24229891377206,-1.84824491910864,-1.12537465127351,0.805639010630224,1.2721515043948,0.136203393810844,1.28288891142321,0.429187070734257,0.54600746008072,3.86368430442629,-0.76506778715058,1.13198123415084
"TRIM5",-0.939149013970362,-0.404699943941719,-0.620334276874013,-0.547799065618504,-2.92616368711572,-1.63315973323986,1.0333753236192,1.56453745179659,-1.01012320948706,0.266045851665868,-1.28641296002544,0.114119795133557,-0.310055761819657,-0.152516358619452,6.14590767894114,-1.91445234642288,-1.23057897629976,0.910363821072755,-0.877887119531337,1.89014724631289,2.08707926741374,1.44392960499299,0.281135763146076,-1.32259169258548,1.00630962250888,-1.60407201283847,0.230643894650895,-1.57180687094438,0.591822647005328,0.947338742324896,-0.00881970467081062,-1.65803420233662,0.67608656744035,-0.237080440360265,0.602605757855425,-0.546022299267841,0.0999239533946653,4.78436953643415,2.75841009406437,0.389670419084622,2.83277017550479,-1.06753816464972,0.91247671273038,-4.06830521721278,-0.172200742002743,-6.14316033348544,1.47529646054219,0.0639998995756084,-1.59262379548262,-0.21600395194428,-1.1725657123844,0.780882263963928,0.169477437247897,1.00747731469085,-2.94796247776024,-1.16218512881832,0.751454352348254,0.372726619235427,-2.00218665793775,2.15539638494701,6.50904100313806,0.0920514851127181,0.471104465769113,2.04870295654976,1.22023669433243,0.210904921099064,0.917117714265907,-1.16897867102347,-0.349392980329974,3.15164748429649,0.343255451931275
"HIST1H1C",3.63033284458755,-0.106650467435751,-0.450529913108955,-1.57658347475672,0.546015429966553,1.4150713668131,-3.85606380446089,1.60623459121339,2.54047293770253,-0.426843312664672,1.92453008984614,-0.368961537803787,-0.02626424372766,-0.844133745259734,1.53323951193096,0.204035839403644,0.459491565273395,-0.0441225725495919,2.0433918799074,0.302808062291816,0.508731206881658,-0.48883381339853,0.167987261163598,1.84000365197562,2.60269936993185,0.985749575931631,1.01786135148234,-0.512168406543789,-1.18065122069747,0.201447582574857,-1.1861366812223,-1.22515326892215,0.809459931500402,-0.952717298322966,2.16586946458072,0.235305259261006,2.85699528730242,-1.16584853222595,0.254458022429198,-0.921850085494053,-0.462881513033275,0.623775820057647,-0.921114410924409,2.15005737946919,-0.663981248102275,0.708040326254379,-0.172490559486077,0.173492858995044,-1.3280484136856,0.68040135184759,-0.291025218712684,1.92391562350731,-0.470661714300873,-0.787477373387679,-0.392514030934079,0.579062134415655,-0.483738325203862,-0.0383427829604435,0.483752827838207,-0.143074601702773,0.724084579785341,-0.804926949197863,0.229229307609672,1.0697222613512,-0.841025239571053,2.59188667578827,-0.717588910525151,-1.082802684478,-0.791259495050911,-1.78144317831241,1.12645786031683
"CENPX",2.46826794834259,3.64969986648806,2.97203122462476,1.32808290923737,-0.38896089881277,2.1196563800678,-2.52528209767258,-0.958046754664079,0.199857787213642,0.475442982632345,5.18017311376123,-3.47566935322013,-1.87692791182401,1.54413088923532,-1.88651864918466,-0.494777825486884,-0.0658625937270103,0.106730865527526,4.45408655943943,-2.14698898876685,-3.30484145828207,-1.91340115511424,2.91499301730993,1.09295184915222,-1.6704644864725,1.21357266381601,1.55407958670626,1.25086561080319,-2.20689266396416,0.566223967649437,-2.27819472005649,0.877002494063303,-0.229804659950011,-1.72272890680635,3.90425476901994,1.09971249987839,3.73718869003616,-1.20096254164283,-0.493157831276749,4.45130764630897,0.585940450907504,3.59563124040678,-2.92368803649419,4.81681980175758,0.872524375911402,1.63249060205023,-3.38968511334291,3.18073637367114,1.42400862282408,5.65338650240243,6.17720057568136,-0.0993565401638589,-1.1308057155525,-0.691924849165127,0.708714392996609,6.13280231192051,-0.342366016538071,-1.22601667486623,1.84549069823796,-3.7557757202014,-3.75375585236695,1.82809771612707,-3.03266518957311,-1.24438415606267,-1.45130636610283,6.47081887235834,-2.6510611050488,0.727298049818435,-2.46050402203009,-3.05285372637604,0.929667832904039
"HES6",1.14988419818041,0.466475029482994,-1.13024942375706,-1.11494714538412,-1.94945390957719,-0.019149248018873,1.26792625123771,-0.880615762885555,1.79349528935055,1.66866539513664,-0.361462871716196,-1.09918064332892,-2.15805204192086,-1.84630921983887,-2.17784788057565,-0.71077655587591,0.0513838289152045,1.57608740050135,3.64353357337897,-1.34339609820164,-4.67627637375437,-1.29494678210109,-1.07517613910891,-0.420110299660115,-4.73714593868616,1.7134564641182,1.79884633833461,1.31012424683714,-2.45348038451299,-0.568530020282923,0.229100801976845,2.39227783005932,-2.08707875495127,1.12525742687897,2.50281350871778,3.33549121988059,1.17391424409688,-1.68614745542289,1.72819706790458,2.24919857919759,-3.7971392998152,2.38377928425958,-4.94741787555708,1.68562930865753,2.52627587418501,-2.21252944351219,-2.80381600966169,1.29239788669287,0.383037184276975,2.18264627068497,0.854674635857085,-1.3545202704994,-1.01093370159995,-2.47930703113253,3.57829034385537,0.287692022444159,0.485179549281777,-1.08317541259332,0.0694991208255082,-0.18946881430791,-2.17421276847485,0.424955365542595,-0.757786301398711,-3.02621807637231,-2.09304494252155,3.59439780370163,-1.29138981288017,-0.271431690088357,-2.79484758344031,-1.03058109609468,0.952708096068892
"ZHX1",2.62062380062674,3.97156929001633,4.05315032375364,3.54434481207884,0.444015370863476,1.13175698586149,-4.39466935328137,-1.1241527011593,0.0274149895373768,0.106202918146698,0.69667853513243,-1.71322369442721,-2.64385730455043,2.75589613557539,-2.48042596695318,-2.94499892945122,4.45339226565208,-0.477034078469778,1.71851043191283,-0.348200781797111,-1.92112029461459,-1.2102870478956,-2.03895037188505,-0.767133257646832,0.393992668679935,-0.450474488193097,-0.0193858218337688,-1.16101978708476,-0.486318054304588,0.539437185975313,1.87238378067584,-1.57878082662192,-3.04681003621812,-0.806421916876392,6.26147821976686,-1.61912229573446,2.87648486231601,-0.217506825499737,0.461425765884143,-3.29132238085523,2.02857805248873,-2.10838738051718,-2.23184030243405,2.47849791219574,-3.91178263267527,0.24362569089575,-0.162280681457357,0.752217156680564,0.730820291559567,0.410268208298604,-1.54866372824974,0.405214523172249,-0.724647396958766,0.113021457849077,1.65221104307165,1.64555819746496,-0.978819787341503,-0.428843488742172,-1.03988521392259,-2.50822038230117,-1.4472973019231,1.55088918433294,1.40490361530013,-0.899257984138245,-0.552679252428447,0.639287382127915,-1.56955424479691,1.32351310962133,0.226584215105071,-1.42014621895844,-2.74895054392268
"ZNF710",1.57684299953335,0.614023964712762,9.95314092696928,2.19917944991435,-2.66590029121972,1.55427410801064,-1.90592584398675,-1.11149899296736,1.1402999350609,3.83850605030693,0.540079111741379,-1.89129603345308,0.737020886119365,6.93807779545188,-2.58721735800245,-1.01102289363448,0.960303149110679,0.0882202645381525,1.79645241378866,-0.261396263726008,-2.71559283396585,0.714577350397923,1.04319024801864,-0.360473414820776,-2.37965460468193,0.577880659874902,1.62455972605333,2.15551500829039,-1.56040711683543,2.35330063247496,-0.617652368218617,4.40302283856131,-2.62317854325207,-2.46038199930415,5.94079489352375,0.0912232587641192,0.919823091244438,-2.93333643766368,-1.94638950228059,3.62463038027389,-1.21980616757847,1.23946081068045,-2.13138059878142,-1.5185718318716,1.33480019966852,0.00333838263245061,-1.69359225931236,0.678818353026408,5.09240121125073,-0.836708473265511,0.0504806280359913,0.385791973098594,-1.46570286484851,-3.65274932309493,0.0753673388191865,-1.07486999683712,0.413194851658579,0.108671687125118,0.209411863762551,-0.85598203053888,-0.616647517189454,1.41655729327679,-0.539291004458496,-2.17852358685087,-0.800309202342707,1.13936617799888,-2.27852190645496,1.15308075086632,-1.27070290958873,-1.16741924257963,-0.41749216322808
"MAGEA2B",-0.86531207998928,-2.01145286159753,1.46724312041069,2.55393695560035,-3.49031343224676,0.563519792112808,-2.77042022291924,-0.909748588526881,-1.21578597520406,1.83481434605715,2.05632038624135,0.359352008351112,2.02955236458539,1.31981862141805,1.73766287498641,-2.40632940999841,-0.745116919360111,-2.6548499842504,-0.172955913047197,-2.27698615737067,1.91846617284741,-1.40862917855176,1.87593652590756,1.09522921224485,-1.56726083380427,-1.26225755747603,-0.274971147751184,-1.21950166892618,-0.389528165745394,-2.27052854795639,1.00607744757559,-0.879599602706683,-2.55090867902555,-1.01679733040833,-1.07619869396987,-1.68412010581843,-1.05698340069302,-1.58929565059529,-1.67467206704912,-1.29630761703639,-0.06507753272537,-1.44533169313948,-3.65050238917962,-0.361384113790096,1.05621968056392,0.495499461590112,-0.578017054894397,-2.06692466744653,-1.61042599231238,-2.08338953581018,-1.93389456051054,-0.466849139045194,3.12861757633774,-1.62752324095929,-0.533186226674199,1.58780696137489,0.217665798295274,1.14629378281245,-0.24832826695316,1.39058255968277,-1.88839893865351,-1.78336603337162,-0.858939963289572,-3.3266636663111,1.5204881897431,1.53177061992859,-1.55950657818011,-4.64014297804959,-3.1622222834444,2.83738210945621,2.98945524266586
"CEBPA",-0.620656303181304,-1.37743594907675,-1.06979630145593,-1.57206479008599,-1.23927624308278,-3.73992979297408,0.257123471346831,-0.8280255480613,-2.60324168490098,-1.86320427802375,0.303558442038528,0.151635849159086,-4.31122994457608,-2.74994728723608,0.564222420057488,0.23770750414109,-1.21170063656973,-2.30663463001386,0.358486961883002,-0.108062423633157,2.6676031257816,-2.25652565702234,0.778625687959892,-0.17661474423934,-3.0232537228853,-1.86465371134262,0.666326173583557,-1.29943919655686,0.00864984227709574,-1.01525484178923,0.0147700265978439,-0.753210184403688,1.68432172815148,2.42003888175279,-1.44060189530939,-1.61469761430713,-2.10005397928392,0.337042147550579,-0.209273085177585,-0.471898965525847,-0.94837175326135,-3.20919494837377,0.337528154266742,-1.37568713449579,3.10657466206477,-0.910065877867847,-3.00306598747319,0.183327285157426,-2.34813564008759,0.384649090412087,-4.67676459446473,-2.37306823273718,0.350374307554712,0.428144454818581,-0.456377094966975,-0.182710292689746,2.07305997996967,4.60872317348105,0.167032201363241,-4.01096299318843,-1.50308970194076,0.546882859255719,0.372450785501471,4.42978868699961,-0.64732920455426,-0.0111186862767138,2.65263698448546,-2.85949032613028,-0.396089803957145,0.684341164690225,-3.43496092115567
"PARP10",-0.542149895941551,1.10534428184326,-1.33940641818895,0.539410764516051,0.730902703830128,0.911098754660448,-1.73928662201405,1.89446597954537,-2.06170318020499,-0.867261599044832,1.20328568290455,0.387646867217674,-0.39081300191102,-1.66963614177136,-1.17206185077626,0.973955324650069,-0.70465875243224,1.04313395496227,-0.4675613886474,0.311572283369273,-1.09554403966373,-1.49360976256549,0.271576738429523,1.00149418828767,1.91044080384285,0.187411265006492,-0.000292149960062059,-1.27940748440146,-0.479771983524336,-0.184861101880953,-0.514669641907412,-1.75905900854979,2.81475191048593,0.28898195262546,-0.390112094599227,-0.997093423894087,0.59291071059302,-0.382797329158646,-2.4596719265209,-0.610696146470703,0.263441169324506,0.528690828458054,-1.32166437737414,-0.463981906683103,0.671635656286264,0.757639266297925,0.0523569522908705,1.4474865335071,0.686551472625265,0.627427056050916,1.44147640497035,0.0312894776244085,3.571049945342,1.23811767899239,0.600008595828968,0.0588861555417448,-0.5352681033793,0.396168652633836,0.325981392676921,1.80130388405601,0.487745446077505,-0.706999169620309,-0.357194310913747,-2.14927846442473,0.657348264102344,1.01922701817452,-0.258549982840416,-0.59694445682054,-1.08566951774101,-1.28113746404293,0.438558261366052
"ZNF844",3.02950298248404,-0.013438241918937,-0.709261511635221,-2.3623580367097,-1.2791263430589,-1.21905409578893,1.25539244793642,-0.940012663601751,-4.94496172532841,0.973113200758906,-0.797562853048265,-8.0294741513882,-1.05742188384011,-1.08608651539565,-2.46945055658648,0.248802344526243,2.85251640467097,-0.356864101059922,0.506429370142643,-1.79248214791195,0.0110324054949241,-0.612944181350675,0.000247291813486785,-1.57768145501723,-1.69853389831411,0.936550193746235,0.413933708433703,-0.736156962196677,1.70782660113685,0.593534236860636,-0.529743219975772,-1.37307851394863,0.880311505525469,1.6607379483012,0.765564081233014,0.762447796944201,1.80633894082126,-0.63801976997982,1.72109428309551,9.34692495326602,-3.13438162470408,0.48787073884936,-0.112055982594355,1.42546914140337,0.48022552073368,1.21725191740695,0.529866838994326,0.617375365405354,-2.54948203894123,0.184525416938003,0.536735773293149,0.456133296782721,-1.9058151454536,2.77561809290803,0.358627072648803,-0.443037483624552,-0.153841178891758,0.310167886521671,-1.9641479378101,-2.76827835179171,-1.37185787630286,2.09641346776581,-1.01579912957009,-0.0379996153910411,-2.12668928964542,0.521055274831327,1.25820267564197,1.58394167336245,-1.04297371416704,0.667796829225475,-0.885319806709689
"ZNF695",-2.12215135975446,-1.0897268309558,1.5286943413461,-1.52975491053106,0.985198462862547,-1.52833600689825,0.389734581013378,-0.858316925861222,-1.62405113071695,-0.841632183623942,2.0831596333159,-2.88627964537671,0.448611802949307,1.24000462410228,-1.23838959259518,1.38279506160301,2.09685592666691,-0.132679507919139,1.00479840653257,1.10046863868189,1.07256651870758,-0.839741960707522,-0.10759939356792,-1.76777156237421,-0.331270244180494,-1.58986024263365,1.56373663702667,-0.475836111774027,0.110693406330946,0.306777816798202,-1.40159311360373,-1.06118756659442,1.53417492411154,1.78526252621965,0.804013951215803,-1.44490040989884,-0.94086979019532,-0.669231290426246,1.22842170534414,-0.303795524223493,0.730197607276779,0.863803739478831,0.933821439104316,-2.39913810271245,1.45539781307732,0.0942109661305179,1.19838238152977,0.321776533436005,-1.72281046483953,1.97168555503577,0.444398749497364,1.49899471444052,0.425654139486472,-1.14581794592248,-2.54427656366137,-0.494800425523062,3.00597174406355,0.121534541663253,0.128501952485426,-1.77188372117529,0.707858484485794,0.58072112536015,-0.202974946671813,-0.0444990145198208,-0.346382626989406,-0.729488754234741,0.476512387320379,-0.536373494522525,-1.39707033808105,0.124132881628396,0.363296298276343
"FOSL2",-2.33409372739507,-2.68208368334071,-0.66350010425946,-1.69797860668243,5.89250773331523,-2.86037257002753,-0.704671587573318,1.81616251243193,0.64098361452393,0.0776775656025529,-0.882827894178622,2.65435832637003,1.11656120392243,-1.08255705263321,4.07447080131535,0.452658367976186,1.10493394603432,-1.93600803810606,-0.505344008729351,4.98811589216781,3.14110953440437,2.8447369414327,-1.6259998667389,-0.676477833040205,1.87830276483552,-1.02448088462802,-2.92751044792618,-0.191610091536104,1.23843499826172,-3.22652667559609,1.22328480832745,-0.564284772350201,1.29815547441405,3.42909301639874,-1.05793997808518,-0.163147131563323,-3.25983934498119,2.41385158353851,0.974348050255754,-2.52660724811847,-0.0845833843711036,-1.99541393528495,7.08786807568826,-1.82334660596619,-1.29254147317539,-2.31626858396549,1.02138605364262,-2.68127356773779,-1.66512365256055,-2.56308336222238,-1.58478963159169,0.756066199031052,1.39215965696613,1.89931856254003,-3.29246084008197,-1.26636578808376,0.689409195224689,0.129004049270091,-3.22642821669358,1.49721148676245,0.447992136071449,-1.92954752851786,1.97254611968837,3.7285090900248,1.86442881384472,-1.6274091089665,5.67240292722706,0.537233534153791,3.3528175635966,3.26862834168225,-0.450590474814758
"TNNI2",1.215708354204,0.639628455018522,0.00510085984882246,0.961083401928892,-0.97889381757114,2.51239460234343,0.781221258307055,-0.320317964860255,0.356507682418172,0.67651709701922,-1.2832548818014,-0.796846007152916,-0.741939631799165,0.940441409053057,-0.957415612939994,-0.531857968359345,-1.715485868683,1.58629327836248,-0.660900305168454,-0.549419925032143,-1.16604795005197,0.0101096784828876,0.000816299367745099,-0.706025783664721,-1.48897463108728,0.20377918534514,-0.239490298818786,0.392495463704429,-0.909415072514544,-0.548915509433778,-0.321287589182444,-0.0579624275350186,0.736557548933787,-3.10311094131812,0.119151349201735,0.395326704048878,-0.454978170920748,1.07502810844832,-1.25312051610387,-0.266482707228651,1.29161835237862,0.0248052359900762,-1.47019385929861,-0.944909989904213,0.222958442732317,1.07021069809618,-1.19664952541537,-0.713386516456703,2.21355677278122,-0.32813456240626,1.27972144588973,-1.46986813976969,-0.574929901769141,-1.40295018414007,0.228786640117262,1.90317289408752,-1.01428957200245,0.893400666703493,0.53465233795897,1.96086591870707,0.727206051996363,0.57215289170829,-0.403286573077969,-0.667581720356986,0.0587433633267617,1.84478053335897,-1.54286738372712,0.57922656826087,0.459621313638039,0.358364154501737,3.07198924693682
"HIPK2",0.0834334218095845,-1.46451873470432,-2.62087910717207,-0.49487994824321,0.666752135819174,1.57682181255348,2.6599708261888,-0.94555139751459,-2.63388689500523,0.0851869816270161,0.270763099315128,-1.90063468617608,-0.995774630808746,-2.40788324424193,-1.69128025669036,1.26009376816948,0.407330907767244,2.06319555133278,0.426685795403171,-0.285976305473917,1.93717543541255,-1.21031085347828,1.15469901630186,-1.10315219509157,-0.305751105470702,-0.697104686835614,-0.804333054542288,-0.619046714363712,0.27216651407196,0.587077948811189,-1.15847003130006,-0.327136891028002,3.18424030713314,0.0963484270069988,-1.08963526501697,-2.19826673710786,-1.2233206131855,-0.696723517760687,-1.08134750664432,0.767332361510909,-1.34082993704216,0.732362374470242,-0.760479593259361,-1.05672496761271,2.05984589096213,0.365603174604811,2.07916764261126,0.077528464340093,-0.469881336137091,-0.480162416038693,-1.49262809843008,4.44046734182889,-0.355193104473028,1.7493689064475,-0.0960193259235688,-1.10115925342852,0.73909697002972,0.429798592618922,2.14885276898666,-1.19608347995208,0.16923244049635,-0.529536028331572,-0.293114641053937,-2.97278060892717,-0.352166542152495,-2.06200189451095,-0.247400570858242,2.57581944970637,-0.673104717817942,-0.536054697340433,-1.67047606839944
"CCDC85B",-2.26406058258606,1.05334036773754,0.507309400852363,-0.108544252897647,1.68822437774061,-1.28549442437117,0.837857195763041,0.299204542326023,0.376256946049098,-0.960624422944243,-0.550857210235008,-2.17829675131699,2.35627925122133,1.68110952253823,-0.36248614844444,1.01045708578098,0.764782291011402,0.0909555768220358,-1.2026931056904,1.72049387128699,4.93324161172408,-0.866460283695881,-2.50482596689952,-0.17130938131989,-0.22158043745316,-1.13576156967448,-2.06219108075338,-0.184766820232535,2.44047911435413,-1.98617447557354,-0.540632793826967,-2.80394447956352,2.52039892185438,1.8807524108974,-1.23516213160712,0.11686557868315,-1.15095627102169,-0.406851679564487,1.41791560557222,1.02015994564246,-0.873761141716877,0.018149537391615,8.37598562022958,-1.77322038668391,-1.96716631491497,-1.54201385836604,4.41823568375555,0.299321967600626,-2.96098468462365,-0.282790473034754,-0.411885729184139,-0.402397362065412,-1.35691352549579,2.58972390093398,-1.18299733837939,-0.533837854210857,-0.81010484193846,-4.56786631206266,-2.49164538258647,1.84765626901155,0.88029428575501,-0.770265558618444,-0.849498880548126,5.24340229995606,1.1100438703744,0.487974901058083,5.53272074774927,2.09568546884249,3.2014447581862,1.37341491140952,1.77679156949998
"POU6F1",-1.18658969259557,-0.393008622805656,-1.95031664307403,-1.80722331626888,1.79696093675551,-1.07350900761694,2.28965300595463,0.0215717331107859,-0.579134505749595,-0.989060991845622,-0.383806391283135,1.17617573350019,2.91936150783826,-1.82504065704663,0.0372893408487448,2.47199194523978,1.84981562752622,-0.412062155356003,-0.208899649178857,1.67986964697833,-0.335590167397862,2.30161050300844,-0.668097919371864,-0.958190425898198,-0.458074427732715,-2.22390406483002,-0.231284777214731,1.14960027544488,2.09598838273068,-1.12866049559246,-0.708232501078227,-1.85933623213752,-0.557509700177363,4.00087594889292,-1.86867223638481,-0.580872934821623,1.31850179905435,1.20617992543909,1.71233156829065,0.297845843767304,0.539007047227273,-2.04719390167735,-0.0568285183761043,-1.81237135370164,-0.192760919094637,-1.5041140866562,0.9195101548281,-1.01017523582785,-0.160453301053237,-0.0968206031146884,-1.11577748310972,1.83059563740913,1.31296553174268,1.595883667963,-0.837714029407313,-0.152839131250925,1.80968889135967,-0.0744601170508394,-1.0856289094937,0.509891433724722,-0.11744183782862,-0.28306962058046,-0.3763797802734,1.31879719577431,0.982404180773975,-2.84824520127143,1.76277578888254,0.525714331135864,0.412428127733488,0.840270894834329,-1.4733581565827
"FOXI1",0.593203357617281,-0.553556860695057,-0.22953081754699,0.743493815369391,0.484943100033521,-3.00223981438829,0.696483946729796,-1.38930841080241,1.15590560165049,-0.170778693666304,-1.65539794100458,0.384444583559857,-0.594217881350212,-0.00501498249976626,0.337415391956366,-3.44365064121692,-0.162512020686333,-1.32870752751064,-0.83815215063414,2.42783706157777,-1.24434089273372,-0.279662659618245,-0.54202301318134,-0.72791830255696,0.744223623802758,0.785214717513564,-0.501855841865849,-0.151864159081073,2.83117628410063,0.58536588352828,1.79332385873089,-1.12383678775594,0.0491336798338608,1.45702551938334,1.26430954179536,0.566380802480815,0.497072712224742,0.124533033942449,-1.73913147572823,0.0185651878967237,0.272543761426613,0.141633103130699,0.353457629161559,-1.81466487782028,-2.2004245763679,0.25666114456161,0.525591085076137,-0.239431712506791,-0.142508940638505,-0.0509054904143066,-0.902410249525739,-1.22992656237708,-2.1148818509996,1.60911206448303,-0.604834559790677,1.06575844862574,0.718409137433552,0.252836192573826,-0.0226818793961013,0.42126967092031,0.499487673432046,0.118608203408713,0.557086112894135,-2.25507284497553,0.40444593470004,0.874589713627909,-0.916510048898233,-0.885329612548986,2.69916799678601,0.402079027160759,0.986021801476643
"ZNF814",5.15233864623598,7.41998920102107,0.512094761423439,1.88647858002389,0.223890438970006,5.22760258519676,-2.90451978235162,-0.198489847437437,4.66238690848922,0.111148186294358,3.4255509171041,-2.56395050876941,-2.35766602165109,-0.736661212420294,-0.345135240476883,-0.997923254579525,0.0535537461415313,0.266281238658791,-0.494942028461346,-0.424215050472939,-1.72646395171998,0.439929325352331,2.73180445651786,9.78901728055505,-0.177989898247675,4.97007299123275,3.05044934077975,3.19619328620525,-2.47374602824947,3.96507072602395,-0.824761873371733,1.75805329394877,-0.360249411577098,-2.28432229404409,3.38277646234079,2.53005549776298,2.13027730668248,-1.66950657092001,-1.38128826131031,0.580802882785696,-0.754957741317811,0.581312435836477,-2.77103156136753,9.76642347760285,2.36117661578515,0.319829386516541,-1.55319652910853,1.05713496564098,3.01099601620681,5.51467679223946,2.5044617302962,0.34691470490203,-3.75280517144632,-3.09020246938351,6.31137352362952,1.64044374930297,-0.313411977581936,-0.966084171053455,2.60348253418647,-1.0713580002533,-2.41241237399084,3.96464120359511,-4.47394073508155,-1.88079039678832,-0.763245385419848,1.78780068310936,-3.43378390560455,0.627747277955971,-0.910737508541005,-1.98610288254807,0.88343230260108
"KLF8",2.27621651178922,1.68635896506867,1.91566741481746,0.947422474428981,0.357309243306893,-0.0959048439508646,-0.601019736810546,-2.09892330325829,-0.727345584884712,-0.131407337153634,1.47178541500979,-2.57306054561586,0.433314979133945,1.47965162168616,0.0288044221887636,-3.08638303021631,-1.00920860169468,-0.414220050991872,-0.474713907997294,-1.43728425804086,-2.77688082140809,-2.15004231222919,-0.423729003171766,2.85300635050939,1.65507794094641,-0.567488789262674,0.609526809962904,-1.58838845470832,-0.338978914721751,2.61671396134227,0.565316588860985,-0.0852582968414538,1.11525051700314,0.437644614617858,-0.727948792743335,-1.18924069678111,0.40517358410151,-2.37748719748483,-0.887084396068255,1.3545026480751,0.938917862776333,1.68875473048158,-1.96227235961297,1.26424066149118,-0.615297700148631,0.980211018791348,-2.43594707266394,2.4856271548618,-1.03014239742844,-0.443463061976926,2.42591767657952,-0.757025973256901,0.741002114092219,-0.435561299449451,-0.99222240669649,2.59341120978241,-0.866283587631858,-0.870748274608091,0.403161890708687,-0.229547382299492,1.01058788823752,0.290539198989261,0.231823504266256,-2.26132667961927,0.197804517569704,1.75121522630256,-2.28242703728852,-1.80373450195221,-0.206690209581272,-1.8383583752679,-0.872912500680708
"ZNF703",0.844739237613601,2.43122688646826,-2.01799303999259,-1.29980941725147,-0.124454384863449,2.22219161248298,-1.03114092858856,-1.90049213716333,3.82544056884611,0.154160679164965,0.363246983944945,-1.08113404617,0.451278865244198,-1.03419646183743,-1.06691496716618,0.0520873205778705,-0.405877659708294,-0.818354133205284,-2.5058854113804,-0.145177445041825,-0.501698825373284,1.53129240384787,0.185919142941433,0.541309563265452,-1.27743339278741,3.31551536095284,-0.329741132415435,1.78076686388556,-1.47997147130708,0.575122552733017,-0.899516182782854,0.261479513699448,-2.46099688666515,-0.738208228806341,0.738319769787651,3.04269562344043,2.24872619168289,-2.19805699298673,-1.74042016535042,-0.832444532421248,-0.356088689024642,3.51586026027843,-1.19585128497658,1.25681631991618,-1.18852851841248,1.1374451379106,-3.01763468765863,2.96008623688718,2.00570847611083,-0.540237092320578,2.596003862041,-2.47029184113537,-1.26948183817231,-1.05441866266111,1.44463300087458,2.61340873908066,-1.26174091953449,0.234095310446666,0.753681960432354,0.475507555081233,-0.547788952881166,2.33542123148452,-0.420393445119841,-0.907448867439898,-1.08267874492181,0.981609450017558,-2.00420397277919,-0.336752648879411,0.287594345625709,-0.931230893004609,4.27334200956027
"ZNF528",0.806237727960986,-0.610203166914768,-0.753931868663875,-1.56426377803217,1.29653971150986,2.62628020717451,-0.268225423813803,0.209173894767967,-1.46091121519974,-0.0875770435597678,0.719825319254341,-0.0445983971298998,0.316595728504346,0.0265977960885452,-3.34197593627744,-1.01870384078261,-2.57855280681886,1.37441730643597,-1.52818087741023,-1.75795638094335,-1.05034358582859,-0.0815392820413242,-2.17696927335828,-0.689133321761652,0.821340636495633,1.03519161388559,1.45910525979902,-0.34312065598857,-0.98338145280913,0.672730840462101,1.64726231119759,0.530860101709505,-0.514642664164775,1.2856337634152,-0.826616262868741,-0.950807773112314,-0.53122597065615,0.0927224251598471,-0.740669496310611,-1.0971381845452,-1.06512455633656,-0.458861491737628,1.23957587032006,2.05585515632586,1.57248368998378,0.547437641586657,-1.94154819867342,-1.69315133980842,1.0366725537165,0.730599324292947,1.46201462260255,-0.930788792596021,2.19729580156355,-0.378187312792263,3.63526794556804,0.970201793016838,-0.656006460732368,0.777591037605596,0.820386678665694,0.229940609348636,-1.07366149519509,-1.07266549879956,0.981054379870108,0.693158069243641,0.0822272456197577,-0.520827011969586,-1.01815457168393,-2.47112712073783,0.427963855534034,0.158297863995456,0.331046248031807
"ETV4",-2.17073998916877,-2.3230474542392,-3.65166886331674,-1.80899968180064,0.560517154802552,-1.3665450655226,-1.82325240315095,-1.01543578084215,-0.539530447310636,-1.01689410649378,-2.40333520265932,0.532432922033187,1.81263834633506,-0.545258279548309,-0.732531678671087,-0.0199726857049882,0.813901076568603,1.69226538882285,0.747958356522519,-2.16580310954925,1.26635415134805,-1.06089830012316,-1.28523538340359,-0.731268868149072,-0.115935405293698,-1.72673727321519,0.922227530173023,-2.52862184444307,0.518213085638672,-0.888587471256595,0.650102401062022,-0.282240375715931,0.294642431018359,2.57182795884772,-1.62771674125092,-0.611809635777991,-1.11481714208162,0.161055481808325,1.22088483235156,-0.533242412353525,1.73021220204061,-1.63307858555493,1.63076311527232,-0.404579705393056,-0.183669062646563,-1.27825898545082,1.69272436541941,-0.983316097781585,-0.505530898925935,-1.69156217659822,-1.16161088317637,0.355504274350746,0.88415995871495,1.53770916727852,0.741439923888991,-0.779640766494714,0.753577002140572,1.0136508484993,-0.532826616122827,0.940118793676634,0.866484970120929,-0.27093657792864,-0.326784768356305,-1.35679655174716,0.481257546023149,0.912421092860011,0.204869114762683,0.293892173863622,0.151171479494797,1.41107530145613,1.32032556962403
"ATOH8",-0.591225682275469,-0.112082029104991,-0.262910470070311,-2.07648303671046,1.22216711199824,0.153227578469887,-0.0655330122575567,0.689906158565779,-1.0835208128801,-0.0951119875582911,-0.374181617614634,2.36745604586306,-1.40634030222397,-0.517024536777784,0.901173651087599,0.670470206787831,1.06078143428397,0.00300254951351243,-0.670654217277638,1.00808515116648,1.39466787669809,-1.11201780184841,-1.37984310387639,0.349640779949567,0.994450984268831,-0.875754335173294,-0.429281908013389,-1.39915190183386,0.23365639109556,-0.355698718283927,-1.43875314333554,-0.660366758021142,5.38459442010516,0.792945108564808,-0.901370008626654,-0.622056189675637,-0.35444757031209,1.09712775494913,-0.927262035408161,1.60243797249482,0.715415368862875,-0.505759507816238,1.73285053314408,-1.24657336867639,0.44285359760514,-3.20667516197308,0.456135318559617,-0.23260665222408,-0.976357628546773,-1.65126323294488,-2.84046765859431,0.110429743066572,0.884226235497605,3.86822921301868,0.923373976461392,-2.37642787952177,0.962043821897453,1.10516201781879,0.382065139358504,1.13258882884682,-0.146091711349324,-0.226778827930268,-0.388195372448759,1.31863964739972,0.190191002998116,-1.07304155680467,1.73641768776267,-0.870504453854322,-0.709917011406301,1.77696185739016,-1.07763711508857
"HOXC12",1.21109436366997,-0.564417026157113,-1.35691541068909,-0.0847925718169752,1.28494389674664,-0.526193835853473,-1.90494895392442,-1.72063758534784,0.28117685507007,1.5764264743587,1.37287841649425,-2.12313503903707,-0.886982782803813,-2.0179153258246,0.00779258912404666,-1.0676109782128,2.65396117059455,0.166323416325645,-1.04618878044983,-0.964710276007981,-1.83229342465492,-1.09455116179262,-0.909689684116179,-0.264844237785204,-1.16542458994589,-0.124478895766778,0.988910775370263,-3.04243264206122,3.54495290710665,0.433397989023743,0.274818842554309,1.36334398811923,-0.167204180826807,1.67384289573994,0.176746158711927,-0.255523542094382,-1.1124584628258,0.879151755118333,-0.521202148261304,-1.30259356732247,-0.281440003378741,-0.93033820651756,-2.06665626732743,0.341129542925694,0.365554820380927,2.15895811793035,0.179164364322131,-0.75157466316805,0.15434448727596,1.36533319687788,-1.75379249972082,-0.0628001237463452,0.188154814256078,-1.88702929033279,0.890667432035778,1.07362881006757,0.922922552048053,-2.3796552226421,1.20719533126321,-0.0494165644154547,-1.20567501168066,0.708596570926288,0.310579968808529,1.13084728700549,0.47350975500047,1.01138792489233,-0.257245549095125,2.1328986741115,0.393088782031981,0.483103232778434,-0.870670785421156
"HOXC4",7.42620745843477,1.25220253915082,1.39940484104416,-0.360364010400013,0.785348050277995,3.22536786928051,-0.331074537011569,-2.61087140328231,-0.750257312221958,2.37096278093637,1.53442269566277,-2.25585217097177,-1.08858570567965,0.93269840333968,-1.08884115771895,0.945305925671566,0.954524365152771,-0.778210501582589,-0.334018146269192,-0.655625895360092,-1.79616596061362,-1.91672459461409,-0.858345715248799,0.8550225843421,-1.03377663730194,3.00618272842945,-0.79237603496032,-0.11881587891157,-0.0677332505954596,1.82853639392225,-0.887000958137827,-0.744414854448288,0.640839843395676,0.576475433696772,1.79225741767439,-0.723321465189826,0.845761471455269,0.215865656383316,-1.45596646505336,3.58271794350146,-1.40072847646317,1.78591116505038,-0.797506006971578,2.54771355276333,0.690490716820711,-0.833411682774215,-1.79245629351507,2.70830098279092,1.01605989774721,-0.716697777592174,-0.00935811050101599,0.396007952100604,-0.0678878985349517,-1.8339249587027,1.03827701707595,-1.00519553643752,-0.080365219708457,-1.62306579981543,0.419925201123579,-1.7783649883638,-1.90890538361223,-0.32356000628336,-0.209959532733197,-1.73583054785357,-0.32621669074118,1.94010570992261,-1.17884056508037,1.19664921387099,-0.544861089505386,-1.43492601741272,0.525531985754109
"BEX1",1.61846774903046,0.474505509249596,-0.373781362792759,-1.90013422809618,0.206565430870042,-0.0373739875713435,0.705312752082356,-0.808225112817473,0.17272564283548,0.917458360095799,-0.573481963184237,-0.209941699270279,-1.36595735455282,-1.34440437496087,-1.75590976944459,-0.448003773536421,1.50271326910623,0.686818045067539,-0.426594359427104,-0.00287686549615215,-0.0336873142718904,-1.12182680958523,-0.23583745220959,-1.21197447826048,-2.18290512729712,0.0516208133234324,1.15903203788555,-1.66603979659945,1.20360901120224,0.890033923354584,0.229500415786221,-0.581559773719566,-0.533450426587704,1.42284492038322,0.754867617169291,-0.286497054329075,1.08527913175751,-0.0510934981424027,0.850932124550981,0.369545335871641,-1.27724851750229,-0.1175846529023,0.331521780239488,-0.319098659095691,-1.28727422113089,0.198563467114484,0.608993196822228,0.884485008211985,-0.528413640734312,-0.904754765444601,1.76966497641032,0.15205761782901,0.285239571462614,-1.29022070880621,1.18742791843353,-0.412279638969786,0.318732948525362,-0.293163545569865,0.351255449190076,-1.45196834289359,-0.72463496527301,0.380318725077492,-0.697290507806228,1.76199800422226,-1.54394596359889,1.0657390487799,1.52481762113056,0.567199978166648,-0.569852893278786,1.56680202923109,-0.904510544679532
"PBX3",0.0653770771593221,-0.37376764820431,-1.28764743241507,0.355904178431972,-0.838164014652614,1.83089204064059,-1.06625443462909,-0.777827135429137,0.080864058454254,-0.0445967367839512,3.69443123948167,-3.93113918759037,-1.01982170317551,-1.0730396070538,-0.779822219828513,-0.0830504903515173,-2.58793860802485,0.210533401027818,-0.372662040733725,-3.31708627091617,-0.111480050746601,-0.280308074166527,1.59004852414063,0.603036052871375,-1.44203094580597,1.80969322561268,1.78873395353083,-0.386780089447011,1.28761492622682,1.17229043445705,0.664606662846925,0.361933911687546,-0.63379028929147,0.377245480767778,-0.0981858051359495,-0.592238865382089,3.00030841355392,-1.87216567571436,-0.836056194727345,1.16011450966168,-1.49340557482219,1.01567256529686,0.428176147005957,1.20605001621016,-0.714622137359091,1.08137643037733,0.654115178398219,0.156039018494389,1.08740726130133,-0.228586502148753,1.80601345669823,1.48176193259295,-2.96273907277333,-0.531795338253223,-0.89965283568229,1.6361136545762,-2.12733430865453,-0.335939520833407,0.153175402653203,-0.360868226364495,-1.32781834657146,2.060885542677,-0.288207770630421,1.85786681567028,0.508164151766802,0.502602775479433,2.00698209357965,0.988834175877468,-0.300094019518064,-1.13707188229043,3.21587011506447
"LEF1",-2.17275496841214,-0.878381849103989,-1.10689538111446,-0.34804448377153,0.177629318952157,-2.02354033336089,2.94000920263896,0.766816096699764,0.0873408167929653,0.394257694641447,0.667966576768488,0.311921899538862,0.213017324694374,-1.05441125233345,-0.0886575179773271,0.332463524095918,0.124799370123746,0.936171173358332,-1.47969482943151,-0.657644298668774,-1.60929016910644,2.07662266867786,0.340207782210299,-0.748924729516804,-0.239966856503673,-0.0856426577066128,1.96572616095993,1.53526262070024,0.260390524969525,0.420109072122752,-0.755898505662555,1.46594952321596,0.0634482416478631,0.51336944906271,-0.204301829218914,2.5275530842295,-1.49285027024462,0.267718432765116,-0.108629326091194,1.03951704189278,-3.21875390064654,0.355023541006073,4.31967793078354,-2.11690759065105,1.26034797231741,-3.50212678032127,1.94361849102544,-0.105862648538521,0.239710064067199,0.369901804622719,0.853230810711071,1.32534616980253,-0.608483884220785,0.430401590239671,-0.713949921834404,-2.66590245800472,0.389180552970468,-0.277031376724006,0.404722478732113,0.944292518247388,1.87013853081296,-0.836585302880658,-0.348264104147706,-1.83295756471129,-0.416427255331214,1.14939886735491,-0.192247566051504,0.172595479479069,-0.408746453826265,-0.0256373138682631,2.70937383529105
"H3F3A",3.91217566555446,0.569307764242196,-0.256708485866345,0.630313011508435,-0.0270870871950655,4.04217437086526,-1.47830582435928,-0.967629131983655,0.217558448980901,1.19648152400913,2.3854316744648,-1.84200252731006,-2.43736806262918,0.516082610339605,-5.27677507185582,-0.117887576046702,1.76524620537026,2.57743222716968,1.34349410276745,0.00783797324818803,-1.93448795119267,-2.67706961776161,0.436394909021839,-0.252317358179217,-0.0725633307175837,-0.162309776755431,0.29057980952578,0.459800505723154,-0.281346062427337,-0.525338996861735,-3.57244791464692,1.31012375616377,2.38979584997483,-1.04991985034439,1.47224132119506,0.972998173355431,-0.712429567194707,-1.25625754307585,-0.412309740628582,2.507040191141,-0.182373733237952,1.42989507584073,-1.45178798747534,0.786843655272533,3.30180450941143,0.184540203069435,-2.53927601904357,2.73726204379443,3.39210062883474,4.59750230372012,2.49386281518863,-0.0731795692483864,-0.87164490851015,-3.90892051684525,1.56290959761358,3.47136657008174,-0.915884810891206,-1.60647344783262,1.78805320053523,-1.32269918866812,0.427146585601639,-1.26209037430688,-2.73798138230068,-4.19825535383218,-1.06622145606853,5.9567887969185,-4.24179758794904,-1.5220111002907,-1.96242355641478,0.00854296457588105,0.486522372217615
"AXIN2",3.15753899974685,-0.820479761931443,-0.522205580683042,-3.31148588377334,-0.616583140929156,4.09381933662044,0.880140162468495,-1.00415367365826,0.228305714775964,-0.26326066957696,-1.27519894373818,-1.5577628689645,-3.41824276831392,-0.512821041184384,-2.46944528427764,-0.276587224660219,-0.101745371644049,2.5345166958867,-0.35535439834105,0.365456704968284,-1.03234630537483,-0.721230785510664,0.496231889750308,0.298655663888593,-2.05700796920293,1.81542628538073,-0.000962035357909771,-3.02269592470101,-4.53776801691972,0.997554893791819,-1.07892921399675,2.93756566749761,-1.50076405772253,0.563674866071783,1.20887970440915,-0.650995648612548,1.26644008804957,-0.48015389296282,-3.32739472224982,-1.10451608515424,-3.62108770664574,-2.88157864280553,0.455434425834207,1.06257975738873,0.215706133402098,1.12174054665788,-1.96912852116492,0.60719482788164,0.79487626320296,-0.273294086926483,0.488109989158618,-0.653587418303674,-0.143665098411121,-0.540178822193971,5.54030606632647,0.45948712573445,-1.94424757489786,1.50160680924489,1.49971316261747,-0.60405073797638,0.172754112725802,-1.30875030242584,1.28805209337816,-1.2570677427867,-1.82114380431566,3.50456300745738,0.00737382136112546,-4.88800017383288,0.314260769190591,-4.98379185046601,0.86715531297446
"NFIL3",-0.731894257765462,-0.0324626050872842,-0.653646701316205,-1.25096181294775,-4.11505559888886,0.73473332873256,-0.564126419474851,-0.746934716814939,-0.0485106441418182,0.415870062978403,-1.45266170821466,-1.15073511252029,-0.592345051233562,-1.25004714785649,0.0650122945072175,2.47598073894355,0.596660816908218,-0.466110286153105,2.59380236131121,1.24187935318035,1.85738859351662,-0.919447485803334,0.40080714173913,-1.94554042671402,0.203728138461541,-0.159797122376302,0.205788300929326,-1.46229914773109,-0.1330717533628,-0.781486514627051,-0.606970322707484,-0.0776594706643789,2.57092279128805,0.879952954954717,-0.32959102064485,-0.747806896534903,-0.0619479987015746,-1.82906765891546,-0.517093396724072,0.338340591213611,-0.312788009122887,0.163108424593064,1.26267492372491,-0.610753749767011,-0.35817644902641,-0.232957638559736,5.88877674344169,0.610080714680353,-1.15285816398637,1.1217267301504,-1.24252948428122,2.2081478362285,-0.869972420674385,3.28570200174344,-0.591832363935416,0.41511577406439,-0.529624936427837,-0.325627362925645,0.121093580118743,0.144187059112475,-1.37782045191249,-0.607648165418424,-0.497759206152229,-1.78094765113958,0.993739789121883,-2.08208103256155,1.81615014164027,2.60250141754773,-0.560894653412395,-2.07573854891861,-0.455484538932158
"ZIK1",-1.21363365502793,-2.11587909662174,-0.345288585525126,-0.789996015925177,1.34148290137537,-0.820053232357444,-1.17704946048265,0.451348001451556,0.617737846677665,-0.648132428274519,-0.756979198527321,0.330513925913474,-0.765854443373489,0.806928255967866,1.52676509843048,-2.79859691256124,-0.499006250565882,-1.44274936673326,-0.182908013489525,2.074706398961,0.118984927328309,1.20096341221919,-0.613720808160024,0.331894324197216,0.983439550300702,-1.43771380779196,-0.410077906873355,0.884362627420133,-0.773296247085563,-1.23589405871222,1.17290723300627,-1.82517837235216,2.09550549880739,1.41562216362446,-0.1977758636219,0.17562297121032,-1.30852904833498,1.74062335397971,-0.692727724999955,-0.56053735283532,0.482056316400964,-0.976463338926902,-1.0956083839173,-0.167912970722603,-0.803576066454706,2.17197342910209,2.17203775992717,-3.50996012272108,0.214786862639824,-2.3879882578056,-2.10778399705955,-0.602752719242689,2.08717595245092,1.29825002398693,-2.78616039360052,0.520005179921401,1.10911664617711,1.00601965148239,0.402931401535431,2.55394064734785,-0.0939671472885917,-0.256400134008457,0.180009234917575,1.62940200905601,-0.267091356239894,-1.5417287111653,0.545476653256467,-0.375014226882146,-0.348359111394034,0.55610934885499,-0.396232705738452
"MESP1",1.78199125229544,0.893226243275593,0.948182946991385,-0.371500907217563,-1.22563131358436,-0.479564212058545,-0.312534813211433,0.503505342490086,-1.66643830909087,0.289100284275654,0.807006220421005,-0.273537283862723,2.41229397209098,1.3627748122138,0.735285280148118,0.489210049612504,1.78885913529688,-0.0834755408016075,-0.474999981493644,-0.906735787324304,-1.4230215475415,-1.08951233904051,0.00859769543564371,-0.484349639996592,0.0488771274397084,-0.881641950090552,0.626023380252623,-0.445717914578734,-0.00206687811341348,-0.0263688824652711,-2.45448694337597,0.949345744802954,4.749925530946,-2.46090868914996,0.362473317415129,-0.620844378458892,-0.765442303624698,1.02074628676296,-1.66219102689443,1.33456461055252,-1.28559228710801,-0.489508387267218,-1.18709050131764,0.15887377533081,1.65134520065469,0.421132179254424,-1.78345673474527,0.344273782961735,1.11182623563667,-0.649552988144458,-0.38122117747537,-0.866586437060183,-0.271153539688311,-2.79875277800188,1.24367967553585,-0.143024041896189,1.28605776374412,0.191608606540684,-0.840332664488773,0.80682792497267,-1.33506434716871,1.52365024891123,-2.56828355389025,-0.807677392954489,2.0468913015264,3.22098817833062,-2.21047919042041,0.834001297873126,-1.90196940443989,-0.162142893364085,-1.73625629703382
"THRSP",1.55949593807494,-0.960627607919758,-0.173793373710275,0.523342453998767,-1.56465329515013,2.14285886201624,-2.03318500905682,-2.40374932164265,1.44056485741046,-0.866369743005297,0.460378242745241,-1.65981021992189,-0.75977935806028,0.751776829941108,-1.8358937927788,-1.60216307478433,5.67883999681849,0.708591889477278,5.04971310746212,-0.332012608100392,-0.721847602773832,-1.15942639028321,1.03294367802406,0.489360863811077,-0.081894519920833,1.30235194932267,2.49854339887473,-0.54684545588189,-0.645917125295695,0.488080487596162,-0.501764206704488,0.279902766378129,-0.121341736537197,0.563157923831591,1.86370296845081,-0.740290359225405,1.15018309190998,-0.689255040889665,-0.186814161050503,0.262057710954419,-0.314600178422333,0.971991625185899,-2.36223007442787,3.81313342274563,0.225648727182402,1.97942868963839,-2.14129413208062,0.943096332095826,0.997347242652698,2.09443959144056,1.24062126677513,0.98164183627198,-1.28285127783851,-1.92623779948384,4.19320745272071,1.96584608573386,-0.337996454399361,-1.12977515918054,1.68524340934693,-0.671833438138851,-0.894242953027339,1.14924058158392,-1.02456343605008,-1.58303158338668,-1.56384098823214,1.83448110976537,-2.54540001493935,0.272308583097808,-1.80593891624755,-1.07646155993766,0.0668910730515561
"ZNF320",1.78293322178386,0.629474795372413,-1.16938314191477,-0.296541062682857,0.246176893012583,5.8057551691393,-1.40404954686061,-0.255119770630266,-0.545497784507675,3.71604296893625,1.36381182759449,-0.305440578756699,-2.36811611679094,-1.99848657103505,-2.0654038632884,0.217439366493211,0.563872131251709,-0.340458261852327,1.79636778125802,-1.23920165199224,-3.3890790133771,-2.45223346547087,-0.772331575572143,-2.28669995347896,-0.968965977532319,1.94101349575232,0.342379367810239,-0.207899593956337,-1.39467130358687,0.135365194624337,-1.06404078109291,-0.619606355648195,1.42168131440234,1.93760546318891,0.120965304419691,-2.2687230242971,2.38653489108901,-0.641809031798673,-0.946668093331318,3.34144180665375,-1.09428096482765,1.72650769633548,-0.135234748155467,1.23620245347291,0.275827926658225,-0.0831010414903711,-1.8702290100264,4.27765481723583,-0.313538838862691,0.307045757394915,-0.263890349301953,-0.347434927522218,-2.38196584467315,-1.3740267002602,4.80232506162074,0.984364877926711,-0.406673917508765,-0.935784545836172,-0.601058767513989,0.650466924152955,-1.62086245760515,2.94771790922605,-1.68651337429194,-1.091755639659,-2.18576566513669,1.241203077724,0.021537104713445,1.28271403138619,-0.875280664845552,-0.420967910415985,1.48564433837352
"DBP",0.773356002296805,0.702152528116635,-1.20375482248574,1.72128716886608,-0.812188617948115,-0.58786546439975,-0.94513176715331,2.30537628928699,-0.311623313080144,-1.34731368896252,1.26190762550711,-0.0468294653745378,0.249431353914647,0.163929904693556,1.07207772569003,-1.14600993289062,0.074730549985093,0.307524521593955,-1.31824774959948,0.710399973237776,-0.173811796549383,0.684413727629479,0.529020752626452,0.5951505470904,4.28968602596532,-1.79450600543952,1.13501759169209,1.18954793021318,-0.883105451839975,0.325421147138379,0.830937136854405,-1.10434826333815,-0.743009813694077,-1.80037899114809,0.921895510269533,-0.158233874069026,0.734449858930641,3.50551323620919,-1.28443686438262,-0.444381199230974,3.40230059635523,2.20581723623992,-1.04977661333374,-1.50878965227392,-0.120421781089641,1.79685035617397,-1.15238306127163,0.864420939416155,0.511825999060602,0.581497427711478,0.102154702765413,-2.72250363441555,-0.259109464373503,-0.809377317948872,-3.89469199100109,1.61692692949371,0.23899610999636,0.422592322580249,0.443476980820543,5.96883600004843,0.395215836450746,-0.168492164597889,1.23015698112032,-0.964662598082062,1.11965119847872,1.41138849574294,-1.183553947094,1.06532210689255,1.68541839761908,-0.965906174174977,3.63032387191016
"ZBTB47",-1.69733126263847,-0.253603431615047,-0.281069189608963,-0.810575190533063,0.849605883581832,-1.05115741348457,-0.564073741034724,0.248921267326464,-1.49247578868869,-2.20595157361785,-1.21640745659658,1.25224858230642,2.96391376831502,0.136664432180755,2.27954716042482,0.925683860025241,-3.24795395448956,1.64188561418844,0.25729915818354,-0.528215199316396,4.34955680273423,2.036400537682,1.65881493095761,0.776321611617675,0.644632126313956,-0.578614680581841,-1.91736002742065,0.778146737033396,-0.88204421074087,-1.42242438420776,0.0421659839855715,-0.518201533543375,0.676732173826875,1.03981168511955,-0.847135401769186,-0.987120467512464,-0.71950716612438,0.750777092626501,0.791589796593038,-0.324993559081331,-0.495911220636631,-1.33032233371001,3.54977272636994,-2.36303531622307,-0.110044520901156,-1.10250475833085,2.01164173032146,-2.5804494284798,-0.203656009132247,-1.40871397341468,-1.19097004884072,1.05651966122051,1.09392830318355,0.045274470323221,-1.51373848651649,-1.98871799406943,0.116153294659077,-0.812038677858932,-0.0793764383347068,0.108419532235452,0.751430471556874,-1.05757698645919,-0.276410855691041,1.53626053013717,0.933268734590421,-1.60194918359778,1.67735957577559,0.569576500295679,-0.0210261843848308,0.973934174070654,-0.240537838083529
"ZHX3",-1.25638826389451,-3.11796537979975,-1.55465173951064,-2.17341887801328,1.15599309433233,-0.244835380598379,-0.888041285371809,0.686308647960702,-0.919417670881279,-0.0171754462165773,-1.67192630338449,1.36089421530471,4.38697516211909,-0.975608277407479,0.4610067118635,0.971026428660809,-0.800944382531383,-1.68226772698175,2.37230893273551,2.18800606928418,7.37613545162974,-0.773953867892738,-0.937210922778493,0.528909263005083,0.210980957912283,-0.0928535425946892,-2.00538221551861,-0.783122471761414,0.871519898547386,-2.26139736514249,-1.30817576188074,-1.0767571579813,1.66660402363973,0.958131180462242,-0.626723148661696,-1.80533515844793,-2.50464962667165,1.14043624224635,1.87372110235717,-0.752030705518323,-0.617634066861975,-3.03511752423053,0.514375558869052,-0.281905392112265,3.42308903409013,-1.49912634569533,1.79633667388356,-1.63298598728471,-0.726438328531247,-2.46079803745546,-1.08414530453431,4.03830692114845,0.43392094473407,1.77140828891431,-0.000605722503384697,-2.25692293951819,0.498762251106015,0.507490205395112,-4.99590680891129,1.69474501034647,1.24072987049926,-0.415194251876754,-0.93111703467156,2.4547492124111,1.21390799358183,-2.60874267031489,2.92200013321831,0.243194872558435,-1.02762859631678,0.954416117865324,-1.25970271855525
"ZNF30",0.517854617146983,-0.469231913967098,-1.5989055723251,-2.42486484444243,-1.01432864570458,3.10191575746877,1.29458732716349,-0.97311426709305,0.632455612950781,-0.409329070939206,1.652036052174,-1.83264213800144,-1.59962249990153,-3.55060679871336,-3.7540140753813,-0.67753779435901,2.07900880461479,-0.983876215839891,-0.0827326008288141,-2.39020824307768,-2.56702791431645,-2.1218876270994,-0.485272698461565,-0.941912611546254,-0.994813986739576,2.0518408024192,1.25603895593316,-0.793844769280098,2.35011499399458,-1.07023941767336,-1.58721619544404,0.810150832228638,0.463065691206814,1.19961974473987,0.434571309336659,0.928105045236584,1.25186647938052,-0.731020308587284,1.82942766615878,3.42293619772116,-1.88192139348831,4.6284497790133,-2.97525668024358,3.16841558006069,0.498995578752897,-0.870318766151578,0.114691423601103,4.84158732187124,-1.36214731227517,3.75349623411391,0.894053709082674,0.186315580036568,-1.36496879004862,-1.00875387566602,3.18373721670354,2.65638852448142,0.322506090537071,-1.29582065911161,1.22758510964659,-1.35294999226213,-1.91320828573523,0.991828185505459,-2.89764967189055,-1.8124496477157,-2.43923035562722,2.3814301209092,-0.0851037579430753,0.93403797106136,-2.11200271218318,1.40114694719597,-1.04134939398461
"ZNF69",-0.59231648193013,-0.986873881672294,-1.9887716812105,-1.11673681414718,2.04531971497437,0.970509289030769,0.529991078579612,0.158797090086606,1.33538378064924,0.796382854956778,-0.0177711570468265,-1.14087937132825,-0.207687408713837,-1.09546720628217,-2.07434458688039,-0.524323214611166,3.00624243916817,0.555391495537864,3.18186774280702,0.368819361237324,1.76681747322935,-1.69506968500213,-2.25592658470041,-1.8561500208516,-2.49651750634203,0.180741067710211,0.166611851747782,-1.64891132127126,1.91794361350726,-1.78581211131082,-0.701586898931865,-0.415180875626566,-0.32921604269307,3.14633278017086,0.246915845077294,1.0534645643971,1.87574416327127,-0.85012232273592,1.94393337638229,0.423760800270978,-0.245939805016945,0.865239135242494,1.36240081281464,2.13271169220454,-0.882782554927845,-1.2930303181165,-2.3900804601805,2.04260455174445,-1.05026648054273,1.79587528310729,1.56838755381654,1.94930348248124,-0.904175177993236,-1.43732915380025,2.69214903034019,0.38498730857017,-0.432213522078039,-0.739317363239757,-3.30931874347551,0.334762721092418,-0.660099902926008,-2.09203002319006,-0.638721246412259,0.912482374908986,0.363251489215227,0.90798487692889,-0.443213428502207,0.682481283010589,-1.15948253963389,1.00981449798331,-1.4705430077101
"FOXP1",1.83861988984034,1.14018446650901,-0.70973158054828,-0.487050634851261,1.35407223784004,0.961249273243987,1.72189128130299,-0.587340018762427,2.45529728845884,-0.0349684941105213,1.81360427053422,-0.980672290809704,-0.0957087321583192,-1.01217212473232,-0.80196253141065,-1.0439181395088,0.569409057193367,1.39480595210666,0.258031496390218,-2.83307900726934,3.48655259061714,-0.498493389498216,-0.0229721941169399,2.03910269809515,-0.498313321128602,-0.638992134077796,-1.14789745889363,-1.63048682328874,-0.716245263578792,0.863643110632793,-0.895264715798758,-0.363726537831198,-0.35512383705536,0.382461902828236,0.988586104530961,2.98913424167164,2.77435250071859,-1.89061334589079,0.641119075635638,-0.0485069549577342,-0.589298606032298,2.49760611217766,3.07197829136073,-0.314583666454075,-2.68885696006506,-2.26974703109546,-0.895565895965466,-1.33320953161345,3.53667080053184,1.85620840919111,2.60570917585552,0.24181863465775,0.304349941107497,-1.17565947106826,-0.686892496909857,0.981752630668636,-3.81077616059686,-2.96534705264335,-0.620705775712559,0.567784475629299,-2.54119465186183,-1.12494896362119,-0.206127612813935,0.689331620894589,-0.56765720692696,0.237863749757915,0.113465989349923,-0.790594111849207,1.76487620325302,0.137455413291392,4.12261758189771
"ZNF354C",-0.651643871059624,1.5608274948356,0.100545218053144,-0.840790531775493,2.21322349982736,-2.72891292003304,3.08772677418821,-1.42111297143284,0.533421322281992,0.625451518707665,0.372363477114498,-0.126642901012021,4.99779405083179,0.0732469352360682,0.125056543436866,2.41282611197173,3.61665184534979,1.06020463882302,1.18801344015868,0.890634333050913,3.89372533140213,-0.850117182466868,0.190114990431889,-1.22561703290299,-0.254258459135061,-4.21294755811983,-1.93769963295997,-4.1272380829719,4.69617010958193,-2.01759582220528,-1.5821845104725,-2.06741096073092,2.32048199357979,2.70451986075394,-2.15148650117396,0.361979702874732,-2.280091242094,2.17016075493588,1.16087383345432,-0.255498342279589,0.510791864964541,0.789361406781102,3.35686657462021,-1.14607514529338,-1.58551631627711,-1.84430129676304,0.211463849681838,0.733646536608123,-1.94743346377244,-2.15387402036732,-1.48999725002153,1.10116587582758,-0.763161568097038,6.07064763097359,-1.17424778486835,1.05931253743117,0.399354696193243,-2.45120744079102,-1.38294572514476,1.75661748605531,-0.561280741259773,-1.83094846651142,-1.62570869719108,3.22953573269056,0.0989741896910382,-1.25083245680278,3.52274402906196,1.39733909073271,-0.12182836384738,0.214055008578996,3.1670210016293
"ZNF90",-1.09860684535421,0.679569531635012,1.53517570698874,-0.209436867501593,-0.552211708685438,-1.84502942279004,-1.63115367799005,2.17356144664285,2.5343332187821,0.427143680113841,2.13109666715091,-0.991322817979737,3.37252707211693,-0.449192878807381,-0.592486814967954,-2.17959140843808,2.37877448472467,-0.553640886212053,3.08278386241702,0.416014800179588,-2.201522858777,-0.0431868250179215,-1.77173512408163,-2.19244131464094,1.67062432143168,-1.29579048873436,0.21001616688441,2.49004559276758,-0.483948127713967,-0.896790140671277,-1.55645221305736,0.212467952154499,-0.180671210665589,0.349139340543692,0.705836745210014,2.76689079169887,-1.04124405755959,-2.26510678316847,-0.387421025067285,2.01316863900443,-0.0818158075791292,0.771502293629883,0.354610531295059,0.0906928241873354,1.16302077636495,0.0581098435591623,-0.769433312680396,3.57653489680189,-2.11560444279662,5.16644273356337,3.16386731642232,1.63741292488179,-2.23204235827861,0.498685127618889,-0.770788134628493,-0.429235468135681,1.44451733445804,-2.45823452653528,-0.840238687946142,1.26872396822877,-1.99801223465827,1.00368977999071,-0.427960098116351,0.588154355971859,2.12254450917407,0.0685214778183904,-0.460391684710055,2.13530887026533,0.620357334804532,-0.409114101479479,-0.987134232801444
"HSPA5",0.0283697733150289,-0.039503718991991,1.51152228893531,0.485163132614509,0.98731951750313,-0.584850043231618,-0.328859792661637,0.839643428955659,-0.59551102161053,-0.82265787455237,-0.530855464492699,-0.216262081767968,-0.357347753722751,2.08230912876478,3.54631194228762,-0.0954328298298868,0.816610801463187,1.09205318324598,0.894157376596757,1.85333299025897,0.251682941181122,0.29173898202526,-1.03131804685196,2.2760891717019,0.783514840890425,-0.0818760225885096,0.134967455262475,0.303347454481073,-0.223676940333538,0.385248547426305,1.67145817592839,-0.538832947873212,0.148325782052695,-0.626008297611203,-0.881589457106057,-0.705237791743647,-0.832800749569519,-0.011446577210576,-0.628302285874987,-0.122096428737747,1.20897825418989,-1.63590384538055,-0.544338589755653,-0.600288796297306,0.0443926554120167,1.57509285833304,-0.998938424046691,-0.461417544657816,-0.929768840173215,-2.74650623272419,-0.37310020750032,0.31747068653057,0.738164646557907,-0.715313930480947,0.323617737995961,-0.17657398803757,0.0433336895932899,0.0758125312837496,0.00844667502333578,1.27752255248473,-0.228990843767557,-0.674255269569042,1.01025733293529,-0.229993386278981,0.772212082835243,-0.413534606304989,-0.243897150013719,0.790964441611623,1.74206579955982,-0.538037446014152,0.0229600548194293
"ZNF649",2.37227331146306,1.22327711075133,0.490142763606602,2.80900273239355,1.99695862104775,6.32288408402131,0.182733811944263,-2.77786788243677,3.62401278968303,3.84967518458628,10.2250156026221,-1.16236413162783,0.222804001454566,1.88117192329727,-0.256834940530439,0.473171024830159,3.58055325140796,-0.515250002339431,-0.181974809261477,-1.15390820491244,-1.97336878376171,-4.32302569914122,0.444546497194209,1.6964958038402,0.306657744792101,3.88626018732174,4.72636686472964,-1.19853257441215,-3.99044325958362,5.99910926713038,-1.82211304497508,1.39081560245478,5.14600557309469,-1.56055761995029,1.92231499438089,3.00933757229289,1.21536009520459,-0.486802367302195,-1.44194106352235,4.37323300542105,-1.44455774625241,6.74965739360597,-1.85228875843813,6.0512990594267,-0.759123094895411,0.402599156377156,-1.49999424667592,1.33698376719176,0.807720323732995,4.94122630815912,2.5271165391818,0.165717613485447,-0.1670070289005,-0.578337344425239,4.27205189158185,5.07342292775315,-1.38934075730779,-1.9173419025194,2.27266915086345,0.267156718640385,-0.939855912554755,-2.4658226801767,-2.68466703916986,-1.31843524455063,-0.858086474630912,4.17227983490321,-3.12155175555399,-0.274660637128936,-0.955753866520983,-0.857262143631305,-0.720375345971099
"ATF7IP2",0.00690837039942003,4.46869965773936,1.94372656437488,1.05816002973297,-0.486584911867187,2.72530590395975,-0.638951403432655,-0.373747978455045,3.31868701841577,-0.681844705658992,0.137630499780537,-1.59340083470531,-0.901767131896665,2.21068043881598,-2.43647363259206,-1.80029726922923,1.72104849312441,-0.18301400646164,0.281032791504669,-1.60832465944834,-1.801504603323,-0.824862378812744,-0.646486961688047,-0.492175662971024,0.720748388021573,0.523287916931334,-0.451341418197683,-0.178121847933929,-1.18190518598195,-1.06377721891247,0.0374072714835096,2.36140091254483,-1.33655939429331,-0.501880797052808,1.40351732937789,2.07874926073958,3.346770960478,-1.59781707463565,-0.416633029108439,-0.751591859449776,0.697975972848601,-0.696415408697836,-2.30977975867649,0.00455579525346242,-0.0589761660729938,-1.01406147742923,-2.25308557956149,1.26870918416137,0.992782596282121,3.01840019146319,3.57260033036789,-1.04624017337727,-0.47436477218848,-2.16566925920945,0.329381867519742,4.98435904848637,-3.17969932651513,-0.697212439439877,0.724047665890718,2.24210275339055,-0.978241019559875,1.80455001460979,-0.0929277224179589,-1.65781039767355,0.371983914439577,0.251941745970247,-3.55648164413852,0.946981979019469,-0.461182066046872,-1.65924721993795,0.842425152624195
"KLF4",2.63833342759254,1.45460242808788,-0.940776660632074,3.95726965827916,-0.841033893017984,-0.218934147409166,-3.39589452884089,3.74309585571108,1.19988783907854,-0.0887502249646706,-0.898378437383691,1.26125952806913,2.64017151756762,-0.521347989123701,1.80157224157491,0.965766797802062,-2.8956937268658,-4.78855364820531,-2.81619758939377,-0.361201910320472,-0.837053354909292,2.21796627667306,0.308175341040316,2.76692314055834,1.24702576045447,0.35353202143772,-0.452076300536142,1.67503622692882,0.669123158049044,-1.33625211596819,-0.00384175939019464,1.88398445448616,-3.01852921968037,-0.962478999998748,1.3510863560584,2.18679306945347,3.30116935726835,0.263968675326268,-1.89617737929321,-3.01924937047564,2.20425207623058,-1.0999346968379,1.18796517430914,-0.586107706584038,-0.553804698597279,0.385648699941245,-1.95193046114626,-1.03907737411625,4.61531275295957,-1.21796817923741,1.70920360888249,-1.47163182692329,-0.699723035519516,-0.8759668814538,-0.614620113262835,0.811768021374258,-1.01289902765866,0.178871179366892,1.61174695094362,3.03629653520692,-0.749565184449059,-1.03527263220621,0.376498098893515,0.353680322785119,1.15471664388676,2.64822737455029,-2.61718212060005,-1.84978757732862,-0.428190982475476,-1.60945838412728,-0.0166828544370997
"ZNF74",-0.854478335784473,0.45227426975903,-0.0507787274408901,-0.195096947884501,6.08022673737116,8.97186817849387,4.09702679804928,-0.627284570122718,0.75217512567448,2.52550346029752,0.457717402689423,-0.546501083021835,-2.21391203398725,-0.385467919485332,-4.77785598961971,2.3115931618896,4.15287897200134,3.48173459157024,7.53860836079528,-0.781272163741616,-0.660283376457414,0.684338156713483,-0.0718824143044938,0.923012828794921,0.703715735829169,-0.742824560183578,-0.278254515373198,0.906686373145372,-2.75844615186582,0.00333994787047298,-2.5258515420039,-2.88441130494402,4.44756369683438,3.76656026355596,-0.591019813659545,0.614174721450529,-1.08885691455121,-0.578638794665318,0.879514212234929,3.4513158472729,-0.256236684309269,2.33507360864265,-0.88672546670804,4.29215927210532,1.4268225597856,-0.385884324311763,-1.10751458491548,4.88064856972638,-1.62154266507825,2.55729369028539,-0.143879964681637,3.18352474943472,0.516689317207132,-2.64676704478467,6.10539111920319,-1.95465610736772,0.669841428470699,-2.28527438559887,-0.978269582967727,-0.31409822314227,-0.305612625086833,0.744492301665674,-2.67444014124579,-2.04402300307451,-0.826778287102806,2.0186897408599,0.446046015413095,1.72833834227328,-0.675643012817699,-1.91067772730661,-1.77224106679288
"E2F2",1.27881627428193,2.09352619212653,-0.5628778248104,-0.823514518551788,0.781738742749788,0.745127279689523,5.54761510903746,0.721575375869661,0.221984161512054,1.76952366214501,-0.0364030521740112,-1.9374555848366,-1.0483527090515,-0.882540262524701,-2.56460818445913,2.35372105177676,3.82675131158676,2.0139131358069,-0.643767631995284,2.82846310515869,-3.72592331635142,-1.85304790210811,-1.23113876880995,-1.48071076330524,1.29287591894181,-1.62208730833886,-0.532104295113324,0.515594367287921,0.0880882718413331,0.482097406124825,-0.913273894738976,0.479247079687644,1.81038966960201,-1.78768014460462,-1.02594661555508,0.450512565264788,-0.269696954751022,-0.990623505567344,-0.120986139058122,4.87490947736067,-0.365890260338731,1.14132132619978,1.77271469496044,-0.400311825281179,-0.139474887996,0.273810001977207,-0.740284725755712,1.54865099067071,-1.52467064681822,1.08548374994467,-0.468743926017479,0.825991053177706,-0.847655357643887,0.575830246001281,-0.279596761079609,2.87542200570138,-0.870578538558368,0.102864941028169,-0.844144989907032,2.5552859487969,0.391404063449567,-0.992435985300768,-0.375483156107301,-1.24775175723946,0.934746743896369,-1.44088240956709,0.281955882421171,1.80699998707668,-0.944722168739792,-0.5900389286003,-0.385172596590463
"L3MBTL1",-0.667492641633242,0.0536415383126472,-0.663813309017021,-1.52988662880543,1.01838223056232,0.668781135775278,4.2296594351983,0.831234049067333,-1.75912399875173,-1.12138347183175,-0.844970190003807,2.19105091445209,-0.830511817461245,-1.51235992769439,-2.21750992577806,-0.646560716228811,7.18362292167588,1.32316510344956,3.66683714342322,0.490979134371789,-1.68336835867487,-1.83275215210551,1.43333648132245,-1.72477426737163,-3.34223410174433,-0.152608969639008,-0.686230811420106,-1.08167521990347,1.12521841175537,-0.830170941727171,-2.7885098951496,2.72839570596815,1.37375168142374,2.27678619579212,-2.28066642152405,-0.322413905116198,2.69896214475506,-3.3135852904327,-0.360894609376483,0.33944761151639,-3.36352720742665,-2.10843827631326,-0.453781371283122,1.57746986251557,2.98047410706017,-2.75313372126112,-2.0901437290777,0.370222453916688,-0.497322235368235,1.57319156254195,2.90683377591452,-0.691653818103254,4.92361104035664,0.105055101423392,3.4135650450152,-0.284704803220063,0.00429543623073972,0.317604859011241,-0.472505864733655,-3.26912915064839,1.01170826592147,0.412842091209135,-2.64974708723952,1.10558665515985,-3.28086161051363,1.74846217128958,-1.28854153708497,0.914154759618541,-3.16638013888702,-1.98767062594364,-0.210080403597057
"TLE1",-1.10308893387818,-0.148498076770372,-0.442577946729347,1.4715886079937,0.301921433281837,0.829251158550056,-0.266093992835634,0.624382327004281,1.34406303569702,-0.636630958491934,3.5248146929122,-0.253532387115126,-1.0108822273442,-1.27413806785717,-0.219018284584325,0.31164902917317,-0.397309085084056,0.768005882139511,-1.48342358537857,0.551180828690986,-2.98175508594375,-0.498002610268871,-0.426835128972418,-0.89687650205092,4.57734014822633,0.504327617345829,0.447103134595604,0.990594103884336,-1.33611047294989,-0.770104603629459,-0.390292986678423,0.527388758088437,-0.0338536331222637,-1.92184072781898,2.30418844637003,1.90799651743851,0.682444776876607,-0.241596532320432,0.409416876108497,2.06028939886001,0.0517815226657269,0.858819357870484,-2.13576901555853,-0.341105702371127,-0.661257978551159,0.776684437656813,-0.455890949267079,1.35936915078313,1.16399932058367,4.87056989982615,-0.467104505186857,-0.755550956033197,-1.80529660902115,0.525189488657337,-0.989861172367349,0.079599647709548,-0.886210649435628,-2.25110612138553,-0.75886125361962,-0.782552806095189,-0.948435182836321,-0.258094974710168,0.0534623609464805,-2.10318809006676,0.847326621693129,-0.315292478437268,0.741089448745445,0.173357668739762,0.065765361776426,-2.65595547720027,1.15408782284188
"STAT3",-1.59486132405858,-1.3707834639241,2.49967961501768,-1.79143975842291,2.0437857213177,-1.34177386924509,-0.177581244828047,6.3547469667594,-0.0410836037775036,-1.6760295738646,-0.131598514712947,0.310373238220537,-0.153158736211584,1.97199655852671,2.52810256458892,2.21100798215825,0.433250891389331,5.02030043672352,0.599141768179554,3.9131363706056,0.705720730241006,1.51290899307884,-2.33082742355951,-1.07058926028135,2.65866929447762,-1.15646287650666,-1.3231485019066,-0.0535358330438655,-0.149585711080501,-0.782765816370486,0.0723387745889536,-4.98528032326954,1.17920002088073,-0.179353513544248,-0.185811327058486,-2.45023826042745,-1.19678584689723,3.2237440955072,-0.928622626888778,0.300973032653987,2.22503950762599,-0.54854505508013,-0.150063104165148,-1.24064975922535,-1.78947979891004,-0.148651639213035,-0.311907852419353,1.94105352819615,-0.938026650955422,-0.408928547656524,-0.302232388575947,2.06483695952264,-1.2440117673967,0.630394611210997,-2.31951484628618,-1.50069278706194,1.18556039598047,-0.508543165069648,-2.19492871879185,2.18745446091549,-0.577085808204302,0.0564597666003236,0.0112031676873264,-1.06157220240571,0.808631596709023,-2.62534667768806,-0.254334855122082,2.24258410424205,1.91295678288189,0.627900334196797,-1.6485713920567
"HOXB4",0.697875565807353,-0.159050213478309,0.124312716503098,-3.57383018166473,-0.330271525479283,-0.973138498910938,-1.02974989667512,-0.102356930339811,-0.210340111525105,1.11562054494526,0.470515078662982,0.0494104256189893,-1.36645463769338,-1.31520572817206,-0.396899208676556,0.369271467142659,0.888417295795956,0.973360217707634,1.83097672278375,1.61686889776178,-0.244609766658607,-1.62690243265114,2.07520021915959,0.0954729208325616,-0.735287727955023,-1.16084100674336,0.899278791162483,-0.265113209000038,-0.58852496117237,-0.916320344860451,-2.83821946225579,1.10820766600706,-0.26052416267076,0.125028055602002,2.23570101391444,0.606269735712001,-1.24579330715958,-3.24438618988478,-1.54846553859004,2.13134746580161,-2.3447983899719,-0.175788927960257,-0.113645256388563,1.84086491833579,2.301437533647,-1.43598290428414,1.88853130866077,0.868150680769701,1.08471683294323,1.90465415778676,1.93532591584609,-2.33547027851392,0.0159199435980657,1.31105110038861,0.822983353157932,0.993513813060011,-0.305801619807365,1.06202807844854,0.804760611964498,-1.75727603750102,-0.649636788115117,-0.202704899810452,-2.49690989993737,-1.82738661138557,0.376156422769222,0.0273552601382515,-0.768006046627978,-0.48271324049691,-2.59803462106726,-1.33827273627903,2.83086056018179
"ZNF22",-0.957766048930234,-1.26684712867068,-2.02372862357436,0.198350829181761,1.06039258557948,0.131179734291232,-0.0723295709009211,-1.19958721443417,-1.1322823341599,-2.40895840994854,-0.906541858094095,0.806963844050302,-0.311585182157523,-1.58306055645588,-1.09847405890513,0.155728298463647,1.18475585518361,1.7802042938292,-1.42662250714606,0.9608345536023,1.34982209535215,-0.673653511311482,0.185153545259996,-0.923303205196193,-0.153670954923342,0.0533950927854981,-0.47047508757651,-2.08165701075342,1.80291994917306,-0.49326032736013,0.824791331688812,-1.50787276174907,0.0220812990713731,3.26914265065552,-2.07494179775868,-1.36050117571788,-1.14926727337302,0.615183816755283,-0.426863638796743,1.9782650286734,-0.867619173978134,-0.275552964461873,1.40770786561962,1.50329531146954,1.1181790622074,-1.508901893276,2.53138408289154,0.782688657179109,-0.811310247950584,1.57966928145997,-0.551455650529042,0.481158587793595,0.0628791783969867,3.65070659643998,3.22821242806023,-0.215018966170277,1.65123753760464,-0.342953822743758,-0.0621137171579607,-1.4054071707797,-0.539017692526897,-0.258600409787177,0.19673626940285,0.765984507356274,-2.02943156960607,0.0588554344022336,0.634078108050345,-0.107155369106049,-0.40698552777601,2.95400062148513,0.0426633212746461
"TP73",-1.49979022488223,2.59674169935421,0.948453674573242,-0.331757693844382,0.900399870068423,2.12801132235279,-0.868879646896113,0.139519624721463,1.73808305847785,0.1611609303487,0.159640447585549,-0.1477984122104,0.65059255989654,0.595206248575755,0.709145929621633,-1.14327994872394,-0.556265119578273,0.556053621022196,0.243110354197032,-0.335531983573169,-1.62088692338715,1.41573864178406,1.22027390079488,0.850748268558686,-0.476983945974475,2.4923268098369,2.21068599766903,0.894458959200668,-1.90937422523592,0.714751299473306,1.65410312539864,0.78461716009822,-1.66589713764643,-2.28845909125466,0.210734536567017,1.93490455022156,-2.24449951433012,0.526676120415186,-2.12954006327095,2.59655500947974,-0.760662787414075,-3.46840181003844,-2.44188593991315,0.331030749345874,0.0659646475325624,2.15691299306136,-2.61610105288533,-0.31548086103799,1.47841990710025,1.23867897511679,3.46460330299667,-1.3043665334428,-0.392434052579334,-2.16470316510746,2.8792547190907,-0.0723019303051765,-1.01552298249908,2.06218769141089,2.0939058360399,1.005938590956,-0.263802261573302,1.3023815997855,1.2841713803955,-1.76845091437603,1.11375064598823,-0.821990631976702,-2.31619865157344,0.391196774431946,1.47529783775251,-1.71802060354892,1.03139804686253
"CENPU",1.30507561531518,4.50194337943791,1.96024829720512,0.375795137742634,-0.0887810785172814,-0.0901128424635231,0.715493917100929,1.47511044723448,1.09242274298927,0.992084523455383,3.77391989839928,-0.738007464615077,-3.08478751028775,1.03045656347198,-0.764613319371863,-1.14898665298832,1.79985828310144,0.0260980373423072,-0.761751811699969,-0.631503850330996,-2.58930848866693,-1.88916442541285,0.161368642295946,0.744360278417191,-0.00292781426626193,0.461414009988471,1.38047971912755,-0.722408390497545,-3.24028683208546,2.32231744415491,-0.460017637963492,-1.25888963834962,-0.930730098094069,-1.56327492065358,0.513977053446958,0.69273776183191,5.40295414004215,-0.708530395590016,-0.0121513486014354,1.66545041151752,-1.81896195362651,3.94393537690554,-2.39770707697134,1.12167049432497,-1.1521560776967,0.114019271174952,-1.14308633979528,4.75337019543147,-0.976854336356603,2.02430718512216,1.02974295361388,-2.67670259189751,0.443697995686258,-1.87235837890246,1.60364678384774,-1.63292138960342,-0.488372180960087,-1.54416932228198,-1.95378827754855,0.894574198370751,-2.18054944664096,-0.295778650175011,-1.57888141149894,-2.54156658651417,1.62018755600953,1.79915994173518,-0.975374823903328,-0.0274455276191711,-1.04882565667181,1.0118667187487,3.01288876752805
"PRKD1",-1.06324714171654,-2.00663726456758,0.0743598251210519,-0.0996483299176471,-0.52442726813569,-2.13122364382235,-0.249460711946315,-1.50318663754212,-1.96613879761855,-1.16752170395939,0.603304033250078,0.0933315138316411,1.10286329864032,0.0164455545128831,2.31656398542259,2.36390172551925,0.517825691728821,0.6099263232491,-0.483925676598209,-0.382720149050621,-0.366064175123196,-0.807594753823426,-0.548052422909461,0.131472494424212,-0.482430287512929,-0.186801925060034,-0.0862216288391135,0.629835998891926,-0.923389221652258,-0.680371840361505,-0.809830259072578,-0.928918183311497,1.38743053835342,2.14757198392531,-0.213657886192929,-1.14975526260957,-1.62509359300994,-0.181907352676106,2.49537511549555,0.575131897727375,-0.582299520367928,0.168651753167556,-0.58839353446058,1.45621672622127,0.33252113954793,0.0254296838284469,0.447993343932587,-3.30576745347522,1.71402197966673,-0.0631298191917775,-4.78515924561903,0.67895029909174,1.05961896083537,-3.41737648596756,1.35863456281946,-1.09151463738602,0.629890015469152,1.66653588693958,1.25608934435928,-1.32216465922534,0.516158891432695,1.65433501802407,-1.00135365728241,-1.55971565649459,0.31225574085846,0.661332159782807,-1.71142173248338,0.900830140554172,1.72106479220035,-0.303466777576168,-0.393650284084427
"ZNF502",-1.01172224396478,0.850799780408492,-0.49568360050336,-0.337733095385329,-0.270671091315347,-1.09865922584117,1.56604306587247,0.368794205227187,0.410524058106502,0.473076131535048,0.00323742429473963,0.968227240676356,0.393670709199694,0.160614158907825,0.760243600797468,-0.35138155213099,1.16747711973104,2.1028547841707,0.217248216783714,1.05874234236554,1.72138197823134,1.23983429869905,-0.64737682053797,-0.33712101981584,-1.1376852145148,-1.78195115574439,0.736243097644209,1.12003400825016,-0.12999768372092,-1.03848944559094,0.693050401699028,0.0387709497678434,0.300950734696023,0.759082959395118,-0.767664526428526,0.357411539266907,-0.910044100628181,2.09365722447302,0.414731804517027,-0.33420157780927,-1.61472169218293,-1.0154439313026,1.82296587766241,-1.4493731226045,0.195153100134964,-2.38751202577088,1.3744352852515,-0.48801821779987,-1.77892999340302,0.164286204099313,-1.6677470481034,-0.445547345643013,0.565974566659655,2.00577636115153,-0.583115646222569,-0.310319334240433,1.52654505248444,-0.658626704617966,-1.30766565037742,1.29025402375769,0.174431912303742,0.344023195310525,-0.48243170888466,-0.996254766307368,-2.01318422391821,-0.701120659927488,2.4808195125184,-0.978693635439861,1.31315053541417,0.534056985373096,-0.067455046062955
"HES4",0.704085125248416,0.628670837486773,-2.14583117625104,1.29974370793762,0.732389461138355,0.4540464161256,-0.240464817984892,-0.250914179622403,0.865476296253297,0.439798516682514,2.77387997969273,-2.50229958506434,-0.890966402920968,-3.54637557049531,-0.434832120635335,0.00143409048884427,2.37817211674554,1.5071379131112,0.0455126810705261,-0.230300755038704,-0.976016437716086,0.260969403947754,1.69125442516719,-1.07030935679067,2.64368896626417,1.58843766958426,-0.251210424622575,0.603890841535744,-4.78625591700773,-0.0487945246504665,-0.398176362297014,1.47532363115463,4.52305089626157,-0.233787241714844,1.52268453744787,3.00277064268141,1.98764644331334,-1.03217065018579,-1.15496743027782,2.61748066475039,0.558964673429808,1.6424676750099,-6.98341420303199,-0.547293404169613,-0.212227509096668,1.18379350067746,-3.22594900050257,0.985347386237634,2.69042142782831,-0.0425343014754271,-0.539784146706638,-1.3093811079347,-1.05211701573985,-1.72293275943966,1.16280745065231,0.760980105099628,-0.958157815547268,-1.64321388945688,-0.0475027612864431,1.16779132169402,-0.632509137389332,0.632373929015651,0.0925409545869953,-2.23415237020096,2.82461600078734,0.930817551610918,-0.895697156767349,0.172408860534575,-0.141413695415394,-1.00554196321831,-5.61073890683092
"ZNF382",0.586099434868336,0.681240909888882,0.475113294677154,-0.494031856624344,-0.795113398387167,-0.570197057980043,3.6054879092164,-0.392158485335649,-1.47046416062762,-0.529814740108868,-0.761173964885168,-0.185859153263256,-1.28509498948763,0.684516154529259,-1.33298988121441,0.386563548087995,1.52523444877283,0.437169740743461,0.969282346287584,0.330785387727431,-0.446275435646455,-0.884045417714716,-1.86566898533106,-0.19282269713519,-0.251045931773183,0.634520427038813,-1.12565535312387,-1.83407462367723,0.766403118707806,1.66585738908353,0.744689853823273,0.57958195261533,1.11622601197536,1.03134064112198,0.311138327020354,-0.0748847412877317,0.0557873780668148,-0.787153972279213,-1.50401472661961,-0.714916267486445,1.539809905716,-0.2605805884791,1.6652742367351,0.430510997474628,-2.73141132486876,-0.387043601071087,-0.00973454223503762,0.282332004193981,-0.383756101885921,-0.953262150661058,0.252102175870652,0.306485501647045,0.683919533049173,0.381334645875396,0.30189813519126,1.23803830460711,0.75308371219576,-0.0298131880806924,0.125145427328315,-2.04065705361254,0.654643067414465,-2.31115966355929,-0.225369655516516,0.915384698411511,-0.698192896605304,1.2882143344916,0.213298735161927,1.27290920798741,1.27359204649329,0.524511943633627,-1.39101352719213
"RBPMS",0.522109160174657,-0.169729888801756,-1.0972145858177,0.528814341164693,0.437176396094796,1.13230097330506,0.288339414691009,-1.13414047177239,-0.260829152624736,0.377340894295113,-0.221033166975055,-1.04066242036192,-0.544979921202837,-0.646538379138333,-0.617067922983041,-0.939160156468234,-0.773733688560811,-1.73446784525504,1.22556694920892,-1.3877852466952,1.647226812965,0.969714774356214,3.8170129485831,2.2532621915468,-0.122253701252202,0.801536268915837,0.762431602006457,-1.33552545439503,0.344752314002721,1.06096404809153,0.333290538944188,4.55321333390402,-0.6959015822178,0.552260924860272,4.11330885091912,-0.197546193197752,3.53072176593648,-0.968965105694445,-0.495282111711884,-0.18426988497402,0.726401962022416,-0.506222384433436,-2.34751902194248,1.72063620603049,1.05625283774738,1.70696432486918,-0.403038521184149,0.114941886399467,6.36535584093803,-0.683114211997553,0.724262129421243,-0.569009403119608,-1.06458884173733,0.0862678404510217,-0.477723430567007,-1.22658670533742,-0.973488783200881,0.0972962568128494,1.09083092307364,-0.0469591707169769,2.40278772147237,1.49741979874338,0.810541651809368,-1.55126652529387,-0.393266939546693,0.0946013048076104,-1.33108308080989,-1.11787790545113,-1.85073960428768,-1.84826393507235,-0.0604216606200648
"HSF4",-0.314831981949323,-0.0161141381438276,0.554189140495999,3.47370077305852,-3.05902040942166,1.2501145829819,-0.343146589666891,1.07555615237657,0.803413050832576,-0.152481271380695,1.27391712085209,1.98666136984426,0.0192744572705167,-0.58690139407263,0.798401108880192,-0.948037939602612,-0.175748083288422,2.65844018217536,1.38934168684263,3.23587198125045,-2.67798170739668,0.22840597528635,-0.43439834253033,1.14226832544151,0.0289273720658547,-0.543094718049678,0.981231236293363,1.87803919533279,-1.23131934123387,-1.58554103497487,0.68498769308338,2.88578390699092,-1.85709721830046,-0.940360620664992,1.5663019774126,1.84160783994506,1.07734605526752,0.385618699220981,1.77865668847315,0.48739632018441,0.545839689530408,0.270714334553081,0.354252900034511,5.67788284412302,-0.385384975176876,-0.661401604604862,-0.78568586886866,1.21580412597353,0.574271048302797,0.207362795911966,2.34288524966495,-2.67097350167196,0.806316518598922,-1.43760379828029,2.03234686047515,3.21863299708541,0.785572131049319,-0.414589689662545,-0.63606972310752,0.275613312109634,0.925277543520375,0.0306713726241153,0.995098548705931,0.983593436741131,0.253611051587616,2.44356781414665,-1.7834800696218,0.231731150535702,-0.36924902188093,-0.709589329781975,0.932036104556003
"HEY2",0.497997125592203,-0.357416964843328,-0.354669218818528,-0.743531489694111,-2.82530805125796,1.78122027011161,-1.80516873818462,-1.46289050401793,-0.732909180654952,-0.515893341619131,0.918963504648156,-1.95626095108867,-1.98393152485658,-2.55588775966512,-2.10735331677411,0.572239597658905,0.317967272911144,1.16232629034756,2.66837990765576,-1.78785790327771,-3.99921651759183,-1.27117117431565,-0.33500369932483,-0.612132747269921,-2.43851575117866,2.19889195844711,1.41709538257411,0.719521028184743,-2.53914118439583,-0.466811239007355,0.474089315618487,1.34974012748407,-0.560572331116998,0.274909813941927,-2.12518585645506,1.00745212690329,1.20730114881319,1.51297957999191,-0.0862014350145416,2.00425334318976,-0.110526858151936,0.567061688886859,-1.92213445470339,1.3246305808355,8.60476650132767,-0.970735044829676,-0.786954649220888,0.583745542643221,0.550023248674221,-0.375073920307905,1.33342371540357,1.01382685288459,0.645457978163416,-0.803246574875017,2.61397523963162,-0.873121517696076,1.72209310522198,1.21077484974888,1.06488564854436,0.463919351482123,0.0647345965381184,0.423983663552216,-1.17404946089372,-0.663239659278472,-2.3551995494429,2.96836122866027,-0.704321277884795,-1.29722424314812,-0.551636423991897,0.0057170054397184,-0.88134317357927
"ZNF664",0.436328461939572,1.98947960741527,-0.832657046318437,0.363102708899406,2.11845184925647,2.80430263524702,-0.519282127021857,-4.8780456884992,0.201162572931133,-0.227383951651204,0.685719017712901,-3.83048629890111,-0.00290733421426982,-1.17838947819241,-1.2640696022202,1.44084898008307,1.18397998824044,0.375985861258174,-0.559573711241142,1.20269915412817,-0.660715251609266,-0.939608084543509,-0.181645578081495,-0.778096931781529,-0.780149097535589,-0.622954302523141,0.311095597098521,-0.644385051918173,0.11537077381485,0.695582278074893,1.38550930865336,-0.515285916400786,-0.115526810540558,1.26171900142447,-0.940509057522431,1.77380304637271,-0.411511743862854,-0.227580887057605,-1.76711213021574,2.40344457005338,-0.874715088321088,1.15807715762797,-0.87092519129491,2.19943847563532,-0.187810419644017,-0.0429120498859504,2.5103372382011,2.9172245726901,-0.204639821342609,0.531687706734508,-0.418451048788667,0.141653281979658,-0.811333571721278,-0.332596750615477,8.02371459484953,4.35032432571222,1.00439250882794,-0.716605384313817,2.26068270379828,0.0522427998681624,-1.97544921426132,0.181497385429045,-1.25426330696714,0.636645053661676,-0.807200601230395,0.736984257669679,0.26172570287928,1.69643575240914,-0.311216918945262,-0.237232289902676,1.0822091036642
"ARID5B",0.91846239679176,-0.169044044805276,0.210625112598236,-0.292650804645622,-0.29956252361494,0.247428236294895,0.128546208071156,-0.647148311830034,-1.17516329761424,-1.22476169542856,-1.69288968550517,-1.40044766875117,-1.37091330219905,1.00380100267375,1.56533958443052,-0.409919899082929,-1.35400926089762,0.0752165246332905,0.789527684972805,0.0379201199861708,7.09705211030512,-0.378076825574039,-3.5094995196655,0.43980883153485,2.91957914109987,0.609428330044982,-0.415426530509732,-1.3924449297757,3.40671279606001,0.549991986509895,-0.284299585153268,-0.73737007998146,-0.292002528096103,-0.433299826834196,-0.666802607099109,-2.15272581939417,0.526669642066467,-0.369604001645681,0.711699367943469,-1.87751728968546,4.11994574473665,0.283595952430701,0.0510946047674028,-1.50485522075595,-0.663054185517919,0.31438235772873,-0.457980361015078,0.193014779732752,0.0936072546672892,0.438379082319654,0.857181425538761,3.26760457272554,-0.844942808656429,0.836639959699237,0.202441217407765,0.114531272618315,-2.67486204960842,-1.07334548415669,0.0596266308983779,1.22053728152899,1.48720460646393,0.448549249015815,-0.739755117781262,1.83267875385609,3.57851653534152,-1.43729357530332,1.45610920749536,0.252667172675584,0.307662726985194,0.717210349024012,-2.51671543613012
"PER2",5.05963899404583,1.2258762423843,-0.0987045200396864,0.127264654586177,-2.24492805000716,0.889414882731295,-0.325359191303824,-2.78497624313413,0.41036116201628,0.203049428768396,1.49180710887756,-3.31918884130237,-1.99565969131686,-0.440465022338471,-3.37757250452018,-1.63391905071745,-1.61309995162287,-1.12130800818016,-1.09680275945737,-2.8648316096682,-0.898090861402604,-2.31248295856258,1.59940572587228,3.17193012282092,-0.202274180664784,2.03359619759475,2.63025848283022,-0.283961947384687,-1.59083890361307,1.7445391754058,-0.337210914748123,2.40841178658452,-2.12606060754611,0.926937131853159,1.17638630462003,1.39176318154379,6.76186628042045,-0.553464922616845,-3.57877837094106,0.0126200843445131,-4.18804661531554,2.18126902427562,-4.11694693893935,4.37709307981972,1.37656422859547,1.53404365077182,-2.16500454349741,1.78094314433284,1.84496078536469,3.88674584685348,1.12812655506386,-1.97822997291805,-1.19547529929832,-0.812277104625083,5.75662556013011,3.0496927086923,-1.34990766469665,2.11929473556797,1.97116335360079,-0.0808517281601494,-2.13014501687446,2.66086118660188,-2.11675513197335,-1.93345035256555,-0.704320534387521,3.16476364380142,-1.5575674659782,-1.95983458652601,-1.80220428587464,-1.25834147184956,-1.08375929221889
"HOXD9",-1.23105011523028,-1.25944392772,-3.8539607289791,-1.17867865051576,0.280333203889622,0.0398563476792599,2.72729900035143,-2.31683880384698,1.03990710135895,-0.872859227793943,-0.438454830639679,-0.135981606639224,-1.48661885704613,-3.77118490037329,-1.34538463051151,0.630572068866542,0.691041940579692,1.93809610898324,-0.289574066825343,-1.7229107740622,2.43781847922107,-2.41845126631292,1.88589228536766,-1.67663995040078,-1.69874706991986,0.991921543740712,1.5419473024155,-2.03690038170749,1.21350286200826,0.44442372967476,-3.35670931960007,-0.579344546782205,-0.417125842383412,1.8735532640003,0.719988015572704,0.950020450266141,-2.66604693535527,-1.09649787954937,2.93736065826695,1.79878251364429,-1.78826527305595,2.25635756713406,-0.510684807611014,-0.660645616529588,0.233700347622161,0.427858032968554,1.54283482146161,1.15274597274314,-0.513319976074236,-0.485663919169781,-1.38990076067728,5.20331004601775,-0.605718959958767,2.82843201276306,0.915970747422743,-0.244518098144166,0.213096845425283,-2.29518058043754,0.424713286117977,-1.45269606041583,-2.17845400155873,0.0527019627674988,-4.68409174707278,1.14373702583333,-2.11357509254718,0.201241628154598,3.01570049940611,-0.452713691650128,-2.53969236608087,1.4433194168412,-0.549127592057797
"ZFHX4",-1.60347707064472,0.292023849276006,-2.88132162639561,-4.11295296428965,4.01772254222681,-0.835142130677602,0.827730195650072,-1.63047232031853,-0.81122741888389,-0.375684577340046,-5.11495365580691,2.95660849315536,-0.229750075493639,-3.73173358822249,0.801318429399779,3.26041286800374,0.790643177741788,-0.0271497220966581,1.90991345916646,2.6473039296628,2.29431803717687,-1.04343398085597,-2.55493142466394,-1.00466640103919,0.264204415594492,0.519481121781122,-1.2893913218147,-1.56821211853479,4.01675433498998,-1.97009541533861,0.19615397676246,0.235516093090878,-0.0657993832644871,5.01020350467432,-2.26393352314526,-1.3134454167109,-3.07694395398373,2.08608449672071,1.26619887518269,-1.15164257027743,-0.661423656733326,-2.07628362665325,2.7982437875121,0.647049601310482,0.398479687775304,-3.1545660859614,5.05243101916519,-0.381122426390497,-2.35674892220872,-2.45575562619331,0.253332363923347,5.66910978872072,-0.023978961481746,2.70314792645879,-0.649439095149557,-2.37751526188132,1.83321368307783,-1.50944514880642,-2.32415098847226,-1.21721804994739,0.616385106230135,-1.36724276998582,2.27080265030633,3.18286270055889,-1.27070051317181,-2.43883301721861,4.14172568393027,0.585113768671598,1.44193225252723,0.389212733465502,-1.9418391737924
"ZNF471",-0.376178230143256,-1.09297234408857,0.166986105465901,-0.229399606043067,0.33040355052441,-0.836929893323954,-0.365071637042213,-1.78337315600174,0.417472794148336,-0.747274536362477,-0.281906390073445,-1.09881493464775,-0.780500727504693,-0.129047409297043,-0.303923989183466,-0.709567656981267,0.585065086088434,0.743579703774896,0.340166990077695,-0.0379637007979223,-0.301850069137047,1.21642219515228,-1.13477404540827,0.265903049423702,-1.2563372433912,-0.199072661683099,0.388088651668529,0.720482820743892,1.30477520077664,0.813392685912956,0.665926664485448,-0.309203899845989,-0.698461258889122,-0.600147144418656,1.21733167166982,-1.08195474652189,-0.356221245788077,1.75871785162769,-1.22157871631745,-0.720722778857262,-2.51974947276343,-0.973256502516966,0.313505687785458,1.3672683859243,-0.708901334962982,0.933678255012747,1.61553452865132,-0.603708971653413,-0.778009307127224,-0.683808304428662,-1.24287042469735,-0.735945742437078,-0.831320916639486,0.384661875673945,2.14472201367921,-0.908698993840349,1.55311924608777,0.788384683507657,1.81538930944859,-1.04430177360407,-0.00737431790138656,-0.754583042600058,0.0228060262033844,1.7795341720295,-1.0443194505167,-0.328125538453089,0.931243287621698,1.66399333728357,0.119817903618649,1.03884726920361,-2.24906334014386
"AHRR",-1.22156815740345,-0.803642937110143,-0.863851774304489,-1.40298306123037,0.565588424418686,-0.134047204866326,-1.07390760081421,-1.36872916431339,-0.486957227922124,-0.108617092392495,-1.0736934453687,0.664762291867267,-0.0529669907499656,-1.55031306159781,-1.73197604955173,2.71564334659059,1.02182518163505,-2.26336283243021,2.42555533588143,0.659040069958401,5.28733998625373,-0.30923911369336,-0.303096889312583,-0.540627958527605,-1.20422122337099,-0.299848428837251,-1.37082182314465,-1.39830371020647,2.12519654040093,-2.50423642023062,-1.20517867992325,0.896165653125165,3.90688619401647,3.81804126683936,-1.20100656011635,0.20372286411037,-2.83872053087202,-0.00399665068655438,0.74577779391399,-2.07593107050911,-0.858381939117597,-0.698938422299243,3.27846043722089,0.777732493828759,0.652029262469311,-1.46860713001257,0.444794546382858,2.00693520753663,-1.96650973734703,-1.09177318736136,0.269307858041213,1.75903744478395,0.880195636230976,2.65278613196304,-1.30838058020014,0.380863302344634,-1.48650918760581,-0.35797532614728,-0.606457745184807,-1.15619043531694,-1.74146528417204,-0.68876565795736,-0.450106389287314,2.40274618612111,0.258197689563091,-3.1158507502119,1.5867149995671,-0.544352125651747,-2.36284933406541,0.614360365077735,-0.496529012348203
"FOXO1",-1.68883962110012,-1.21345345511108,0.611971984224939,1.96196451455785,0.206954893834187,-1.28367046909258,-0.0694377460376859,6.51326593109973,-0.752497998658371,-2.05980266626447,0.790671076445888,3.11643361031704,4.66157227769686,1.21230341873767,2.31124079528698,2.09769284625983,-0.00414500770044613,-0.979859965642004,1.44048474583019,1.72689179724469,-0.544378171466317,2.83809938098877,-1.68003407100766,-1.70842375000832,2.35689187761693,-1.58995131446183,-1.54615697823122,0.055703149942865,0.163180910833731,-0.794275874001787,3.65003825240696,-3.84127283601815,3.17984622566543,-1.84632068273987,-1.26825583424512,-0.338694311029595,0.0136528051330404,2.10134799520982,0.397226049847548,-1.322070729939,2.25862950000616,-1.48630506631316,1.30325850594696,-3.4562195895583,-1.78050253572663,-0.850112678117169,0.508519052297039,-0.222665351334009,-1.47997152192367,-0.955999866909148,0.616944579033868,1.32909899449925,2.32416740280419,0.348558709356793,-3.71489716704225,0.249849528061802,0.688145886365524,-0.617986899641673,-0.651109007197101,3.29133182053394,0.753215313303313,-2.05118377312184,4.13503014218129,0.180975448532412,1.88629357285289,-2.44181461103818,-1.02314781635767,1.32296914683446,4.78144627574305,0.745791863955937,-1.46539496110438
"ZNF788P",0.597023035480404,-1.1514230106149,-2.05544511230348,1.29929761433764,2.52479511204293,-3.8552027534607,7.56368382741167,0.260137293180149,-1.40876549354473,0.435384058373728,-1.84494318312077,1.98906358302542,1.38943664604788,-2.63686261337938,0.499159657492255,1.26477327769279,1.23888705661333,-0.983816291609741,-1.73972408350526,-1.85968346607818,2.19987383372997,0.22261310254024,-0.0569103006210738,-0.852662597209143,-0.954506188896601,0.194731157746227,-0.248066679736566,0.346709462590967,0.989958366651063,-0.48452474144674,-1.29711165798724,0.313081209583994,1.08640194666713,0.29918441856194,0.0118412609575253,0.52048949872461,0.111725021690492,0.11937802469468,-0.113779098510967,0.354065779589055,-0.949905512757126,-2.46249549290773,0.586293623195483,0.894137100007243,0.228060786760325,-0.997476073485583,-1.5048640739997,-0.399453382560263,-0.904441033831709,0.0489184867744545,0.88801073691891,0.491647128200134,4.36617203787524,-0.190494697484151,0.95990922756856,-0.31816902985131,0.67038820469887,-0.550831112174596,-1.86090072827932,-0.843981145621479,-0.175517238979586,0.0601827373456007,-1.16284388999788,0.544721012160324,0.319248969837634,-0.0567238798510474,2.65701566204422,-0.339557595010819,-1.53774210947221,-1.54937619800012,-0.704614976073936
"ZNF736",-0.179640071194359,-0.288405846855751,-0.480056605704212,0.507819361023493,5.38109758993885,2.8789418817678,3.36760568740142,1.27676904025463,-0.116996670275573,0.482354258668716,4.85064693635593,2.55159926380558,-3.15854771968065,-1.0599217765568,-0.444821855048358,-0.222701290611236,0.865378934900549,-0.93101569569715,2.44537154145279,0.919156601845533,-2.61757403963969,-5.3894882899449,-4.61416703010552,-0.436584321769637,-0.162575062923677,0.736649889453528,-0.301557289520013,-0.618300993972705,-0.287593108609738,-0.767951003007163,-0.361082783419116,0.770693297354929,-0.493234626844103,0.212060885648637,-1.65729313104083,1.01570653099567,-2.81144969990017,-2.91319382145654,0.648065827867476,1.90304209956757,-0.292854324591109,1.04504484826574,0.797392722754973,3.66620950040614,2.68863509698887,-1.08153650262466,-0.00804851424048095,3.78399540316777,-1.50671162113389,-1.99819912749502,2.39683364021165,0.622322902998071,1.05272735571215,-1.32159363943473,3.24138372003034,1.05092485992411,-0.0798030134390164,-0.439406542881404,0.198880609347357,1.99118429441037,-2.7213319734506,0.330510320010243,-0.757198519823067,2.93488937216595,1.04700642248966,0.630956555426196,-0.669537603663867,0.375388091450399,0.895236096093515,-1.6271765934006,0.44701666814443
"ZNF239",2.09478414572747,0.291813716150666,-0.164533427353981,0.284442131805115,-4.45534740195772,3.58481590936222,0.811838839696442,-0.59145470238513,3.510840364354,1.74733379992796,3.75663159884977,-0.189287374357601,-2.03522849237071,-0.504823644808728,-2.14971028519002,-1.02449477923512,0.195889091952097,0.118873044784647,2.13284207594258,0.603160070386675,-5.58718405938927,-2.67953968397428,1.42368163736385,0.0451446559229101,-2.83769751390602,3.87064592660891,0.631109921623039,-1.03918273945023,-1.1652548011829,0.180674483008928,-0.156750963109289,1.83647022232508,-1.06059761191854,-0.78892182312666,2.4507959506168,2.00247746083587,1.37206584354754,-0.710438216388802,-1.11270250219268,0.0738534477994969,-1.99474794714726,-0.459011647708927,-4.5655542195365,2.96130712091928,1.73956179081998,-0.793694717855622,0.0779415511438445,2.83284860848145,1.96283835069654,1.0685667529446,3.51571821049066,-0.142708824253057,0.663654109124103,-3.32190028759026,2.21076245128854,-2.98634476067389,-0.07550636190104,-0.507406682681635,3.64165889747864,-0.86908755284176,-1.57935955505176,0.0218777143187115,-3.42809015374007,-1.94196267363437,-2.65413545575636,1.7625058953414,-1.09923926907238,-1.69185395285694,-3.50339946985979,-1.33183847589337,1.29846577217738
"ZBTB46",1.69315871424869,0.394029311330936,0.632970490231089,2.82302931980602,-4.911073277819,2.96216600211845,-0.949324722860012,-1.44375657097247,1.61847318635944,2.72463738431967,1.93568172641126,0.0896584556061024,-1.26986763603344,-0.407865457485696,-3.08776337035211,-1.66990471804148,-0.964194691182285,0.762091947009248,-0.623602966845301,-1.46697827681188,-1.94507820383237,-1.61096258688467,1.25398275404237,0.502698954953346,-1.18593519640162,1.87377694161293,1.96583133923104,-0.442889899019811,-0.976582909054061,0.633135495541638,-1.43608883257967,2.13693916465833,-1.2058781314719,-1.23115559862984,1.95357892256763,3.34212187177546,3.2748652273205,-2.12686127903807,-1.09679488904523,1.26215677883757,-1.81712679488529,0.964889069657444,-1.56773833759352,2.74274794026927,2.80322529752926,0.0358362032817712,-2.90154965662088,0.260965874878264,-0.268858264768338,0.882995650715922,1.67815804830316,-2.97266189881615,0.433145620376449,-0.400645517715696,3.87196044376515,1.90315054503548,-0.294462733910732,0.415665945893004,1.09967575928208,-1.94557147563959,0.0735095611317256,0.279882778831603,-1.63941652313122,-1.0152446166068,-2.68109154894805,2.50681142994456,-2.26118582204967,-2.31661962094969,-2.9546722570844,-1.86146982328338,1.97845516176541
"HMGA1",0.111167687968475,0.51623023869731,1.56386389975198,0.565411400360074,-2.0922010320025,0.42439518746417,-0.922360901069277,0.725523977997962,-0.280590267438964,-1.45441991157114,0.216919978712637,-0.924853468449045,3.01747480459045,0.971368708897963,0.093418813403209,0.249950919189519,0.589520950249647,-1.14710591764531,0.994794075043335,-0.503544891998758,-3.58690816450575,0.491932495584252,3.89533971992532,-0.66170137640081,0.607952329066297,0.00187944797395366,1.40714496187641,-0.143720636710391,0.312506988651966,1.37752105922169,-0.792235564650304,0.0607038398682995,-0.0502133084217842,-2.87871083063261,-0.214500296736288,-0.315547521411441,0.148524035852361,0.386991394453428,-0.839591389571513,0.285786909731386,0.781546976354563,-0.335752450221238,-0.662539746603211,-0.711595867219377,-0.0127702718262558,0.882007262429679,-0.622546040046304,-0.240007375132939,-0.917212637835926,-0.907465363578463,0.110762209114247,-0.3884969973631,1.11943474263418,-1.68739070099896,0.769829739838857,0.422454563742613,-0.290060472313605,-0.818922948606822,0.814255325483037,1.17641976710665,-0.015543356366024,-2.40962673363134,-0.804902998599623,0.271369459144972,0.578842154103188,-0.285202775469132,-1.35589018546722,0.0432303799820131,-0.205725117686597,-0.177717086346314,0.772990495287432
"RPS6KA1",-0.545256866448636,-1.80374530202879,3.99685458404835,0.748899289176356,-1.74226269496586,-1.59645520092743,0.682239514033275,-0.468685410100054,-1.54533226921795,-1.78220505312151,2.7531465200738,0.140571771789075,-0.270303683050622,4.08808879769473,0.253056539677938,-1.24121095967214,1.3286896935801,-0.242966527590428,0.409422427935324,0.189049894118467,-1.67132546893334,1.37976821599584,0.0647366147414792,-1.53242004143889,1.58702066588894,-0.52994931166886,1.82910560330759,-0.257077452201511,-1.53272366166214,-0.148111477011589,2.22280396188813,-1.27174077391689,0.504420245243782,-2.04730347401654,0.594933163232709,-1.55582181321569,1.26327193991935,1.90893240299128,-0.228753180561491,2.930386223325,3.02731292756602,-0.268332344322976,-1.86726928785534,0.380732688067069,-0.253037207092354,2.58202674919655,-0.938071659686216,-1.89257435251396,-0.648696491843959,0.188036558903714,-0.346858306299789,-0.520221451667117,2.19397152584053,-2.00841685200111,-2.08503653481049,-0.390502300972126,3.80813362098489,1.33378760518055,1.01978454846426,0.62153000584763,1.35177779248247,-1.08665464228972,2.1040468680426,-2.08416634320346,1.03686016195432,1.25448623885715,-1.6883584269928,0.284913440607552,1.65589949365095,-0.734387310605389,-1.92764757066171
"RGCC",0.140736616666718,-1.1657671113514,-2.56095989618068,0.0616779124587761,0.441403455757899,-0.596510055132362,-0.582879087602537,1.91495129350535,-0.855857241978889,-0.507035241067243,-1.12117498760226,1.33058703450311,0.922111429289167,-2.05005987488851,0.860689224073928,0.9669144506175,1.38563947886297,-0.475060836132771,-0.0870266405884321,0.725821289228505,-0.676283463706636,0.607402172950845,-0.0569126454789726,0.186295079870128,-2.44014347678726,0.194330218958866,-0.374034489100052,0.672274071655836,-0.0319670522278998,-0.352119349873849,0.932149983517984,-0.0469491483927991,1.33448957597079,1.27345745681956,-1.27942703884916,-1.49408089748158,-0.489656415815615,-0.653182888038798,-0.55170938107311,-1.48765255960686,-2.16874095974328,-1.78440681727793,-0.678750402049589,-0.629684430207225,1.0922644363446,0.234769445833442,1.08778684672732,0.0169200686240792,-1.28647824671012,-1.07590279341052,-0.129926852642209,0.129124626474179,0.0912034534428574,2.94774158457708,-0.860661363624724,-0.601966562255672,0.710359473016412,0.561653361494042,0.59421059562429,-0.277005820837299,0.478986678827938,-0.585069281453541,-0.225400179491792,0.408921410945978,1.04352176381488,-1.8064571365342,0.348989910391122,0.80170106112868,-0.08704571216338,-2.01770990319574,0.977500792474954
"ZNF714",-1.07433263183703,2.6719404996616,-1.70831457983017,-1.60493601170112,-2.99861189562006,-2.38451198665943,-0.912482479702204,1.10028351483273,2.44902244143714,-3.37543987785698,-2.38068548059199,-1.10742216123262,-0.211957397610712,0.0867226491417031,-0.420946077761963,-7.26002989093955,1.21414276483398,0.689366572394225,0.357182669583927,1.32448595567936,0.76491002886719,0.669437854584053,0.537280122622231,-1.46243132524374,-0.269462844953326,0.49031944881224,0.213351204071871,0.58442398845923,-0.984655370198923,-1.00792798198745,0.212718275453462,3.16959200713409,-0.874874556721092,0.381345424998628,1.0547072963005,3.28751405612257,-0.172027251987285,-1.78105221716158,-0.638513238394428,-0.0955715903696497,0.755869528315825,-0.755742599199473,3.06402174619161,0.882275302060726,-1.52599304061091,-2.44492413114602,-2.21074176118371,1.64346370930621,0.135341829892105,0.710041293506874,-0.700188563220421,-0.393448693416829,-2.42821984242406,-6.92963048643901,0.391882232555514,0.597284282288151,0.0686397311636886,-0.592067057828492,0.29050312666566,0.677612135372262,-2.19031072119344,-0.602042485267709,-0.57594010209782,0.0231253694061998,0.228200372332533,-0.487691679567613,4.71763512261598,1.25872456260332,-0.0368791486957247,-1.06522213548088,0.322819332416913
"ZNF28",7.02703951920283,2.48258337005143,2.74640523684213,5.47326880866735,-2.01879223538141,4.6770433359968,-0.499647193126467,2.47234176141151,2.51198768359751,-0.652563050429807,3.31522490105709,-2.08626023523301,-0.747152597669655,3.37867777740417,-1.68976450381877,-0.234440407946165,-0.952281789831766,-0.946997010633022,-0.813643432860477,-0.777725343327574,-4.4086938526704,-0.00623269929921504,1.5714162731632,1.48501594387776,1.03999566766411,2.67262694288019,2.37207769631287,-0.170724902498599,-9.54279794339303,3.74946643268393,-0.54478528802801,0.953081768572428,2.53014339751508,-4.44956868955231,2.66047942864473,1.11424637901737,6.26244834529828,-1.58615866767373,1.53775493620633,1.6564406307126,2.77620398857382,4.04539234625824,-1.82920319837048,7.43649556654446,-1.52894646121582,2.46618516957125,-0.0675641896720217,8.63606654881598,6.49190213994535,9.66136924174155,2.09783114258803,-0.624868455832336,-1.86893316839854,-0.580808321429128,1.26160953348921,2.95884210252298,0.476698361886038,-0.470292757366376,4.57919499425819,2.83779169967172,-0.978502062127179,3.34890215401085,-0.778598417195125,-1.91404180863169,1.67126814720318,3.15181457269624,-3.19710878908722,-4.03374200136023,-0.696012583729275,-0.644966080700523,2.21340464748003
"ZNF615",0.416318129936315,1.40431200572442,0.11980143326244,0.739598509162098,-1.87830711649738,1.13926735985591,0.505124271269715,-2.19177874060607,0.16981195854617,1.33359330274792,1.22649548111705,-0.427829314795503,-4.6250147739429,-0.206243625882118,-2.28173370708422,-0.0322322208006325,-0.635958405600548,1.44727274930162,-1.00979938631209,-2.38184277913417,0.44089328681405,-1.76057320001738,0.603033219421252,-1.76467580791057,-3.04181521434514,0.950934531720205,0.699985754045903,-2.89889806386187,0.632962841731029,0.221328746192848,-2.12923594543125,1.42550542146067,-0.737622919130727,0.459536364802214,0.694391575294427,-0.485818190548703,0.724764608825184,-2.46258878625768,1.2226024969538,0.82278869830009,-5.35936500879399,1.11746300864182,0.288564334911819,1.26708700280959,1.21562392727977,-0.0452815244800509,0.5985951662466,1.33297707945418,-0.424636971121441,1.95359063489352,0.45403345848334,-2.46556529164298,-2.61538990428952,-0.0195100795031878,1.35113104954639,1.02047375917315,-1.14855915280752,-0.964009113067102,0.776956050494396,-2.51931301133276,-1.73871573405714,0.0771552363811697,-1.74955298484282,-0.314554258026983,-6.70582963585837,1.58888224280951,0.316964304747486,-0.727842162885341,-3.14897677431419,-1.75652015773766,5.26917390260516
"ZNF726",-2.3490928884121,0.217057201814172,0.316145015145786,0.484918656037203,0.946522741189676,-1.66443920768538,-2.24340300800823,1.67315974923347,1.55020369423789,0.520838537624403,4.73092672984877,-0.913324193140981,1.13904868942802,0.663880186250101,3.65245667402567,-1.86184820573596,1.93380967611275,-0.164759030700434,0.938721606190378,-0.178179290807838,-2.27760973710941,0.762848425112477,-2.2979946573358,-2.04283392976078,0.648629980353033,-1.79503407973546,0.591152417865836,0.238127151215312,-1.77826068302731,-1.44937173558879,-1.50711140106559,-0.0375664472731279,-0.801854426102309,-0.803876075647912,1.00519281994225,3.79198740455883,1.81948185335635,0.652002397982329,2.82138675197076,-0.656385515537872,0.15054798598288,1.46163222185212,0.343490436221136,0.4998878215084,-1.26541375710027,0.414944519742696,-0.481106316911605,-2.21099150345809,0.295262984885231,-0.454576265045258,2.42139359970679,-2.31601483857996,1.30165349563014,-1.76194281408131,-1.92810490018736,2.59524964554024,3.5172373093064,0.918805426748031,-4.17292443528304,1.81205022316378,-0.597663857089858,-1.13888989407446,-2.59231452493165,-0.522851011981022,-0.675919615595331,0.693523647998725,-0.639406091185249,0.23250793922019,-1.00665704667116,-0.212407696766011,0.264572549339006
"ZNF121",-1.4060781065868,-0.433269343348046,-0.00883101114729689,-0.316074675974108,1.12208959898111,1.64148262568423,-0.387823372139733,0.76917337354996,-0.148104295497706,1.08687112151067,0.560586731404345,-1.70096127649676,-1.33587454815713,1.21768317551242,-3.10550795636531,-0.0880878294475334,1.51132689752251,2.51041315461362,1.82720508545361,0.340678455745945,-1.17513332221607,0.0804920981214998,-0.222635348127454,-1.74787130803281,0.38435762207736,-0.179157350862502,-0.0177270377955314,-0.630858229141524,0.335020374131634,-2.31751347160113,-0.494848094894203,-2.41075061764462,1.11119912079551,-0.06838696738304,2.88766173965583,-0.457726453803644,0.300957215050092,2.12503321375707,1.37382825584414,-0.570969881592224,-0.364180735764248,-1.59781626363611,-0.68074164321009,-0.547745022664888,0.361222008027983,-1.0461511041689,-1.47199099361266,4.31556301455068,2.34244238247221,-1.1051443392261,-0.536747863634812,0.6394071560915,-1.55052018953308,0.344545463668141,-1.1345106770813,-0.662935999206846,1.98827727284641,-2.57525016942043,-2.26913164148237,-0.238956477642209,0.196390430571903,-1.704621455768,0.229759122392056,-2.28154181482348,-1.05539069334011,2.01479183178336,-0.452058271136161,0.329621554665151,-0.570529708512015,1.11818138105262,-0.959915966568062
"ZNF625",-0.24802224403662,-0.851189255790401,-2.64437541340742,-3.45412719178985,0.162925565277667,0.68175031816005,0.589459085549816,-0.958456535935478,-0.778250501219558,-2.13483818580116,0.854279321304926,0.322195666507534,-1.0011718141518,-3.1212482829047,-1.64117446738369,0.448019811750081,3.552890737751,-0.0247489411119258,0.885243757213601,-0.0928209495179473,-1.40987238211245,-2.32449206078134,-0.14441798615502,-1.1791493523233,-1.57034648248698,-2.35721259935422,-0.804126133740002,-2.01689486892597,1.10769549988125,-0.449940971184866,-0.511887223175799,0.356737007813909,3.48746702497835,3.01168446382228,-0.397523297798577,-1.41791416783861,-0.567618238289084,-1.27038066334662,0.251083643650134,1.15531283538189,0.173099091424598,0.697924517343452,0.612881105211137,2.40377953558069,1.70742793809794,-0.877280584588006,-1.92972785419959,1.32062342566002,-2.3871469931533,-0.313532926707951,-0.820848734254244,0.819721617195708,0.454475071421122,1.07479137649819,2.31214686477025,0.844011228850225,-0.312925720520761,2.02646051300014,-0.278029791239881,-0.555788679029084,-1.28588227116746,-0.969961415966063,-3.46251105532751,-0.996394900904696,0.943444295080659,-1.12166957744283,1.09996793805877,-0.267188656383982,-0.990871157661739,-2.73400829812558,-2.55485429983486
"NOTCH2",0.314733184100586,-0.320824523458501,-2.35738799525976,-1.04637951242675,2.48740696980172,-0.414193882255874,-1.80869335559041,-0.396633577701641,-2.04062851397384,-1.00059263054951,-1.52903842628286,-1.60220076487855,-1.8172644385427,-2.3513556439262,0.555950093491023,2.63450459806159,0.834477664440952,-0.784616777107107,-0.300231636941261,-0.280759283984787,4.07766565934016,-0.878735489207047,-1.5304896850319,0.223313730870097,1.58171356177381,1.21781738164943,-1.57837591103372,-0.69781272472518,1.68331739961886,-0.302525554124053,0.470325446095119,-1.75285287836508,3.34256693457722,-0.431915025049072,-1.30541793216947,-2.48425966156679,-0.301181608269997,-0.604472733202905,0.249295047194051,0.803889799998505,-0.291757376487375,-1.65509124088038,2.50718739951011,0.256541676035171,-0.355873755637702,-0.319921351630241,1.23749671650959,-0.533473518876387,-0.557024494250691,0.57856502275218,-2.00636069930441,0.357479274594232,-0.138124155189361,3.23883535947481,-1.93102677388812,0.0307070563161533,-0.864758060990851,1.29750333193376,-0.966149103868619,1.99432994566538,-1.07202976599408,1.21019415830937,1.25095041269191,-1.69549993438855,1.34886784492578,0.599307320911027,0.527497095669878,1.60087833804947,1.72684451445671,0.20901516634962,-0.025777752275084
"ZNF606",2.22892396228058,2.81333304801143,0.142903331155679,-0.356434081713443,3.45643023646148,5.18063373242428,0.379715316557297,2.30644136844416,-0.0340251201704853,-0.236490725747589,0.375802692030545,1.0884921136009,-1.93644880273825,-0.178553422993,-0.331610389401776,0.038946362095061,0.0483302235254527,0.265126993817821,0.810407170503735,-0.0374647287318968,-7.25477628799154,-2.83893355361535,-0.564596809418427,-0.785173122708501,-0.0125279537068018,0.0670805759143177,-0.0620991984556055,1.10808449714853,-1.69345054890052,-1.12714749728276,-0.0557093038575762,0.0457423644997832,-1.16742003295028,-0.627622011358044,-0.696624916337772,0.513471539147885,-2.08051256407947,-1.48209691628574,0.16644476701594,-0.0724920691414539,0.496288513171873,0.594903299562495,2.59752513341009,1.73566351317181,0.289590609954883,-0.509064161995324,-0.251734403114533,1.22986162095519,-0.393613376935906,-2.06001545952207,0.33815169873445,-0.38496966820499,0.399994037591488,-2.4519341167042,3.39989554513216,3.51387877748898,-0.656019906521812,0.613391424988032,-0.325587478983933,0.7427824985603,-3.02847516056575,-0.0235201030534579,0.0473690901842426,1.41510565087051,2.46898546407964,2.74082943806324,-3.08303719535072,0.64224788544709,0.682700730731797,-0.738161941007805,2.23271901694637
"TRIM24",2.71532581684333,-1.06328243849173,0.0397539819149364,0.848447389457324,0.461732326853958,1.23262105725826,-1.43067981783141,-0.324271221022929,-1.11225245918068,0.488041336857714,2.92777648640807,1.47606259760188,0.840786997567933,-0.761229239916543,-3.04650249612955,-1.13600837552107,0.249722313928016,1.75013279216169,1.56238158836561,-0.906112546803951,-0.980106570090044,-0.522022108803398,0.68249416791444,-2.86694183138415,-0.325651969905693,-0.630414292167067,-0.642150420054065,0.688428599737831,-1.55151459947665,0.289684438799381,-3.03672028231463,0.422967852374017,3.20163755156179,-1.11140040408935,2.18104370084022,0.0669257973063737,-0.882339658845252,-0.849683618281187,0.103416941895879,1.9248263726954,-0.20616557790772,1.38857066455761,-2.29786738109554,2.46712550896732,0.515869213372878,2.91036217431638,-1.27448875462689,2.11595155165721,1.5744130861525,0.578018431295445,-1.60775728080702,0.115814581970867,-1.08706595478067,-0.805994334039967,-0.4030309896724,3.46704030552936,0.65175496012605,0.586904445305823,1.11217408923895,-0.899543533759763,-0.48928321845064,0.954248179204986,-1.4979545198935,-0.145096962009609,-1.0511082702462,0.939436996300487,-1.91506103304182,0.398269202290426,-2.22207874066272,0.638739328193233,-1.39874252691541
"ZNF577",1.88481850252168,-0.870492650721452,-0.115044190214656,0.263475961762446,2.38612621230669,0.38500742047535,0.785809218769943,-1.26941468198712,1.04175964363833,-0.265416784964813,0.333208442553816,1.78153872226188,-6.77351446701354,-0.908277806990157,-2.66488877745999,-0.664393533960254,1.84035411081038,1.49961274205828,-0.689218894191507,0.370511022881006,-1.90034182415148,-1.22784241551433,0.706408961598855,-0.0608533089492964,-0.740805331720818,1.09461733711805,0.100477415484872,0.645780111345008,-0.453513230947188,-0.272367870403313,-0.325697143171413,0.845810811570169,0.806510981372768,-0.0870253315736948,0.770599243240235,0.817894690232127,0.927980077399702,0.166368646110791,-0.111115461387702,-0.213208575492803,-2.32420836754587,-1.48752359438283,-2.09787858376426,1.52694574569223,1.99024781412446,-0.204184471732123,0.266448232621668,-1.68515989797871,0.996712499493683,0.38940567946955,0.44319009286203,-3.14962498982264,0.266675665410769,0.200754298507723,1.78765637794999,-1.68929753940928,0.421416399165196,0.100294423776126,2.03025613693409,-1.05022318281488,1.59641071017128,-0.168439950123199,0.429334283843424,-2.52693890016465,-1.07565971039472,0.730026409792969,-1.57253857530042,-1.21031083755696,-0.866047499071186,-0.352382865040853,-0.0655823854087901
"DLX5",-2.55748125911873,-2.08813164975437,-0.436784873107639,-0.939413163159931,5.75200194924777,-0.781969515354647,5.89716672351675,-1.62344068766952,-0.777347600100311,1.02773407462726,-1.43963836294983,2.11585914554871,2.22830951433422,-0.855703075501173,-0.00498980310393285,6.40916717428016,3.73497019449392,0.190113530968898,2.57100579546372,3.19885540860598,3.82847244844328,-0.21674339068114,-0.685353933051176,-4.39607339870261,-0.620643675338096,-1.95383399110584,1.82215231925119,-1.21203496196647,1.81221546537546,-1.59889662872451,-0.825588618136609,-3.34874476115181,0.797068353065283,2.4759299307074,-0.5259664944385,-0.220559557557019,-0.862652121698969,2.99970345059226,3.57856476186782,-0.0959955703873609,-0.883326327021736,-1.92393314608057,0.614125228632142,-0.690450137268948,1.73132683797611,-1.10113463265361,2.13519925931081,-0.573832750341601,-1.91585879797864,-0.190480579810047,0.219346459693616,14.295862509017,4.53533557265202,5.72371167823983,-0.388108763416019,-0.586961477922232,5.12261901376383,-0.1142221588977,-1.06677104901763,-0.542335041385084,3.36693838822104,-0.438647718082572,-0.343164447344268,1.34976344240716,0.478120837762424,-0.806015888435393,3.37111796241186,4.54820822638089,-0.512852263471345,4.31936554270711,-0.842594033235777
"HIST1H1D",-0.741042502257438,1.21040829835996,-1.82837209795757,-0.716421742212939,-0.700347172277375,5.20493178974208,-1.94532564529865,-0.96291120828797,4.24967858649504,0.0188086147303554,2.33117260985604,-0.775786068106971,0.0955090909413214,-1.11912080159543,-1.67539216281152,0.896383288599804,0.605230732666598,1.16961181982565,0.379415917313108,-0.411206572944165,-1.77712162913446,0.390390974570306,-0.63758004676278,-0.660561928547651,-2.54769218180145,-0.816957764753582,-0.661157894568228,0.184540388470663,0.610041066580421,0.644908160525178,-0.0157963898848139,0.229758816259091,0.846165153770811,-2.21721090479224,2.38217239709017,5.35806744440559,2.79126329643455,-1.32638141493175,-0.268838192947564,4.49835123762392,-2.43660265923093,0.495124118470334,-1.58756446276847,1.48123769279572,0.317030591986616,0.326181779940005,-0.829355649305424,-0.183579969968878,-1.61735745172652,3.51570996488714,0.924504160867881,-0.543214110254265,-1.02399920236282,-1.65508502897343,1.04159210181537,2.09245808745267,-1.54030381003163,-1.47789090111881,0.23832385552903,-0.490794353129559,-1.14515551469967,0.495088894733026,0.579844348553355,1.36397378197092,-0.308446586730292,-0.160614599605298,-1.08165756288923,1.34965215254762,0.373408326945759,-2.21863217495126,-0.296393603154728
"CDKN1B",-0.689269173165241,0.206978456849706,-3.0741353095966,-3.65168093418536,1.28903526296143,5.83403673646366,-1.93859751660094,-1.88952891300797,-1.8132095149617,4.32250919988231,0.186710570924833,-0.217761029385064,-1.00058482663971,-3.24593486736348,-2.75284725840671,1.75874432273906,0.381660692925555,4.45576000263194,6.66335966298236,1.51832151673335,0.850383222176648,-4.43422310876993,-0.503528697235147,2.33056405197004,0.947268330043561,0.376639137256524,-2.04244302061681,-3.88040414497763,-3.75140843071545,1.95267723807498,-0.943753530737178,-1.48234979548525,1.38215560811177,-2.13546250987226,2.18849285293006,-1.83574846283486,-1.37991219814683,-1.20031704877891,0.0682722473181962,3.72928433894408,-3.0250278103926,1.54523636207109,-0.917130082045654,4.46308674150473,3.15750320060378,-0.458183577317631,-2.83227966679763,1.22234268112335,-0.799288567314746,0.87169854113995,-2.69091584259846,2.26983406981028,0.418503060650125,-0.253764878170776,5.72793371458532,1.40751889021416,-0.0973085033716241,0.0577919193606819,-0.484304106851593,-4.52376585141538,-1.37024619569436,0.584787971269303,-0.986018665277731,-2.9773129362547,-0.221790270201403,0.377426511665623,-2.03412727139061,0.267092626132948,-1.78358802237128,-1.02613485723602,0.895411803149158
"BPTF",0.226118081935506,1.52566689382713,7.15954919992463,0.856819533563672,-1.12685717096138,-1.182795028241,-0.208762865503558,-2.169232965921,8.28974900192407,1.1755198349387,0.741104077390138,-3.33895065646745,0.398259425702398,6.0564801096773,-1.50217185153128,-1.88026137923953,1.32002526817614,-0.956606654700614,-0.467265309203423,-1.69198924670102,-1.11701433319739,1.99328723702877,0.29222612070015,-1.76750489676652,-2.1268545358463,-1.28044795985089,1.12972271891146,3.33493776461669,-2.08344837059693,1.25875574252548,-1.63994571178281,-0.582306452623218,-0.527921720606706,-1.53699093850157,2.13443412272221,6.04106586224542,2.51262045995587,-1.5333234870532,0.722280137251602,1.4075103466396,2.0238464774831,1.31607362706088,-1.11630670268203,2.56827180396127,-1.2937955400719,1.54627819012664,0.293060420500937,2.34400289112733,-1.08583304012624,7.15812479004501,-0.682421747103363,-0.59106746252165,-3.19741761272465,-0.723308034443419,-0.186754796738577,2.91440870505838,-0.605847519547409,-2.63555421448958,0.173734734763125,2.07940256883607,-1.28210462550083,2.4046024955585,-1.6633167231009,1.08002976211775,-0.527697584696943,0.645942205505244,1.11412633448991,0.424063269389828,-0.537663493083498,-0.415315110063953,0.681420149839238
"ZNF93",-0.130431693991167,0.844210965396273,-0.128928119132947,-1.86367968888475,0.104471141271824,-1.3243072651468,-0.705181270906611,-1.23750109333449,-0.944476500212361,-0.208860431954324,1.40380051693745,-1.01890240025622,-0.685327252428268,-0.831764345953004,-1.46223138002402,0.469473681537605,2.23229007569663,0.108261991875375,2.2267144414486,-0.579082590480884,-0.742236893203442,-1.85880300764587,-0.383595684588488,-1.91057078334737,1.026140630627,-3.37888289531024,-0.509761531123121,-2.49045710297346,0.0380591640423598,-0.761690940628053,0.648407469496189,-0.656221452144214,3.56044809962951,2.14657469002189,-0.262101067878901,-1.42777736096847,0.233377519751677,-0.664664517830232,-0.683106727081214,1.45747286292239,1.4070523635511,1.72985899986013,1.16885153737055,0.677015197336462,-0.905240361695346,0.545805368901288,-0.751607040418537,-1.60155261118942,-4.04465892287659,0.0408684249575506,0.928060827571446,1.75554816761963,1.0641515445217,0.946376866348938,-1.15598139654446,0.665858037222173,1.63487247147954,-0.203565798278275,-1.6171776686267,0.490067441115421,-1.05425484849292,-0.870484409414687,0.580254249186692,-1.93658977887236,1.34755659015569,-0.0654625621990187,0.430945898295195,1.4963887498688,0.485058230679222,-0.582115410267433,-0.875409037406553
"ZIC2",-2.6938927166853,-1.85429460808744,-0.453125884637654,-1.32242614050864,-0.822085467562966,0.63648361239563,1.36376353256951,-0.372212495572468,-0.0532721483375749,-1.20094079850815,-2.59944118253428,0.818847014162548,1.49853699489718,-0.581278328399862,-0.0799257798662562,-0.808141113584995,-0.417605749787177,1.20065281765871,0.601511296399064,0.93398931651123,1.13146583711738,-0.128361871175541,-0.546400176500557,0.175024831991734,-1.56200007762569,-1.27054417522205,-0.823837202015391,0.0302946158132553,0.569462144515005,-1.66195229812956,-1.33676849094219,-0.405990740183621,0.888438973391155,1.56321337645779,-0.818074242861181,0.16525548474986,-0.104938293047413,0.693161731076827,1.37679093754795,2.18775767753529,-1.11787931281812,-1.02584179893218,0.39057367648345,0.701869431535583,1.95031700827144,-1.90904653716463,1.88890176527811,0.172247452662634,-1.23844311827624,-1.55345160671017,0.301274088891648,0.175727655041941,0.465510185815444,1.57900274029898,-0.0324007010646099,1.13321401349327,1.31222067467999,-0.891568767641591,-0.687329744507762,-2.67934981460347,0.381948009017983,-0.0175542249158456,-1.92492391847672,-0.133392486700319,-0.611233960598946,0.904781990954985,1.469014018705,1.31103054058961,-1.06168417890426,-1.05796201175878,2.05093247123107
"ZNF250",-1.36023872733124,-1.51876615353349,-1.21222483293908,1.11198756193732,-0.170713635569674,3.96212511799385,-0.819464213572804,-0.747612229287503,2.63664710060069,-1.38589740820553,2.83759125361728,-1.27002033163748,-1.157485981606,-1.25800522896418,-2.03123104541154,0.721193001256098,3.27990394045458,-0.0344544652994299,3.6804302620121,-0.368321629170025,-0.411936067365933,-1.88876055511417,1.46312054867015,-1.83291121959218,0.0919825457137007,2.04144747611906,2.11865494310233,0.698140571448157,0.0346074747029212,0.58542638144923,-0.979399753386673,3.51658727686737,0.164889901183911,3.99376817760612,1.31838422243457,1.10523276102945,5.22990672145435,-0.802433720922872,0.412985379799346,1.25778872978118,-2.02995512267759,1.03541528936529,-0.638544826366705,6.32546137171791,1.7007220906916,-0.9418734013496,-1.0368594693431,1.49435426334469,1.23478020052032,1.97330382375323,-1.08698734942473,2.51730427912324,-1.17483402802466,1.06040063246033,6.72662942268787,0.333522342195302,-1.23094519067531,-1.0866313282474,1.53404580365662,-0.34225980489825,-0.396764835659653,-1.5068288974853,-3.0852260065999,-2.4014633023828,-3.08405549033479,-0.304320087746396,-0.106433696579171,-0.431067439667207,-1.82051359744084,-0.867015879513739,3.01867801520878
"PBX4",-2.38727165055962,-1.82152522680038,-0.473710079006847,-0.124007080097357,0.891507941925831,-1.22266182381021,0.273647652904425,0.188678983826352,-2.56311403349933,1.12168451245115,-1.29811767519076,-0.248541822361178,0.76695120478799,0.116423632426928,-0.016099910302989,1.11186228248168,0.12405315641774,-1.02044151789407,0.798849986723019,0.937131663238931,1.78705476595745,0.205488995801472,-0.771461043042884,-2.72092356047747,2.58756098725259,0.157619482026781,-0.603582326922127,-0.716786322512954,-0.140115588281511,-0.440859853199359,0.54532257787901,-2.08621071620775,2.31461215943601,1.2010488946213,-0.909293623906451,-0.853382074830218,2.26530446605079,-0.47622000062499,-0.0772437880765511,3.62524267476123,0.717459294926413,0.600817778998507,1.38098753483472,0.390761185823512,-3.13194049118545,-0.0307612889793212,-0.319688002025222,-1.5420008219347,-0.799492097066487,0.836227810610501,0.67532568846831,1.01380105634306,2.17245004730574,0.571260346811158,-1.54713465077749,2.92785091544578,0.734908833947116,-3.77962509471935,-1.83472718996574,0.669146956407129,-0.441317729538008,0.790574641601676,-0.169348563451853,1.11803358381429,-1.04759339195747,-1.10749392408142,-0.144326700100939,2.09418414956751,1.6811688629289,-0.986230787489942,0.836888565134059
"ZNF675",-2.03598161758097,-1.62056461478652,-0.0966623289657128,-0.424177138441214,3.76618055107123,-0.372058285134757,0.453087187746355,1.16819985113932,0.292764400277561,-0.504294191560433,1.12128759308988,-0.105269372711569,2.05512391432198,-0.57387130064296,-0.408290839056527,0.746990899192014,2.85257850495545,0.739785354404207,0.452179122038187,3.3054616806155,-5.35227131052324,0.386382373804769,-0.426809933662709,-0.873782286890257,0.930253585987479,-0.710672839477329,-0.257860693073591,0.0779714757190601,-0.486000741093277,-2.54262576762926,-0.954141849425855,-0.31548611914806,3.01171375259575,-0.522510247772675,-0.546979429348635,-0.398390974100201,-0.541140573625051,0.25260873014818,0.842341634640194,-1.57789023186055,-0.544048651261085,0.703523424418858,1.63641089099982,0.97109367082844,-0.0885524490085474,-1.29362676042658,-2.20729603636345,1.3068707544731,-0.807428284485936,4.03140338557493,2.02564090827412,1.29275863835697,-0.85449137080351,-2.94562469925208,0.642676877891323,3.09372573434603,-0.122264966392977,-6.09345186235402,1.34390095480727,2.0586528761318,-5.07518988674699,0.578764829850281,-1.03156091705243,1.83511614330374,5.07080128926835,1.06110530345551,-0.782527172741556,0.54862442291978,-0.455636496910602,-1.84263588212929,0.536680033121187
"IRAK1",-5.19829723318288,-7.54430618525165,-0.0986782484000637,1.88279156509565,0.322147038081884,-3.50054945219976,-0.772706275374207,0.236613107918792,-0.546525606243711,-0.832924437545586,0.19689219629109,-1.10580052268509,3.52397370916187,-0.137582489815826,5.63560296708177,2.7269576803831,0.773570735086376,2.03288369674611,0.133130915466086,0.494602514029921,0.349314623988226,-0.45312303806741,-0.0043949671109581,-0.526222410081878,3.41756805998798,-5.85470481065774,-0.00741390901054658,-1.10744178025384,1.86038503572344,-0.169663744667088,-1.07901596296909,-1.48953033197033,-2.05567829015645,0.199456030483717,-1.19845364598517,-1.15503833566197,-0.83010246880621,1.47412635859145,0.418142461638296,-1.85437636502856,3.04855338977383,-0.438428209162971,1.52118031662578,-3.38732713582779,-0.784554704951193,-0.248283282755019,2.31042098389794,-2.91159818250287,-0.967028478475605,0.613788678336883,-2.46128932842871,3.94170611331813,-0.532900754185311,10.0360652265543,-3.36623537291581,3.03842610276572,0.859362059908649,-1.48534132015858,-6.71575517400884,1.24824405559139,-1.1667632768114,-0.528882395540115,-0.0027689296785316,-1.11657389254512,3.46781784052599,-8.04438933018886,3.45594320669516,4.22543186339416,1.2834185462781,1.00086241072058,2.13529218521138
"NOL11",-2.42387718564533,1.18667387242228,-0.843126970834207,-0.0707936057636292,-0.353652380744022,0.3138231978899,-1.29993699487852,0.858445983816567,6.70984260887867,-0.303955941188969,1.15809363845728,-0.790871980643122,0.909415756651245,-1.37256124667529,-0.266413687555811,-0.633742840384,0.644205452302835,-0.476681074476065,1.85905175732121,-0.973210538099535,-0.359199663841174,-0.731593854061834,-0.348438512638957,-2.72406185905298,-1.13479265886546,-1.1391683550956,0.655516533578231,4.83795755404747,2.28229103444334,-1.03172674264849,-0.723248278364167,-0.349842614592903,1.06278098245039,0.673737061926189,2.46552302516543,2.08400220263274,4.08093642087816,0.742929489472505,1.10537729326463,-1.02408059681038,4.00263585401696,3.38520068350083,0.763692001559767,-0.153531486718684,-1.95140439124127,-0.843409509829334,3.36702057118682,0.916975823141347,-0.32049954870353,4.02999086889821,12.0455821475547,-0.40306661507855,-0.983252286418507,0.511841397147305,-0.487711615906008,2.71538414404338,1.08009558259628,-1.88652394598075,-1.17806276542917,0.625255860539224,-0.892773795284511,-0.161775973346945,1.14031185431164,-0.309833987270662,0.571606616010186,1.08217610412484,-0.904181936816006,4.53615603511848,2.60199289682233,2.02190279541603,4.98547593919939
"ZNF793",2.44236523719363,5.96694744318357,-0.0219152081807448,0.504381181676037,1.36203795692861,2.63231018598834,-0.957760222205694,0.888283645521835,2.14953196415139,2.9135810621748,2.89067821482978,0.634765549189158,-1.80375702556797,-0.703927526815125,-0.579711129199734,-2.57271312184106,0.274646606101481,1.51466576504433,0.273832225834608,-1.36345876107636,-16.0727102008592,-0.585373211278678,0.0344959587816787,-2.50655131040109,0.408301163338724,4.05570670204787,3.52283226663646,1.3331630931113,-2.30286211028946,0.311478995666713,0.657458076747395,1.22259386351264,-0.577708888259927,-2.02504271845259,0.522039665633816,2.68288219062107,-0.586031540753859,-0.0962887962874768,0.336617552964123,2.63910212778316,-0.428890643879351,1.54320931835989,-0.0320735084372992,5.02292159537587,-0.625314916319686,-0.0290524087730217,-2.55943796970351,-0.342602081787479,-0.391614108590561,0.21352573677283,1.62516276008589,-1.00650968576269,0.122155863700384,-4.31479525084001,2.81915216817126,2.6593045525153,1.60773862318644,-0.185586553445598,1.2994264792479,0.902067079306712,-1.83934235323314,0.391213829884138,0.814533184801491,6.74369112596752,2.19043490436783,1.46822642381202,-2.97975029429589,1.07615259953958,0.701231163717073,0.213562067723892,0.101146666661505
"ZNF713",-1.33332887310405,-2.02244118422219,-2.56427035604171,-1.99353946867566,2.57197904449509,0.0568106012812636,0.294590044499017,1.73863631275521,-1.53939406390608,-0.110672082381715,2.65071342537967,3.59079668390442,-0.303055638133423,-1.58870421119711,-0.268228989334299,0.130309412929674,8.2835634253715,0.53869395347586,1.32820099452197,3.71766193153232,-2.13684015521094,-0.357429987822426,2.14642808927423,3.80448431572409,1.4605011294724,-0.0411038904206853,1.90741288992862,-3.05109599942736,-0.292822457275173,-0.800325406157807,-2.0318942438013,1.31610435942235,5.13281809817772,-0.368645270219518,-1.80625554617366,-0.978610191478809,-1.25112233030684,1.36619247887566,-1.02425402700828,2.02445024228043,-0.490306927381123,-1.7570545800313,0.539925515623262,0.98262921054102,1.97796136518319,-0.381140404959274,-3.33400418085323,3.37572208425224,-1.45831474050373,0.625561482060575,0.762174115380104,1.32811455542013,-0.531638280073986,-0.858737908273447,10.4302008211549,0.35842967019827,0.347865504958615,-0.102681211204208,0.0740991548595317,4.9402405968254,-2.34536024117909,-0.232611658379307,-1.14908820428306,-0.294882957374172,1.61883097399896,2.74665728781292,-1.60579582949628,1.99086807970794,-0.128753212490626,0.460559649817306,0.00535474604344185
"CAMK4",-3.34079176155216,-4.24287999324388,0.0814876380582461,-1.25857123949029,0.635813018268234,-3.76099835867656,0.501453979387486,0.520619550782384,-2.66177459176316,-4.52353803513429,-1.62829332708627,0.774514504815164,-0.110062512025747,0.592155692019408,2.99117273507041,1.45524018835069,-1.27372441618837,-1.95729722563465,-0.397800764370187,6.10425692572355,1.67935285977318,4.04686963832783,-0.659448318638998,-2.14493808957667,1.40065046548388,-2.97212532518214,-0.422073947771113,1.12293681282851,1.71388625638503,-0.515383789209522,4.08212540668721,-1.94567138271936,1.17454369440336,-1.04886829861076,-1.64108305156272,-1.27900702466676,-3.36592459499485,12.3048245522111,3.99071193028056,-2.90407685396661,3.75796055661203,-3.22762063145762,3.47287638187022,-0.882160331452167,-1.63356880837622,2.54162260451846,0.470377121676776,-1.8233528976484,-2.4491770348071,-1.21095154811465,-6.42387911076114,0.318258990949828,1.2464335633656,1.28069039839358,-1.96939749715897,-6.0764823805396,4.70905947367368,4.63766452251485,-1.59376213158097,-0.759831407459432,3.3485622629365,-0.62994819653779,3.35769936705683,0.829498483455185,1.25140556857324,-3.89706603762493,2.57258407130046,1.15164091975199,3.29888522191512,4.14788861382955,-0.672904591518951
"DLX4",0.33679495804147,-1.21509444423144,-0.66093875222479,0.39552960198078,0.0984010125629184,0.454006653900287,2.20155619135912,-0.959147742937085,1.23695883772301,1.02433077714912,2.19990985667079,-0.376315338085061,-0.624427577400626,-0.186340771759446,-0.718614171591331,1.33656395994656,2.07072485411207,1.06515052254971,1.06148477510243,0.307191393145056,-1.04705590560117,1.98746082215981,0.35318027601074,-0.534775585530893,-0.892291382630792,-0.0523703919813545,-0.940188051409538,-1.27519100066248,-0.0873193617835119,0.17849112867654,0.175388522912266,-1.30535673304331,1.28953525721682,-1.68663341953683,0.045920653462588,0.395469959896955,-0.295167972757,-0.568186354773502,2.24175702473738,0.531338530948098,-0.710890888546669,1.81940708135541,-1.47580486769685,-0.101096372837986,-0.475759837460978,0.342495937739441,1.96791006244594,-1.61537222707408,-1.72425055181563,1.49955121471169,-0.638146244899952,2.32819293971996,-0.333631152610539,-0.170231098012032,-0.398065739132027,-0.871285432237877,-0.367405255933421,-0.600789637842324,0.3786929269248,0.854751396237969,-0.637545489059176,0.310804087031516,-0.86645880304362,-0.678180943155287,0.577083092171356,-0.014910290882324,-0.787447185315929,-0.218071418138332,-1.65638701208932,-0.275249852604343,1.22991727718186
"ZNF692",2.74513277327104,1.25265786612606,2.55039356680841,0.618887654964824,-3.80124065748182,2.93733729440286,-1.72175229651555,-3.5767007947438,0.709599650029048,1.49394397037782,0.245955794134977,-1.67366037036623,-2.48463811383856,1.40001757401898,-6.21839791088518,-1.6957752161436,0.858366372032367,2.12423132315282,0.874976034040962,-5.3827133829969,-3.12317407813209,-0.751121284244589,3.19453252110717,-0.0164104714498872,-3.01907066840197,0.865999713491186,1.45177005280742,-0.281483906880689,-2.43085561866637,1.09081103125758,-0.146595810712946,3.14531915696971,-1.1011816458763,-1.52378449417701,2.48708997154264,3.08268505287022,0.159598569881068,-0.312833107624029,0.0456963613372985,2.34759032357046,-2.02187398118163,0.266710903952814,-3.81465215878923,3.11959517525211,1.99443087372433,2.84114298228255,-0.863837364332749,0.802234410451856,1.68859616687938,1.82110419505255,-0.573970043508338,-1.08839712077818,-1.64362727261726,-5.66272626536461,5.4064047327465,1.36634612867661,0.32570399876514,3.65474662295165,1.64322771586011,-6.70527037162521,1.11060436540493,-1.96176877321905,-0.237248592717734,-4.99610315554048,-2.63502028876873,2.96916031616531,-6.00014188265791,0.108980969319877,-2.55805634304963,-1.90304520961142,1.38349158724004
"ZNF419",1.97993843336645,1.25898923925268,-0.324194331932019,-0.888319317181409,1.82954019958425,3.42348128625229,-1.6001796993527,0.198009701600489,-1.53624595815752,-0.712710198726334,4.46245962319709,0.24601667542606,-4.69320143330554,-1.25666039919042,-1.27416968890737,-0.139417613143312,2.14179461218138,1.08296607006718,0.11761605447299,-0.956802295323101,-8.05748653224393,-2.1248479974577,-0.173895486562499,-2.02554685529426,0.46980648331075,1.13849551428099,0.202995947209128,0.650535590314954,-1.26828144039208,1.04841294246684,-0.962847905832511,-0.379145873087677,-0.00255160344685416,-0.656622281664112,1.00148184392683,-0.675573820853117,-3.39225819161362,-1.18424844159539,-3.92312610034119,0.932089715715159,-1.2694817516924,-0.13696115698313,-0.93296091068078,3.57995140572166,0.280735591774132,-1.05105355615538,-2.85435648329464,-1.28540401961393,1.45976825531554,-0.699767374973407,0.696103793114614,-3.49054644249001,-0.150842043399679,-7.89568195561576,3.18332184519526,2.77187376689829,0.838610491190563,6.38396236302195,0.367221978091902,4.08286525919879,-1.12706346947943,2.61573120587554,-0.348565781703548,1.75582561730345,3.89231614303048,2.3629904196676,-4.21911317963252,1.80326260763946,-0.231726965980756,-1.36728863618325,0.995221422211404
"TFCP2",-1.70011443764298,-5.69171841737085,-2.36058840065882,-1.45139719023064,1.17358262392652,0.505811663980839,0.34662184880005,-0.0474392340321512,0.162080308318042,1.08642943781617,-1.28976626346194,1.95500144677654,-0.275824607493223,-2.2982231953327,2.43877183272595,1.33517173899095,0.191452632716627,1.76600265549131,1.16455114992371,2.39921484064099,-3.12857708206598,1.06955907726237,0.646067046537192,0.889303874586135,-1.69253407838588,1.34945143573113,-0.293237455670201,-1.65533304806566,-0.721448420266295,-1.13241524526079,-4.51871461175987,-1.63711701502942,2.20818293534964,0.117184419037087,-1.05308342613947,-0.230342510534351,-3.01938980277736,1.95370452028443,-0.506357840500838,4.50148372269792,-2.12741038495905,2.08023634119233,1.73459361130236,-0.338239896736862,1.07359339379406,-1.12978180362921,-0.687080446920185,1.52213751598166,-0.310506623438141,1.17397132021949,0.32142094152007,1.08842453006807,-0.0200846205837804,-0.396866742962152,2.6356552455165,-3.45343474637488,0.399480534905648,-0.115356427561508,0.605856071664196,0.496033973925766,1.07954546133235,-1.2026092713668,-0.745371745004009,-0.373919461051327,-0.227105132995469,-1.1337715677097,0.0936357028810786,0.000374714401666229,0.347506855253725,1.0706971138489,0.124763598020202
"RBFOX2",-4.07446352896946,-1.33408237628353,0.31611119771789,-1.63572925899785,2.27635856319613,-5.21315865138761,2.01219351997574,0.145770933532258,-5.77145051333117,-3.82744315997961,-3.83563243355861,1.31580395202877,-1.102426291852,0.337748643039942,2.01750627455548,3.77060885581572,-0.367676767834829,0.120676964771213,-1.1071530665668,2.2451882860952,4.79000678034401,2.71939003259833,-0.477190529718461,-1.32883253745902,4.65250088170453,-2.81323958995119,-3.68057054068402,0.554021581698865,1.89515071025247,-1.8919224076059,3.26381871329536,-1.69401479318578,6.49560452447575,2.74527642529985,-3.89648516617113,-3.10419873910469,-3.61266732009068,0.595846616293328,2.4652974372507,-1.63687956940933,3.07653918949675,-3.98593150112114,1.05822080083586,-1.49620136681135,-0.524547953707723,-1.62420819083184,2.77929121462535,-1.44853553528619,-2.37125110317906,-3.38190769317812,-5.10670908122738,-0.194379865075016,1.13425850510781,3.4674374831244,-1.70040356622308,-1.64170799668275,0.62692850354427,0.659663658875479,-1.31177024311734,-0.602977709492206,-1.19312067741412,-4.85571779428487,2.8871580955194,1.99546978898965,2.42417877778626,-4.18323584647322,2.68974642715072,-1.18835241471735,3.68256144989324,2.21797949653847,-1.85780744965072
"ZNF503",0.677317510442042,-0.14683557611705,-0.29607622939855,-0.144741980761323,2.37975899288391,2.83077100113699,0.324947133414646,-2.35822299943266,1.6838478971888,1.09087978991585,-0.469310015181995,-1.07705492133481,-0.330378652243623,-0.0860072749769282,0.0794439454824349,-2.25714290449827,1.4656547295207,1.19886673045767,0.864489603170952,-0.974142235385759,3.6674374409464,-0.590567561470299,-0.297641873256045,-0.832670438694512,-1.23528991407661,0.857250756756463,-1.0234214045357,-1.47728928706277,0.359867047106798,-1.83829987411763,-0.528977828380095,0.561268226867335,0.438545308081148,2.04599760677342,1.57822018237667,0.100736220428761,-0.373597698559242,-1.80359296163404,-0.439675857467807,1.66683471853299,0.0501404884597445,0.271573966081662,0.585057516316215,0.837726150705246,0.0391491638869416,-0.713398119385335,1.15494144096107,2.35576658177266,2.51145367941066,-2.3323182981598,-0.0958393783495649,2.28431011881869,-0.593735546862014,-0.4665353461766,1.39185850355597,0.213716760558074,-0.963500629081695,1.7546413784261,-0.117498134867425,-1.01802603354998,0.568178629257316,0.592512944138736,-0.851241303502338,0.693544881645849,-1.03044848568372,0.449819498295178,2.73072812722011,-0.301775266426724,0.561482595035308,-0.5134912888397,-0.460625325169149
"HIVEP2",-1.3215872484818,-2.23394875745473,0.652224681813869,0.718822197792639,2.7737089804666,-5.10452209149127,2.15469388421516,4.40697890883505,-1.39067481424898,-6.44448808663495,-0.770868925852175,3.11080596508753,2.5269332874434,1.31412212132692,1.48127593240881,2.46215487212021,2.54906929869703,0.641615520462753,2.59169026222588,12.7004431580271,3.11049446225922,1.69939504516092,-0.55199893334156,-1.12642648542626,5.32912334602476,-3.33236895628249,0.347443769890897,0.939174749210078,1.28909538010097,-2.12110765163998,1.31334631965238,-2.91829483622661,2.58564005353003,3.52420478772773,-0.729586943325415,-0.528193893573671,-4.41888158563127,1.42283589629602,1.54668473236352,0.0824396090261434,4.09974398919631,-8.08784896412711,2.38275767029491,-2.02957658200971,1.66755011655878,0.75209993226338,9.93890794576084,-7.4132731067924,-2.42411079135945,-0.654871119840828,-1.15874028741023,2.94435054886977,3.45923356143439,4.72735682180843,-1.16515039698042,-2.50925059397742,0.0730598102387402,-0.674658969388955,-2.08395255873959,2.87906307677299,6.85950492632726,-1.27070132155112,1.63696186086337,2.45736279968651,3.821293760238,-3.8611189651093,3.00857898896211,0.093045337229137,1.50852767980934,0.786574095686024,-5.25198505836506
"LHX6",0.132786165598309,-1.53477004781474,-1.0271771719824,1.11501264197246,1.12759564962557,0.109102807528851,-0.000294132347843711,0.148403093541768,1.3700223474969,0.859999221277629,-0.505563822188656,0.361078042746126,0.69903591613604,-0.0525948428376259,1.07345399289153,0.795560502706815,0.493574415789587,-1.1566239718003,-0.307790164199603,1.24128282891706,-0.0746435076027255,1.44959650167794,-0.846819289293362,0.158291486367449,0.580574902214494,0.838327174221464,-1.35400248050769,2.55299035537117,0.527090162881815,-0.502609424706265,0.151293788355803,-2.86059839035343,-0.0547133445574467,1.90955743847458,0.254378651309661,0.0465662050205599,-0.660121073878669,0.924030783828761,2.70050451077571,-2.929064295858,0.192741923854254,-0.137976819467214,0.575336693286223,-0.297422673344716,-2.17564456345166,-0.182703093255126,0.0285836600821383,-0.927014290876477,0.609300988924629,-1.51392630395794,-6.67154567833511,1.46712198042549,-0.575059823091564,0.187403060472976,-0.957516396153855,1.30904387887172,1.84123871318056,-0.360109236453271,-2.49410291874975,0.133807693583921,-0.820714676666813,0.0702598895737996,0.685356492227395,0.922671857537813,-0.572771289173351,-3.44107230420835,-0.00306212176108543,0.808525959816028,0.442536656904533,1.57658740066501,-0.600300074455532
"ZNF613",1.00332128232221,0.0952397842069598,0.244093231409322,0.282907990312087,-0.935695521545265,1.27580159873302,-1.01197648991835,-1.60965481399373,-0.312893230250641,2.56869067092116,1.71889900484291,-2.95477031899609,-1.52619083695115,0.0988722996641432,-2.13057126608501,0.132450404297148,0.628109231047516,-0.25126451274666,-0.182562510206579,-1.92683581821829,-0.10908542218301,-0.362614893218811,1.00773188034239,-1.02160583105976,-0.008089796804099,0.62093126502976,0.968044224152453,1.32365296496727,-0.305952644978551,-0.676992671820549,-1.16567466853246,2.09965905643874,1.12663603107826,-0.326384295110671,1.86700643286439,3.16075071155736,1.27577421276132,-0.588838992978554,0.358740482291231,1.4409287666007,-0.761756304702682,2.08040532018645,-1.1702183432537,2.97755667457629,1.37694103255577,0.0604906824554048,-0.91614380478476,0.901124225781356,0.196040297856447,2.60810883169447,0.253682960021094,-0.0538587417691619,-2.56380021241578,0.597064936356418,-1.05006756794091,0.64858578763784,0.137401810571974,1.04808184291459,0.640965772761167,1.2069705658317,-2.19929185670501,2.35389578236626,-1.21705420933469,-3.41287875388831,-1.14413176053174,1.05379479796265,-0.60807211144843,1.22402738709094,-0.616362967588667,-0.516076775261421,-1.52503106170304
"ZNF177",0.936809281993476,0.759706750437771,-0.670153978126766,-0.791115196315553,2.51279888504738,-0.413167829975417,4.23796938909292,1.12296905140945,1.45186542318599,-1.29755405766638,0.424515594113977,0.506129443029938,-0.262270996140422,-0.37509747521949,-1.19375745396049,0.988968140780723,2.86782988959699,-0.925854717525241,0.768764489076177,0.516835929128741,-0.369474239138661,0.150608613303711,0.656542473101349,-1.11865614914466,1.45090654926861,-1.24317225822581,0.460457967298797,1.41659678864165,1.20021601986547,0.777595948022565,-1.89631376434659,0.700619368806961,-0.0348570650887623,1.44647399127855,-0.0764546034605261,1.06854068479774,-1.43518859302845,-1.08853024894512,-0.631051074563181,0.867065498203918,-2.66606476243714,-0.0285075614484496,0.920851086025141,-0.361939706983955,2.28356232104909,-1.08188647144006,0.344387105240733,-0.804431757500602,0.290462367304611,0.227346531729769,-5.33326423031283,1.89998192430489,0.481281272169613,-0.0277097928133206,1.81236230435291,-0.858423611652948,-1.26140732828041,0.704889708453319,0.39526338949569,1.17265019692267,-2.85331358428496,-0.392472166521681,-0.492176936826498,0.806607937657651,1.15436136034233,2.32934341449105,0.208751452426073,-0.848610013696783,-1.34688392118004,-3.80561696151706,-2.32841977302134
"PEG3",0.651277387620516,1.12355922529989,-4.13474870673662,-0.153847230764348,-0.958613518610067,-0.461336175536982,-0.118167960951151,0.32639096119469,2.41415051076678,-0.875706981817241,0.473773726089748,-0.128004145485789,-0.411398738533761,-1.88959457281972,0.796985669911582,2.31095533496785,-0.33144601985278,1.27527407388727,-2.2732677009772,-1.56803546541307,0.821248272495422,0.479785018454298,-3.73107558662175,-3.48104932826804,-0.158554634542402,0.20045028075457,-2.37730707233144,-4.9044494557633,4.08033518774167,0.723635582750875,0.560240232878993,-0.558716168439726,0.164686395103443,1.12430981268166,1.44257865053525,0.973271345163221,0.518095977004741,-0.464814217038123,-0.335246636595935,0.00784146207508637,0.383862003921563,1.49210748763152,1.95745856555358,-2.44799888565958,-2.63708120597709,0.107440599125153,0.368919295534228,0.848860400677671,-1.41932515377132,1.03772678442203,0.401657289546742,-0.622395715402746,0.327156394274858,0.281876425263108,-1.67428091592435,-0.122712769029916,-0.466840209567343,-2.08012010026091,-2.38958610640767,-0.220000347013802,-0.235070914356373,-0.528346001259018,1.17664840228668,0.150373760600841,0.671853338979874,-0.947837118378098,0.782061926183046,-0.498851456361789,0.973536363544073,1.4921276395485,0.752115688650572
